Command line invocation:
    /Applications/Xcode.app/Contents/Developer/usr/bin/xcodebuild -project AudiobookPlayer.xcodeproj -scheme AudiobookPlayer -destination "platform=iOS Simulator,name=iPhone 17" clean build

Resolve Package Graph


Resolved source packages:
  ZIPFoundation: https://github.com/weichsel/ZIPFoundation.git @ 0.9.20
  GRDB: https://github.com/groue/GRDB.swift.git @ 7.8.0

CreateBuildRequest

SendProjectDescription

CreateBuildOperation

** CLEAN SUCCEEDED **

ComputePackagePrebuildTargetDependencyGraph

Prepare packages

CreateBuildRequest

SendProjectDescription

CreateBuildOperation

ComputeTargetDependencyGraph
note: Building targets in dependency order
note: Target dependency graph (8 targets)
    Target 'AudiobookPlayer' in project 'AudiobookPlayer'
        ➜ Explicit dependency on target 'GRDB' in project 'GRDB'
        ➜ Explicit dependency on target 'ZIPFoundation' in project 'ZIPFoundation'
    Target 'ZIPFoundation' in project 'ZIPFoundation'
        ➜ Explicit dependency on target 'ZIPFoundation' in project 'ZIPFoundation'
        ➜ Explicit dependency on target 'ZIPFoundation_ZIPFoundation' in project 'ZIPFoundation'
    Target 'ZIPFoundation' in project 'ZIPFoundation'
        ➜ Explicit dependency on target 'ZIPFoundation_ZIPFoundation' in project 'ZIPFoundation'
    Target 'ZIPFoundation_ZIPFoundation' in project 'ZIPFoundation' (no dependencies)
    Target 'GRDB' in project 'GRDB'
        ➜ Explicit dependency on target 'GRDB' in project 'GRDB'
        ➜ Explicit dependency on target 'GRDB_GRDB' in project 'GRDB'
    Target 'GRDB' in project 'GRDB'
        ➜ Explicit dependency on target 'GRDB_GRDB' in project 'GRDB'
        ➜ Explicit dependency on target 'GRDBSQLite' in project 'GRDB'
    Target 'GRDBSQLite' in project 'GRDB' (no dependencies)
    Target 'GRDB_GRDB' in project 'GRDB' (no dependencies)

GatherProvisioningInputs

CreateBuildDescription

ExecuteExternalTool /Applications/Xcode.app/Contents/Developer/Toolchains/XcodeDefault.xctoolchain/usr/bin/clang -v -E -dM -isysroot /Applications/Xcode.app/Contents/Developer/Platforms/iPhoneSimulator.platform/Developer/SDKs/iPhoneSimulator26.0.sdk -x c -c /dev/null

ExecuteExternalTool /Applications/Xcode.app/Contents/Developer/Toolchains/XcodeDefault.xctoolchain/usr/bin/swiftc --version

ExecuteExternalTool /Applications/Xcode.app/Contents/Developer/usr/bin/xcstringstool compile --dry-run --output-directory /Users/senaca/Library/Developer/Xcode/DerivedData/AudiobookPlayer-aqutoaiklelvyvayxmjgbonardxy/Build/Intermediates.noindex/AudiobookPlayer.build/Debug-iphonesimulator/AudiobookPlayer.build /Users/senaca/projects/audiobook-player/AudiobookPlayer/Localizable.xcstrings

ExecuteExternalTool /Applications/Xcode.app/Contents/Developer/usr/bin/actool --print-asset-tag-combinations --output-format xml1 /Users/senaca/projects/audiobook-player/AudiobookPlayer/Assets.xcassets /Users/senaca/projects/audiobook-player/AudiobookPlayer/Preview Content/Preview Assets.xcassets

ExecuteExternalTool /Applications/Xcode.app/Contents/Developer/usr/bin/actool --version --output-format xml1

ExecuteExternalTool /Applications/Xcode.app/Contents/Developer/Toolchains/XcodeDefault.xctoolchain/usr/bin/ld -version_details

ReadFileContents /Applications/Xcode.app/Contents/Developer/Toolchains/XcodeDefault.xctoolchain/usr/share/docc/features.json

Build description signature: 75cfc9cd47a6c402b3832a3701783cc6
Build description path: /Users/senaca/Library/Developer/Xcode/DerivedData/AudiobookPlayer-aqutoaiklelvyvayxmjgbonardxy/Build/Intermediates.noindex/XCBuildData/75cfc9cd47a6c402b3832a3701783cc6.xcbuilddata
ClangStatCache /Applications/Xcode.app/Contents/Developer/Toolchains/XcodeDefault.xctoolchain/usr/bin/clang-stat-cache /Applications/Xcode.app/Contents/Developer/Platforms/iPhoneSimulator.platform/Developer/SDKs/iPhoneSimulator26.0.sdk /Users/senaca/Library/Developer/Xcode/DerivedData/SDKStatCaches.noindex/iphonesimulator26.0-23A339-26257891a6c027eb51374368541b8346.sdkstatcache
    cd /Users/senaca/projects/audiobook-player/AudiobookPlayer.xcodeproj
    /Applications/Xcode.app/Contents/Developer/Toolchains/XcodeDefault.xctoolchain/usr/bin/clang-stat-cache /Applications/Xcode.app/Contents/Developer/Platforms/iPhoneSimulator.platform/Developer/SDKs/iPhoneSimulator26.0.sdk -o /Users/senaca/Library/Developer/Xcode/DerivedData/SDKStatCaches.noindex/iphonesimulator26.0-23A339-26257891a6c027eb51374368541b8346.sdkstatcache

CreateBuildDirectory /Users/senaca/Library/Developer/Xcode/DerivedData/AudiobookPlayer-aqutoaiklelvyvayxmjgbonardxy/Build/Products
    cd /Users/senaca/projects/audiobook-player/AudiobookPlayer.xcodeproj
    builtin-create-build-directory /Users/senaca/Library/Developer/Xcode/DerivedData/AudiobookPlayer-aqutoaiklelvyvayxmjgbonardxy/Build/Products

CreateBuildDirectory /Users/senaca/Library/Developer/Xcode/DerivedData/AudiobookPlayer-aqutoaiklelvyvayxmjgbonardxy/Build/Intermediates.noindex
    cd /Users/senaca/projects/audiobook-player/AudiobookPlayer.xcodeproj
    builtin-create-build-directory /Users/senaca/Library/Developer/Xcode/DerivedData/AudiobookPlayer-aqutoaiklelvyvayxmjgbonardxy/Build/Intermediates.noindex

CreateBuildDirectory /Users/senaca/Library/Developer/Xcode/DerivedData/AudiobookPlayer-aqutoaiklelvyvayxmjgbonardxy/Build/Products/Debug-iphonesimulator
    cd /Users/senaca/projects/audiobook-player/AudiobookPlayer.xcodeproj
    builtin-create-build-directory /Users/senaca/Library/Developer/Xcode/DerivedData/AudiobookPlayer-aqutoaiklelvyvayxmjgbonardxy/Build/Products/Debug-iphonesimulator

CreateBuildDirectory /Users/senaca/Library/Developer/Xcode/DerivedData/AudiobookPlayer-aqutoaiklelvyvayxmjgbonardxy/Build/Intermediates.noindex/SwiftExplicitPrecompiledModules
    cd /Users/senaca/projects/audiobook-player/AudiobookPlayer.xcodeproj
    builtin-create-build-directory /Users/senaca/Library/Developer/Xcode/DerivedData/AudiobookPlayer-aqutoaiklelvyvayxmjgbonardxy/Build/Intermediates.noindex/SwiftExplicitPrecompiledModules

CreateBuildDirectory /Users/senaca/Library/Developer/Xcode/DerivedData/AudiobookPlayer-aqutoaiklelvyvayxmjgbonardxy/Build/Intermediates.noindex/ExplicitPrecompiledModules
    cd /Users/senaca/projects/audiobook-player/AudiobookPlayer.xcodeproj
    builtin-create-build-directory /Users/senaca/Library/Developer/Xcode/DerivedData/AudiobookPlayer-aqutoaiklelvyvayxmjgbonardxy/Build/Intermediates.noindex/ExplicitPrecompiledModules

WriteAuxiliaryFile /Users/senaca/Library/Developer/Xcode/DerivedData/AudiobookPlayer-aqutoaiklelvyvayxmjgbonardxy/Build/Intermediates.noindex/AudiobookPlayer.build/Debug-iphonesimulator/AudiobookPlayer-3becd422f5afba93f909cc0a8699f441-VFS-iphonesimulator/all-product-headers.yaml
    cd /Users/senaca/projects/audiobook-player/AudiobookPlayer.xcodeproj
    write-file /Users/senaca/Library/Developer/Xcode/DerivedData/AudiobookPlayer-aqutoaiklelvyvayxmjgbonardxy/Build/Intermediates.noindex/AudiobookPlayer.build/Debug-iphonesimulator/AudiobookPlayer-3becd422f5afba93f909cc0a8699f441-VFS-iphonesimulator/all-product-headers.yaml

CreateBuildDirectory /Users/senaca/Library/Developer/Xcode/DerivedData/AudiobookPlayer-aqutoaiklelvyvayxmjgbonardxy/Build/Intermediates.noindex/EagerLinkingTBDs/Debug-iphonesimulator
    cd /Users/senaca/projects/audiobook-player/AudiobookPlayer.xcodeproj
    builtin-create-build-directory /Users/senaca/Library/Developer/Xcode/DerivedData/AudiobookPlayer-aqutoaiklelvyvayxmjgbonardxy/Build/Intermediates.noindex/EagerLinkingTBDs/Debug-iphonesimulator

CreateBuildDirectory /Users/senaca/Library/Developer/Xcode/DerivedData/AudiobookPlayer-aqutoaiklelvyvayxmjgbonardxy/Build/Products/Debug-iphonesimulator/PackageFrameworks
    cd /Users/senaca/projects/audiobook-player/AudiobookPlayer.xcodeproj
    builtin-create-build-directory /Users/senaca/Library/Developer/Xcode/DerivedData/AudiobookPlayer-aqutoaiklelvyvayxmjgbonardxy/Build/Products/Debug-iphonesimulator/PackageFrameworks

WriteAuxiliaryFile /Users/senaca/Library/Developer/Xcode/DerivedData/AudiobookPlayer-aqutoaiklelvyvayxmjgbonardxy/Build/Intermediates.noindex/AudiobookPlayer.build/Debug-iphonesimulator/AudiobookPlayer.build/Objects-normal/arm64/AudiobookPlayer_const_extract_protocols.json (in target 'AudiobookPlayer' from project 'AudiobookPlayer')
    cd /Users/senaca/projects/audiobook-player
    write-file /Users/senaca/Library/Developer/Xcode/DerivedData/AudiobookPlayer-aqutoaiklelvyvayxmjgbonardxy/Build/Intermediates.noindex/AudiobookPlayer.build/Debug-iphonesimulator/AudiobookPlayer.build/Objects-normal/arm64/AudiobookPlayer_const_extract_protocols.json

WriteAuxiliaryFile /Users/senaca/Library/Developer/Xcode/DerivedData/AudiobookPlayer-aqutoaiklelvyvayxmjgbonardxy/Build/Intermediates.noindex/AudiobookPlayer.build/Debug-iphonesimulator/AudiobookPlayer.build/Objects-normal/arm64/HappyBear.LinkFileList (in target 'AudiobookPlayer' from project 'AudiobookPlayer')
    cd /Users/senaca/projects/audiobook-player
    write-file /Users/senaca/Library/Developer/Xcode/DerivedData/AudiobookPlayer-aqutoaiklelvyvayxmjgbonardxy/Build/Intermediates.noindex/AudiobookPlayer.build/Debug-iphonesimulator/AudiobookPlayer.build/Objects-normal/arm64/HappyBear.LinkFileList

WriteAuxiliaryFile /Users/senaca/Library/Developer/Xcode/DerivedData/AudiobookPlayer-aqutoaiklelvyvayxmjgbonardxy/Build/Intermediates.noindex/AudiobookPlayer.build/Debug-iphonesimulator/AudiobookPlayer.build/Objects-normal/arm64/HappyBear.SwiftFileList (in target 'AudiobookPlayer' from project 'AudiobookPlayer')
    cd /Users/senaca/projects/audiobook-player
    write-file /Users/senaca/Library/Developer/Xcode/DerivedData/AudiobookPlayer-aqutoaiklelvyvayxmjgbonardxy/Build/Intermediates.noindex/AudiobookPlayer.build/Debug-iphonesimulator/AudiobookPlayer.build/Objects-normal/arm64/HappyBear.SwiftFileList

WriteAuxiliaryFile /Users/senaca/Library/Developer/Xcode/DerivedData/AudiobookPlayer-aqutoaiklelvyvayxmjgbonardxy/Build/Intermediates.noindex/AudiobookPlayer.build/Debug-iphonesimulator/AudiobookPlayer.build/Objects-normal/arm64/HappyBear.SwiftConstValuesFileList (in target 'AudiobookPlayer' from project 'AudiobookPlayer')
    cd /Users/senaca/projects/audiobook-player
    write-file /Users/senaca/Library/Developer/Xcode/DerivedData/AudiobookPlayer-aqutoaiklelvyvayxmjgbonardxy/Build/Intermediates.noindex/AudiobookPlayer.build/Debug-iphonesimulator/AudiobookPlayer.build/Objects-normal/arm64/HappyBear.SwiftConstValuesFileList

WriteAuxiliaryFile /Users/senaca/Library/Developer/Xcode/DerivedData/AudiobookPlayer-aqutoaiklelvyvayxmjgbonardxy/Build/Intermediates.noindex/AudiobookPlayer.build/Debug-iphonesimulator/AudiobookPlayer.build/Objects-normal/arm64/AudiobookPlayer-OutputFileMap.json (in target 'AudiobookPlayer' from project 'AudiobookPlayer')
    cd /Users/senaca/projects/audiobook-player
    write-file /Users/senaca/Library/Developer/Xcode/DerivedData/AudiobookPlayer-aqutoaiklelvyvayxmjgbonardxy/Build/Intermediates.noindex/AudiobookPlayer.build/Debug-iphonesimulator/AudiobookPlayer.build/Objects-normal/arm64/AudiobookPlayer-OutputFileMap.json

WriteAuxiliaryFile /Users/senaca/Library/Developer/Xcode/DerivedData/AudiobookPlayer-aqutoaiklelvyvayxmjgbonardxy/Build/Intermediates.noindex/AudiobookPlayer.build/Debug-iphonesimulator/AudiobookPlayer.build/HappyBear.hmap (in target 'AudiobookPlayer' from project 'AudiobookPlayer')
    cd /Users/senaca/projects/audiobook-player
    write-file /Users/senaca/Library/Developer/Xcode/DerivedData/AudiobookPlayer-aqutoaiklelvyvayxmjgbonardxy/Build/Intermediates.noindex/AudiobookPlayer.build/Debug-iphonesimulator/AudiobookPlayer.build/HappyBear.hmap

WriteAuxiliaryFile /Users/senaca/Library/Developer/Xcode/DerivedData/AudiobookPlayer-aqutoaiklelvyvayxmjgbonardxy/Build/Intermediates.noindex/GRDB.build/Debug-iphonesimulator/GRDB.build/Objects-normal/arm64/GRDB_const_extract_protocols.json (in target 'GRDB' from project 'GRDB')
    cd /Users/senaca/Library/Developer/Xcode/DerivedData/AudiobookPlayer-aqutoaiklelvyvayxmjgbonardxy/SourcePackages/checkouts/GRDB.swift
    write-file /Users/senaca/Library/Developer/Xcode/DerivedData/AudiobookPlayer-aqutoaiklelvyvayxmjgbonardxy/Build/Intermediates.noindex/GRDB.build/Debug-iphonesimulator/GRDB.build/Objects-normal/arm64/GRDB_const_extract_protocols.json

WriteAuxiliaryFile /Users/senaca/Library/Developer/Xcode/DerivedData/AudiobookPlayer-aqutoaiklelvyvayxmjgbonardxy/Build/Intermediates.noindex/ZIPFoundation.build/Debug-iphonesimulator/ZIPFoundation_ZIPFoundation.build/ZIPFoundation_ZIPFoundation.DependencyMetadataFileList (in target 'ZIPFoundation_ZIPFoundation' from project 'ZIPFoundation')
    cd /Users/senaca/Library/Developer/Xcode/DerivedData/AudiobookPlayer-aqutoaiklelvyvayxmjgbonardxy/SourcePackages/checkouts/ZIPFoundation
    write-file /Users/senaca/Library/Developer/Xcode/DerivedData/AudiobookPlayer-aqutoaiklelvyvayxmjgbonardxy/Build/Intermediates.noindex/ZIPFoundation.build/Debug-iphonesimulator/ZIPFoundation_ZIPFoundation.build/ZIPFoundation_ZIPFoundation.DependencyMetadataFileList

WriteAuxiliaryFile /Users/senaca/Library/Developer/Xcode/DerivedData/AudiobookPlayer-aqutoaiklelvyvayxmjgbonardxy/Build/Intermediates.noindex/ZIPFoundation.build/Debug-iphonesimulator/ZIPFoundation_ZIPFoundation.build/ZIPFoundation_ZIPFoundation.DependencyStaticMetadataFileList (in target 'ZIPFoundation_ZIPFoundation' from project 'ZIPFoundation')
    cd /Users/senaca/Library/Developer/Xcode/DerivedData/AudiobookPlayer-aqutoaiklelvyvayxmjgbonardxy/SourcePackages/checkouts/ZIPFoundation
    write-file /Users/senaca/Library/Developer/Xcode/DerivedData/AudiobookPlayer-aqutoaiklelvyvayxmjgbonardxy/Build/Intermediates.noindex/ZIPFoundation.build/Debug-iphonesimulator/ZIPFoundation_ZIPFoundation.build/ZIPFoundation_ZIPFoundation.DependencyStaticMetadataFileList

WriteAuxiliaryFile /Users/senaca/Library/Developer/Xcode/DerivedData/AudiobookPlayer-aqutoaiklelvyvayxmjgbonardxy/Build/Intermediates.noindex/ZIPFoundation.build/Debug-iphonesimulator/ZIPFoundation_ZIPFoundation.build/empty-ZIPFoundation_ZIPFoundation.plist (in target 'ZIPFoundation_ZIPFoundation' from project 'ZIPFoundation')
    cd /Users/senaca/Library/Developer/Xcode/DerivedData/AudiobookPlayer-aqutoaiklelvyvayxmjgbonardxy/SourcePackages/checkouts/ZIPFoundation
    write-file /Users/senaca/Library/Developer/Xcode/DerivedData/AudiobookPlayer-aqutoaiklelvyvayxmjgbonardxy/Build/Intermediates.noindex/ZIPFoundation.build/Debug-iphonesimulator/ZIPFoundation_ZIPFoundation.build/empty-ZIPFoundation_ZIPFoundation.plist

WriteAuxiliaryFile /Users/senaca/Library/Developer/Xcode/DerivedData/AudiobookPlayer-aqutoaiklelvyvayxmjgbonardxy/Build/Intermediates.noindex/ZIPFoundation.build/Debug-iphonesimulator/ZIPFoundation.build/ZIPFoundation.modulemap (in target 'ZIPFoundation' from project 'ZIPFoundation')
    cd /Users/senaca/Library/Developer/Xcode/DerivedData/AudiobookPlayer-aqutoaiklelvyvayxmjgbonardxy/SourcePackages/checkouts/ZIPFoundation
    write-file /Users/senaca/Library/Developer/Xcode/DerivedData/AudiobookPlayer-aqutoaiklelvyvayxmjgbonardxy/Build/Intermediates.noindex/ZIPFoundation.build/Debug-iphonesimulator/ZIPFoundation.build/ZIPFoundation.modulemap

WriteAuxiliaryFile /Users/senaca/Library/Developer/Xcode/DerivedData/AudiobookPlayer-aqutoaiklelvyvayxmjgbonardxy/Build/Intermediates.noindex/ZIPFoundation.build/Debug-iphonesimulator/ZIPFoundation.build/ZIPFoundation.DependencyStaticMetadataFileList (in target 'ZIPFoundation' from project 'ZIPFoundation')
    cd /Users/senaca/Library/Developer/Xcode/DerivedData/AudiobookPlayer-aqutoaiklelvyvayxmjgbonardxy/SourcePackages/checkouts/ZIPFoundation
    write-file /Users/senaca/Library/Developer/Xcode/DerivedData/AudiobookPlayer-aqutoaiklelvyvayxmjgbonardxy/Build/Intermediates.noindex/ZIPFoundation.build/Debug-iphonesimulator/ZIPFoundation.build/ZIPFoundation.DependencyStaticMetadataFileList

WriteAuxiliaryFile /Users/senaca/Library/Developer/Xcode/DerivedData/AudiobookPlayer-aqutoaiklelvyvayxmjgbonardxy/Build/Intermediates.noindex/ZIPFoundation.build/Debug-iphonesimulator/ZIPFoundation.build/ZIPFoundation.DependencyMetadataFileList (in target 'ZIPFoundation' from project 'ZIPFoundation')
    cd /Users/senaca/Library/Developer/Xcode/DerivedData/AudiobookPlayer-aqutoaiklelvyvayxmjgbonardxy/SourcePackages/checkouts/ZIPFoundation
    write-file /Users/senaca/Library/Developer/Xcode/DerivedData/AudiobookPlayer-aqutoaiklelvyvayxmjgbonardxy/Build/Intermediates.noindex/ZIPFoundation.build/Debug-iphonesimulator/ZIPFoundation.build/ZIPFoundation.DependencyMetadataFileList

WriteAuxiliaryFile /Users/senaca/Library/Developer/Xcode/DerivedData/AudiobookPlayer-aqutoaiklelvyvayxmjgbonardxy/Build/Intermediates.noindex/ZIPFoundation.build/Debug-iphonesimulator/ZIPFoundation.build/Objects-normal/arm64/ZIPFoundation_const_extract_protocols.json (in target 'ZIPFoundation' from project 'ZIPFoundation')
    cd /Users/senaca/Library/Developer/Xcode/DerivedData/AudiobookPlayer-aqutoaiklelvyvayxmjgbonardxy/SourcePackages/checkouts/ZIPFoundation
    write-file /Users/senaca/Library/Developer/Xcode/DerivedData/AudiobookPlayer-aqutoaiklelvyvayxmjgbonardxy/Build/Intermediates.noindex/ZIPFoundation.build/Debug-iphonesimulator/ZIPFoundation.build/Objects-normal/arm64/ZIPFoundation_const_extract_protocols.json

WriteAuxiliaryFile /Users/senaca/Library/Developer/Xcode/DerivedData/AudiobookPlayer-aqutoaiklelvyvayxmjgbonardxy/Build/Intermediates.noindex/ZIPFoundation.build/Debug-iphonesimulator/ZIPFoundation.build/Objects-normal/arm64/ZIPFoundation.SwiftFileList (in target 'ZIPFoundation' from project 'ZIPFoundation')
    cd /Users/senaca/Library/Developer/Xcode/DerivedData/AudiobookPlayer-aqutoaiklelvyvayxmjgbonardxy/SourcePackages/checkouts/ZIPFoundation
    write-file /Users/senaca/Library/Developer/Xcode/DerivedData/AudiobookPlayer-aqutoaiklelvyvayxmjgbonardxy/Build/Intermediates.noindex/ZIPFoundation.build/Debug-iphonesimulator/ZIPFoundation.build/Objects-normal/arm64/ZIPFoundation.SwiftFileList

WriteAuxiliaryFile /Users/senaca/Library/Developer/Xcode/DerivedData/AudiobookPlayer-aqutoaiklelvyvayxmjgbonardxy/Build/Intermediates.noindex/ZIPFoundation.build/Debug-iphonesimulator/ZIPFoundation.build/Objects-normal/arm64/ZIPFoundation.SwiftConstValuesFileList (in target 'ZIPFoundation' from project 'ZIPFoundation')
    cd /Users/senaca/Library/Developer/Xcode/DerivedData/AudiobookPlayer-aqutoaiklelvyvayxmjgbonardxy/SourcePackages/checkouts/ZIPFoundation
    write-file /Users/senaca/Library/Developer/Xcode/DerivedData/AudiobookPlayer-aqutoaiklelvyvayxmjgbonardxy/Build/Intermediates.noindex/ZIPFoundation.build/Debug-iphonesimulator/ZIPFoundation.build/Objects-normal/arm64/ZIPFoundation.SwiftConstValuesFileList

WriteAuxiliaryFile /Users/senaca/Library/Developer/Xcode/DerivedData/AudiobookPlayer-aqutoaiklelvyvayxmjgbonardxy/Build/Intermediates.noindex/ZIPFoundation.build/Debug-iphonesimulator/ZIPFoundation.build/Objects-normal/arm64/ZIPFoundation.LinkFileList (in target 'ZIPFoundation' from project 'ZIPFoundation')
    cd /Users/senaca/Library/Developer/Xcode/DerivedData/AudiobookPlayer-aqutoaiklelvyvayxmjgbonardxy/SourcePackages/checkouts/ZIPFoundation
    write-file /Users/senaca/Library/Developer/Xcode/DerivedData/AudiobookPlayer-aqutoaiklelvyvayxmjgbonardxy/Build/Intermediates.noindex/ZIPFoundation.build/Debug-iphonesimulator/ZIPFoundation.build/Objects-normal/arm64/ZIPFoundation.LinkFileList

WriteAuxiliaryFile /Users/senaca/Library/Developer/Xcode/DerivedData/AudiobookPlayer-aqutoaiklelvyvayxmjgbonardxy/Build/Intermediates.noindex/ZIPFoundation.build/Debug-iphonesimulator/ZIPFoundation.build/Objects-normal/arm64/ZIPFoundation-OutputFileMap.json (in target 'ZIPFoundation' from project 'ZIPFoundation')
    cd /Users/senaca/Library/Developer/Xcode/DerivedData/AudiobookPlayer-aqutoaiklelvyvayxmjgbonardxy/SourcePackages/checkouts/ZIPFoundation
    write-file /Users/senaca/Library/Developer/Xcode/DerivedData/AudiobookPlayer-aqutoaiklelvyvayxmjgbonardxy/Build/Intermediates.noindex/ZIPFoundation.build/Debug-iphonesimulator/ZIPFoundation.build/Objects-normal/arm64/ZIPFoundation-OutputFileMap.json

WriteAuxiliaryFile /Users/senaca/Library/Developer/Xcode/DerivedData/AudiobookPlayer-aqutoaiklelvyvayxmjgbonardxy/Build/Intermediates.noindex/ZIPFoundation.build/Debug-iphonesimulator/ZIPFoundation.build/DerivedSources/resource_bundle_accessor.swift (in target 'ZIPFoundation' from project 'ZIPFoundation')
    cd /Users/senaca/Library/Developer/Xcode/DerivedData/AudiobookPlayer-aqutoaiklelvyvayxmjgbonardxy/SourcePackages/checkouts/ZIPFoundation
    write-file /Users/senaca/Library/Developer/Xcode/DerivedData/AudiobookPlayer-aqutoaiklelvyvayxmjgbonardxy/Build/Intermediates.noindex/ZIPFoundation.build/Debug-iphonesimulator/ZIPFoundation.build/DerivedSources/resource_bundle_accessor.swift

Copy /Users/senaca/Library/Developer/Xcode/DerivedData/AudiobookPlayer-aqutoaiklelvyvayxmjgbonardxy/Build/Intermediates.noindex/GeneratedModuleMaps-iphonesimulator/ZIPFoundation.modulemap /Users/senaca/Library/Developer/Xcode/DerivedData/AudiobookPlayer-aqutoaiklelvyvayxmjgbonardxy/Build/Intermediates.noindex/ZIPFoundation.build/Debug-iphonesimulator/ZIPFoundation.build/ZIPFoundation.modulemap (in target 'ZIPFoundation' from project 'ZIPFoundation')
    cd /Users/senaca/Library/Developer/Xcode/DerivedData/AudiobookPlayer-aqutoaiklelvyvayxmjgbonardxy/SourcePackages/checkouts/ZIPFoundation
    builtin-copy -exclude .DS_Store -exclude CVS -exclude .svn -exclude .git -exclude .hg -resolve-src-symlinks /Users/senaca/Library/Developer/Xcode/DerivedData/AudiobookPlayer-aqutoaiklelvyvayxmjgbonardxy/Build/Intermediates.noindex/ZIPFoundation.build/Debug-iphonesimulator/ZIPFoundation.build/ZIPFoundation.modulemap /Users/senaca/Library/Developer/Xcode/DerivedData/AudiobookPlayer-aqutoaiklelvyvayxmjgbonardxy/Build/Intermediates.noindex/GeneratedModuleMaps-iphonesimulator

WriteAuxiliaryFile /Users/senaca/Library/Developer/Xcode/DerivedData/AudiobookPlayer-aqutoaiklelvyvayxmjgbonardxy/Build/Intermediates.noindex/GRDB.build/Debug-iphonesimulator/GRDB_GRDB.build/empty-GRDB_GRDB.plist (in target 'GRDB_GRDB' from project 'GRDB')
    cd /Users/senaca/Library/Developer/Xcode/DerivedData/AudiobookPlayer-aqutoaiklelvyvayxmjgbonardxy/SourcePackages/checkouts/GRDB.swift
    write-file /Users/senaca/Library/Developer/Xcode/DerivedData/AudiobookPlayer-aqutoaiklelvyvayxmjgbonardxy/Build/Intermediates.noindex/GRDB.build/Debug-iphonesimulator/GRDB_GRDB.build/empty-GRDB_GRDB.plist

WriteAuxiliaryFile /Users/senaca/Library/Developer/Xcode/DerivedData/AudiobookPlayer-aqutoaiklelvyvayxmjgbonardxy/Build/Intermediates.noindex/GRDB.build/Debug-iphonesimulator/GRDB_GRDB.build/GRDB_GRDB.DependencyStaticMetadataFileList (in target 'GRDB_GRDB' from project 'GRDB')
    cd /Users/senaca/Library/Developer/Xcode/DerivedData/AudiobookPlayer-aqutoaiklelvyvayxmjgbonardxy/SourcePackages/checkouts/GRDB.swift
    write-file /Users/senaca/Library/Developer/Xcode/DerivedData/AudiobookPlayer-aqutoaiklelvyvayxmjgbonardxy/Build/Intermediates.noindex/GRDB.build/Debug-iphonesimulator/GRDB_GRDB.build/GRDB_GRDB.DependencyStaticMetadataFileList

WriteAuxiliaryFile /Users/senaca/Library/Developer/Xcode/DerivedData/AudiobookPlayer-aqutoaiklelvyvayxmjgbonardxy/Build/Intermediates.noindex/GRDB.build/Debug-iphonesimulator/GRDB_GRDB.build/GRDB_GRDB.DependencyMetadataFileList (in target 'GRDB_GRDB' from project 'GRDB')
    cd /Users/senaca/Library/Developer/Xcode/DerivedData/AudiobookPlayer-aqutoaiklelvyvayxmjgbonardxy/SourcePackages/checkouts/GRDB.swift
    write-file /Users/senaca/Library/Developer/Xcode/DerivedData/AudiobookPlayer-aqutoaiklelvyvayxmjgbonardxy/Build/Intermediates.noindex/GRDB.build/Debug-iphonesimulator/GRDB_GRDB.build/GRDB_GRDB.DependencyMetadataFileList

WriteAuxiliaryFile /Users/senaca/Library/Developer/Xcode/DerivedData/AudiobookPlayer-aqutoaiklelvyvayxmjgbonardxy/Build/Intermediates.noindex/GRDB.build/Debug-iphonesimulator/GRDB.build/Objects-normal/arm64/GRDB.SwiftFileList (in target 'GRDB' from project 'GRDB')
    cd /Users/senaca/Library/Developer/Xcode/DerivedData/AudiobookPlayer-aqutoaiklelvyvayxmjgbonardxy/SourcePackages/checkouts/GRDB.swift
    write-file /Users/senaca/Library/Developer/Xcode/DerivedData/AudiobookPlayer-aqutoaiklelvyvayxmjgbonardxy/Build/Intermediates.noindex/GRDB.build/Debug-iphonesimulator/GRDB.build/Objects-normal/arm64/GRDB.SwiftFileList

WriteAuxiliaryFile /Users/senaca/Library/Developer/Xcode/DerivedData/AudiobookPlayer-aqutoaiklelvyvayxmjgbonardxy/Build/Intermediates.noindex/GRDB.build/Debug-iphonesimulator/GRDB.build/Objects-normal/arm64/GRDB.SwiftConstValuesFileList (in target 'GRDB' from project 'GRDB')
    cd /Users/senaca/Library/Developer/Xcode/DerivedData/AudiobookPlayer-aqutoaiklelvyvayxmjgbonardxy/SourcePackages/checkouts/GRDB.swift
    write-file /Users/senaca/Library/Developer/Xcode/DerivedData/AudiobookPlayer-aqutoaiklelvyvayxmjgbonardxy/Build/Intermediates.noindex/GRDB.build/Debug-iphonesimulator/GRDB.build/Objects-normal/arm64/GRDB.SwiftConstValuesFileList

WriteAuxiliaryFile /Users/senaca/Library/Developer/Xcode/DerivedData/AudiobookPlayer-aqutoaiklelvyvayxmjgbonardxy/Build/Intermediates.noindex/GRDB.build/Debug-iphonesimulator/GRDB.build/Objects-normal/arm64/GRDB.LinkFileList (in target 'GRDB' from project 'GRDB')
    cd /Users/senaca/Library/Developer/Xcode/DerivedData/AudiobookPlayer-aqutoaiklelvyvayxmjgbonardxy/SourcePackages/checkouts/GRDB.swift
    write-file /Users/senaca/Library/Developer/Xcode/DerivedData/AudiobookPlayer-aqutoaiklelvyvayxmjgbonardxy/Build/Intermediates.noindex/GRDB.build/Debug-iphonesimulator/GRDB.build/Objects-normal/arm64/GRDB.LinkFileList

WriteAuxiliaryFile /Users/senaca/Library/Developer/Xcode/DerivedData/AudiobookPlayer-aqutoaiklelvyvayxmjgbonardxy/Build/Intermediates.noindex/GRDB.build/Debug-iphonesimulator/GRDB.build/Objects-normal/arm64/GRDB-OutputFileMap.json (in target 'GRDB' from project 'GRDB')
    cd /Users/senaca/Library/Developer/Xcode/DerivedData/AudiobookPlayer-aqutoaiklelvyvayxmjgbonardxy/SourcePackages/checkouts/GRDB.swift
    write-file /Users/senaca/Library/Developer/Xcode/DerivedData/AudiobookPlayer-aqutoaiklelvyvayxmjgbonardxy/Build/Intermediates.noindex/GRDB.build/Debug-iphonesimulator/GRDB.build/Objects-normal/arm64/GRDB-OutputFileMap.json

WriteAuxiliaryFile /Users/senaca/Library/Developer/Xcode/DerivedData/AudiobookPlayer-aqutoaiklelvyvayxmjgbonardxy/Build/Intermediates.noindex/GRDB.build/Debug-iphonesimulator/GRDB.build/GRDB.modulemap (in target 'GRDB' from project 'GRDB')
    cd /Users/senaca/Library/Developer/Xcode/DerivedData/AudiobookPlayer-aqutoaiklelvyvayxmjgbonardxy/SourcePackages/checkouts/GRDB.swift
    write-file /Users/senaca/Library/Developer/Xcode/DerivedData/AudiobookPlayer-aqutoaiklelvyvayxmjgbonardxy/Build/Intermediates.noindex/GRDB.build/Debug-iphonesimulator/GRDB.build/GRDB.modulemap

WriteAuxiliaryFile /Users/senaca/Library/Developer/Xcode/DerivedData/AudiobookPlayer-aqutoaiklelvyvayxmjgbonardxy/Build/Intermediates.noindex/GRDB.build/Debug-iphonesimulator/GRDB.build/GRDB.DependencyStaticMetadataFileList (in target 'GRDB' from project 'GRDB')
    cd /Users/senaca/Library/Developer/Xcode/DerivedData/AudiobookPlayer-aqutoaiklelvyvayxmjgbonardxy/SourcePackages/checkouts/GRDB.swift
    write-file /Users/senaca/Library/Developer/Xcode/DerivedData/AudiobookPlayer-aqutoaiklelvyvayxmjgbonardxy/Build/Intermediates.noindex/GRDB.build/Debug-iphonesimulator/GRDB.build/GRDB.DependencyStaticMetadataFileList

WriteAuxiliaryFile /Users/senaca/Library/Developer/Xcode/DerivedData/AudiobookPlayer-aqutoaiklelvyvayxmjgbonardxy/Build/Intermediates.noindex/GRDB.build/Debug-iphonesimulator/GRDB.build/GRDB.DependencyMetadataFileList (in target 'GRDB' from project 'GRDB')
    cd /Users/senaca/Library/Developer/Xcode/DerivedData/AudiobookPlayer-aqutoaiklelvyvayxmjgbonardxy/SourcePackages/checkouts/GRDB.swift
    write-file /Users/senaca/Library/Developer/Xcode/DerivedData/AudiobookPlayer-aqutoaiklelvyvayxmjgbonardxy/Build/Intermediates.noindex/GRDB.build/Debug-iphonesimulator/GRDB.build/GRDB.DependencyMetadataFileList

WriteAuxiliaryFile /Users/senaca/Library/Developer/Xcode/DerivedData/AudiobookPlayer-aqutoaiklelvyvayxmjgbonardxy/Build/Intermediates.noindex/GRDB.build/Debug-iphonesimulator/GRDB.build/DerivedSources/resource_bundle_accessor.swift (in target 'GRDB' from project 'GRDB')
    cd /Users/senaca/Library/Developer/Xcode/DerivedData/AudiobookPlayer-aqutoaiklelvyvayxmjgbonardxy/SourcePackages/checkouts/GRDB.swift
    write-file /Users/senaca/Library/Developer/Xcode/DerivedData/AudiobookPlayer-aqutoaiklelvyvayxmjgbonardxy/Build/Intermediates.noindex/GRDB.build/Debug-iphonesimulator/GRDB.build/DerivedSources/resource_bundle_accessor.swift

WriteAuxiliaryFile /Users/senaca/Library/Developer/Xcode/DerivedData/AudiobookPlayer-aqutoaiklelvyvayxmjgbonardxy/Build/Intermediates.noindex/AudiobookPlayer.build/Debug-iphonesimulator/AudiobookPlayer.build/HappyBear.DependencyStaticMetadataFileList (in target 'AudiobookPlayer' from project 'AudiobookPlayer')
    cd /Users/senaca/projects/audiobook-player
    write-file /Users/senaca/Library/Developer/Xcode/DerivedData/AudiobookPlayer-aqutoaiklelvyvayxmjgbonardxy/Build/Intermediates.noindex/AudiobookPlayer.build/Debug-iphonesimulator/AudiobookPlayer.build/HappyBear.DependencyStaticMetadataFileList

WriteAuxiliaryFile /Users/senaca/Library/Developer/Xcode/DerivedData/AudiobookPlayer-aqutoaiklelvyvayxmjgbonardxy/Build/Intermediates.noindex/AudiobookPlayer.build/Debug-iphonesimulator/AudiobookPlayer.build/HappyBear.DependencyMetadataFileList (in target 'AudiobookPlayer' from project 'AudiobookPlayer')
    cd /Users/senaca/projects/audiobook-player
    write-file /Users/senaca/Library/Developer/Xcode/DerivedData/AudiobookPlayer-aqutoaiklelvyvayxmjgbonardxy/Build/Intermediates.noindex/AudiobookPlayer.build/Debug-iphonesimulator/AudiobookPlayer.build/HappyBear.DependencyMetadataFileList

WriteAuxiliaryFile /Users/senaca/Library/Developer/Xcode/DerivedData/AudiobookPlayer-aqutoaiklelvyvayxmjgbonardxy/Build/Intermediates.noindex/AudiobookPlayer.build/Debug-iphonesimulator/AudiobookPlayer.build/HappyBear-project-headers.hmap (in target 'AudiobookPlayer' from project 'AudiobookPlayer')
    cd /Users/senaca/projects/audiobook-player
    write-file /Users/senaca/Library/Developer/Xcode/DerivedData/AudiobookPlayer-aqutoaiklelvyvayxmjgbonardxy/Build/Intermediates.noindex/AudiobookPlayer.build/Debug-iphonesimulator/AudiobookPlayer.build/HappyBear-project-headers.hmap

Copy /Users/senaca/Library/Developer/Xcode/DerivedData/AudiobookPlayer-aqutoaiklelvyvayxmjgbonardxy/Build/Intermediates.noindex/GeneratedModuleMaps-iphonesimulator/GRDB.modulemap /Users/senaca/Library/Developer/Xcode/DerivedData/AudiobookPlayer-aqutoaiklelvyvayxmjgbonardxy/Build/Intermediates.noindex/GRDB.build/Debug-iphonesimulator/GRDB.build/GRDB.modulemap (in target 'GRDB' from project 'GRDB')
    cd /Users/senaca/Library/Developer/Xcode/DerivedData/AudiobookPlayer-aqutoaiklelvyvayxmjgbonardxy/SourcePackages/checkouts/GRDB.swift
    builtin-copy -exclude .DS_Store -exclude CVS -exclude .svn -exclude .git -exclude .hg -resolve-src-symlinks /Users/senaca/Library/Developer/Xcode/DerivedData/AudiobookPlayer-aqutoaiklelvyvayxmjgbonardxy/Build/Intermediates.noindex/GRDB.build/Debug-iphonesimulator/GRDB.build/GRDB.modulemap /Users/senaca/Library/Developer/Xcode/DerivedData/AudiobookPlayer-aqutoaiklelvyvayxmjgbonardxy/Build/Intermediates.noindex/GeneratedModuleMaps-iphonesimulator

WriteAuxiliaryFile /Users/senaca/Library/Developer/Xcode/DerivedData/AudiobookPlayer-aqutoaiklelvyvayxmjgbonardxy/Build/Intermediates.noindex/AudiobookPlayer.build/Debug-iphonesimulator/AudiobookPlayer.build/HappyBear-own-target-headers.hmap (in target 'AudiobookPlayer' from project 'AudiobookPlayer')
    cd /Users/senaca/projects/audiobook-player
    write-file /Users/senaca/Library/Developer/Xcode/DerivedData/AudiobookPlayer-aqutoaiklelvyvayxmjgbonardxy/Build/Intermediates.noindex/AudiobookPlayer.build/Debug-iphonesimulator/AudiobookPlayer.build/HappyBear-own-target-headers.hmap

WriteAuxiliaryFile /Users/senaca/Library/Developer/Xcode/DerivedData/AudiobookPlayer-aqutoaiklelvyvayxmjgbonardxy/Build/Intermediates.noindex/AudiobookPlayer.build/Debug-iphonesimulator/AudiobookPlayer.build/HappyBear-all-target-headers.hmap (in target 'AudiobookPlayer' from project 'AudiobookPlayer')
    cd /Users/senaca/projects/audiobook-player
    write-file /Users/senaca/Library/Developer/Xcode/DerivedData/AudiobookPlayer-aqutoaiklelvyvayxmjgbonardxy/Build/Intermediates.noindex/AudiobookPlayer.build/Debug-iphonesimulator/AudiobookPlayer.build/HappyBear-all-target-headers.hmap

WriteAuxiliaryFile /Users/senaca/Library/Developer/Xcode/DerivedData/AudiobookPlayer-aqutoaiklelvyvayxmjgbonardxy/Build/Intermediates.noindex/AudiobookPlayer.build/Debug-iphonesimulator/AudiobookPlayer.build/HappyBear-generated-files.hmap (in target 'AudiobookPlayer' from project 'AudiobookPlayer')
    cd /Users/senaca/projects/audiobook-player
    write-file /Users/senaca/Library/Developer/Xcode/DerivedData/AudiobookPlayer-aqutoaiklelvyvayxmjgbonardxy/Build/Intermediates.noindex/AudiobookPlayer.build/Debug-iphonesimulator/AudiobookPlayer.build/HappyBear-generated-files.hmap

WriteAuxiliaryFile /Users/senaca/Library/Developer/Xcode/DerivedData/AudiobookPlayer-aqutoaiklelvyvayxmjgbonardxy/Build/Intermediates.noindex/AudiobookPlayer.build/Debug-iphonesimulator/AudiobookPlayer.build/HappyBear-all-non-framework-target-headers.hmap (in target 'AudiobookPlayer' from project 'AudiobookPlayer')
    cd /Users/senaca/projects/audiobook-player
    write-file /Users/senaca/Library/Developer/Xcode/DerivedData/AudiobookPlayer-aqutoaiklelvyvayxmjgbonardxy/Build/Intermediates.noindex/AudiobookPlayer.build/Debug-iphonesimulator/AudiobookPlayer.build/HappyBear-all-non-framework-target-headers.hmap

WriteAuxiliaryFile /Users/senaca/Library/Developer/Xcode/DerivedData/AudiobookPlayer-aqutoaiklelvyvayxmjgbonardxy/Build/Intermediates.noindex/AudiobookPlayer.build/Debug-iphonesimulator/AudiobookPlayer.build/HappyBear-DebugDylibPath-normal-arm64.txt (in target 'AudiobookPlayer' from project 'AudiobookPlayer')
    cd /Users/senaca/projects/audiobook-player
    write-file /Users/senaca/Library/Developer/Xcode/DerivedData/AudiobookPlayer-aqutoaiklelvyvayxmjgbonardxy/Build/Intermediates.noindex/AudiobookPlayer.build/Debug-iphonesimulator/AudiobookPlayer.build/HappyBear-DebugDylibPath-normal-arm64.txt

WriteAuxiliaryFile /Users/senaca/Library/Developer/Xcode/DerivedData/AudiobookPlayer-aqutoaiklelvyvayxmjgbonardxy/Build/Intermediates.noindex/AudiobookPlayer.build/Debug-iphonesimulator/AudiobookPlayer.build/HappyBear-DebugDylibInstallName-normal-arm64.txt (in target 'AudiobookPlayer' from project 'AudiobookPlayer')
    cd /Users/senaca/projects/audiobook-player
    write-file /Users/senaca/Library/Developer/Xcode/DerivedData/AudiobookPlayer-aqutoaiklelvyvayxmjgbonardxy/Build/Intermediates.noindex/AudiobookPlayer.build/Debug-iphonesimulator/AudiobookPlayer.build/HappyBear-DebugDylibInstallName-normal-arm64.txt

WriteAuxiliaryFile /Users/senaca/Library/Developer/Xcode/DerivedData/AudiobookPlayer-aqutoaiklelvyvayxmjgbonardxy/Build/Intermediates.noindex/AudiobookPlayer.build/Debug-iphonesimulator/AudiobookPlayer.build/DerivedSources/Entitlements-Simulated.plist (in target 'AudiobookPlayer' from project 'AudiobookPlayer')
    cd /Users/senaca/projects/audiobook-player
    write-file /Users/senaca/Library/Developer/Xcode/DerivedData/AudiobookPlayer-aqutoaiklelvyvayxmjgbonardxy/Build/Intermediates.noindex/AudiobookPlayer.build/Debug-iphonesimulator/AudiobookPlayer.build/DerivedSources/Entitlements-Simulated.plist

MkDir /Users/senaca/Library/Developer/Xcode/DerivedData/AudiobookPlayer-aqutoaiklelvyvayxmjgbonardxy/Build/Products/Debug-iphonesimulator/ZIPFoundation_ZIPFoundation.bundle (in target 'ZIPFoundation_ZIPFoundation' from project 'ZIPFoundation')
    cd /Users/senaca/Library/Developer/Xcode/DerivedData/AudiobookPlayer-aqutoaiklelvyvayxmjgbonardxy/SourcePackages/checkouts/ZIPFoundation
    /bin/mkdir -p /Users/senaca/Library/Developer/Xcode/DerivedData/AudiobookPlayer-aqutoaiklelvyvayxmjgbonardxy/Build/Products/Debug-iphonesimulator/ZIPFoundation_ZIPFoundation.bundle

MkDir /Users/senaca/Library/Developer/Xcode/DerivedData/AudiobookPlayer-aqutoaiklelvyvayxmjgbonardxy/Build/Products/Debug-iphonesimulator/GRDB_GRDB.bundle (in target 'GRDB_GRDB' from project 'GRDB')
    cd /Users/senaca/Library/Developer/Xcode/DerivedData/AudiobookPlayer-aqutoaiklelvyvayxmjgbonardxy/SourcePackages/checkouts/GRDB.swift
    /bin/mkdir -p /Users/senaca/Library/Developer/Xcode/DerivedData/AudiobookPlayer-aqutoaiklelvyvayxmjgbonardxy/Build/Products/Debug-iphonesimulator/GRDB_GRDB.bundle

MkDir /Users/senaca/Library/Developer/Xcode/DerivedData/AudiobookPlayer-aqutoaiklelvyvayxmjgbonardxy/Build/Products/Debug-iphonesimulator/HappyBear.app (in target 'AudiobookPlayer' from project 'AudiobookPlayer')
    cd /Users/senaca/projects/audiobook-player
    /bin/mkdir -p /Users/senaca/Library/Developer/Xcode/DerivedData/AudiobookPlayer-aqutoaiklelvyvayxmjgbonardxy/Build/Products/Debug-iphonesimulator/HappyBear.app

ProcessInfoPlistFile /Users/senaca/Library/Developer/Xcode/DerivedData/AudiobookPlayer-aqutoaiklelvyvayxmjgbonardxy/Build/Products/Debug-iphonesimulator/ZIPFoundation_ZIPFoundation.bundle/Info.plist /Users/senaca/Library/Developer/Xcode/DerivedData/AudiobookPlayer-aqutoaiklelvyvayxmjgbonardxy/Build/Intermediates.noindex/ZIPFoundation.build/Debug-iphonesimulator/ZIPFoundation_ZIPFoundation.build/empty-ZIPFoundation_ZIPFoundation.plist (in target 'ZIPFoundation_ZIPFoundation' from project 'ZIPFoundation')
    cd /Users/senaca/Library/Developer/Xcode/DerivedData/AudiobookPlayer-aqutoaiklelvyvayxmjgbonardxy/SourcePackages/checkouts/ZIPFoundation
    builtin-infoPlistUtility /Users/senaca/Library/Developer/Xcode/DerivedData/AudiobookPlayer-aqutoaiklelvyvayxmjgbonardxy/Build/Intermediates.noindex/ZIPFoundation.build/Debug-iphonesimulator/ZIPFoundation_ZIPFoundation.build/empty-ZIPFoundation_ZIPFoundation.plist -producttype com.apple.product-type.bundle -expandbuildsettings -format binary -platform iphonesimulator -o /Users/senaca/Library/Developer/Xcode/DerivedData/AudiobookPlayer-aqutoaiklelvyvayxmjgbonardxy/Build/Products/Debug-iphonesimulator/ZIPFoundation_ZIPFoundation.bundle/Info.plist

CpResource /Users/senaca/Library/Developer/Xcode/DerivedData/AudiobookPlayer-aqutoaiklelvyvayxmjgbonardxy/Build/Products/Debug-iphonesimulator/ZIPFoundation_ZIPFoundation.bundle/PrivacyInfo.xcprivacy /Users/senaca/Library/Developer/Xcode/DerivedData/AudiobookPlayer-aqutoaiklelvyvayxmjgbonardxy/SourcePackages/checkouts/ZIPFoundation/Sources/ZIPFoundation/Resources/PrivacyInfo.xcprivacy (in target 'ZIPFoundation_ZIPFoundation' from project 'ZIPFoundation')
    cd /Users/senaca/Library/Developer/Xcode/DerivedData/AudiobookPlayer-aqutoaiklelvyvayxmjgbonardxy/SourcePackages/checkouts/ZIPFoundation
    builtin-copy -exclude .DS_Store -exclude CVS -exclude .svn -exclude .git -exclude .hg -resolve-src-symlinks /Users/senaca/Library/Developer/Xcode/DerivedData/AudiobookPlayer-aqutoaiklelvyvayxmjgbonardxy/SourcePackages/checkouts/ZIPFoundation/Sources/ZIPFoundation/Resources/PrivacyInfo.xcprivacy /Users/senaca/Library/Developer/Xcode/DerivedData/AudiobookPlayer-aqutoaiklelvyvayxmjgbonardxy/Build/Products/Debug-iphonesimulator/ZIPFoundation_ZIPFoundation.bundle

ProcessInfoPlistFile /Users/senaca/Library/Developer/Xcode/DerivedData/AudiobookPlayer-aqutoaiklelvyvayxmjgbonardxy/Build/Products/Debug-iphonesimulator/GRDB_GRDB.bundle/Info.plist /Users/senaca/Library/Developer/Xcode/DerivedData/AudiobookPlayer-aqutoaiklelvyvayxmjgbonardxy/Build/Intermediates.noindex/GRDB.build/Debug-iphonesimulator/GRDB_GRDB.build/empty-GRDB_GRDB.plist (in target 'GRDB_GRDB' from project 'GRDB')
    cd /Users/senaca/Library/Developer/Xcode/DerivedData/AudiobookPlayer-aqutoaiklelvyvayxmjgbonardxy/SourcePackages/checkouts/GRDB.swift
    builtin-infoPlistUtility /Users/senaca/Library/Developer/Xcode/DerivedData/AudiobookPlayer-aqutoaiklelvyvayxmjgbonardxy/Build/Intermediates.noindex/GRDB.build/Debug-iphonesimulator/GRDB_GRDB.build/empty-GRDB_GRDB.plist -producttype com.apple.product-type.bundle -expandbuildsettings -format binary -platform iphonesimulator -o /Users/senaca/Library/Developer/Xcode/DerivedData/AudiobookPlayer-aqutoaiklelvyvayxmjgbonardxy/Build/Products/Debug-iphonesimulator/GRDB_GRDB.bundle/Info.plist

CpResource /Users/senaca/Library/Developer/Xcode/DerivedData/AudiobookPlayer-aqutoaiklelvyvayxmjgbonardxy/Build/Products/Debug-iphonesimulator/GRDB_GRDB.bundle/PrivacyInfo.xcprivacy /Users/senaca/Library/Developer/Xcode/DerivedData/AudiobookPlayer-aqutoaiklelvyvayxmjgbonardxy/SourcePackages/checkouts/GRDB.swift/GRDB/PrivacyInfo.xcprivacy (in target 'GRDB_GRDB' from project 'GRDB')
    cd /Users/senaca/Library/Developer/Xcode/DerivedData/AudiobookPlayer-aqutoaiklelvyvayxmjgbonardxy/SourcePackages/checkouts/GRDB.swift
    builtin-copy -exclude .DS_Store -exclude CVS -exclude .svn -exclude .git -exclude .hg -resolve-src-symlinks /Users/senaca/Library/Developer/Xcode/DerivedData/AudiobookPlayer-aqutoaiklelvyvayxmjgbonardxy/SourcePackages/checkouts/GRDB.swift/GRDB/PrivacyInfo.xcprivacy /Users/senaca/Library/Developer/Xcode/DerivedData/AudiobookPlayer-aqutoaiklelvyvayxmjgbonardxy/Build/Products/Debug-iphonesimulator/GRDB_GRDB.bundle

CodeSign /Users/senaca/Library/Developer/Xcode/DerivedData/AudiobookPlayer-aqutoaiklelvyvayxmjgbonardxy/Build/Products/Debug-iphonesimulator/ZIPFoundation_ZIPFoundation.bundle (in target 'ZIPFoundation_ZIPFoundation' from project 'ZIPFoundation')
    cd /Users/senaca/Library/Developer/Xcode/DerivedData/AudiobookPlayer-aqutoaiklelvyvayxmjgbonardxy/SourcePackages/checkouts/ZIPFoundation
    
    Signing Identity:     "Sign to Run Locally"
    
    /usr/bin/codesign --force --sign - --timestamp\=none --generate-entitlement-der /Users/senaca/Library/Developer/Xcode/DerivedData/AudiobookPlayer-aqutoaiklelvyvayxmjgbonardxy/Build/Products/Debug-iphonesimulator/ZIPFoundation_ZIPFoundation.bundle

CodeSign /Users/senaca/Library/Developer/Xcode/DerivedData/AudiobookPlayer-aqutoaiklelvyvayxmjgbonardxy/Build/Products/Debug-iphonesimulator/GRDB_GRDB.bundle (in target 'GRDB_GRDB' from project 'GRDB')
    cd /Users/senaca/Library/Developer/Xcode/DerivedData/AudiobookPlayer-aqutoaiklelvyvayxmjgbonardxy/SourcePackages/checkouts/GRDB.swift
    
    Signing Identity:     "Sign to Run Locally"
    
    /usr/bin/codesign --force --sign - --timestamp\=none --generate-entitlement-der /Users/senaca/Library/Developer/Xcode/DerivedData/AudiobookPlayer-aqutoaiklelvyvayxmjgbonardxy/Build/Products/Debug-iphonesimulator/GRDB_GRDB.bundle

RegisterExecutionPolicyException /Users/senaca/Library/Developer/Xcode/DerivedData/AudiobookPlayer-aqutoaiklelvyvayxmjgbonardxy/Build/Products/Debug-iphonesimulator/ZIPFoundation_ZIPFoundation.bundle (in target 'ZIPFoundation_ZIPFoundation' from project 'ZIPFoundation')
    cd /Users/senaca/Library/Developer/Xcode/DerivedData/AudiobookPlayer-aqutoaiklelvyvayxmjgbonardxy/SourcePackages/checkouts/ZIPFoundation
    builtin-RegisterExecutionPolicyException /Users/senaca/Library/Developer/Xcode/DerivedData/AudiobookPlayer-aqutoaiklelvyvayxmjgbonardxy/Build/Products/Debug-iphonesimulator/ZIPFoundation_ZIPFoundation.bundle

RegisterExecutionPolicyException /Users/senaca/Library/Developer/Xcode/DerivedData/AudiobookPlayer-aqutoaiklelvyvayxmjgbonardxy/Build/Products/Debug-iphonesimulator/GRDB_GRDB.bundle (in target 'GRDB_GRDB' from project 'GRDB')
    cd /Users/senaca/Library/Developer/Xcode/DerivedData/AudiobookPlayer-aqutoaiklelvyvayxmjgbonardxy/SourcePackages/checkouts/GRDB.swift
    builtin-RegisterExecutionPolicyException /Users/senaca/Library/Developer/Xcode/DerivedData/AudiobookPlayer-aqutoaiklelvyvayxmjgbonardxy/Build/Products/Debug-iphonesimulator/GRDB_GRDB.bundle

Touch /Users/senaca/Library/Developer/Xcode/DerivedData/AudiobookPlayer-aqutoaiklelvyvayxmjgbonardxy/Build/Products/Debug-iphonesimulator/GRDB_GRDB.bundle (in target 'GRDB_GRDB' from project 'GRDB')
    cd /Users/senaca/Library/Developer/Xcode/DerivedData/AudiobookPlayer-aqutoaiklelvyvayxmjgbonardxy/SourcePackages/checkouts/GRDB.swift
    /usr/bin/touch -c /Users/senaca/Library/Developer/Xcode/DerivedData/AudiobookPlayer-aqutoaiklelvyvayxmjgbonardxy/Build/Products/Debug-iphonesimulator/GRDB_GRDB.bundle

Touch /Users/senaca/Library/Developer/Xcode/DerivedData/AudiobookPlayer-aqutoaiklelvyvayxmjgbonardxy/Build/Products/Debug-iphonesimulator/ZIPFoundation_ZIPFoundation.bundle (in target 'ZIPFoundation_ZIPFoundation' from project 'ZIPFoundation')
    cd /Users/senaca/Library/Developer/Xcode/DerivedData/AudiobookPlayer-aqutoaiklelvyvayxmjgbonardxy/SourcePackages/checkouts/ZIPFoundation
    /usr/bin/touch -c /Users/senaca/Library/Developer/Xcode/DerivedData/AudiobookPlayer-aqutoaiklelvyvayxmjgbonardxy/Build/Products/Debug-iphonesimulator/ZIPFoundation_ZIPFoundation.bundle

SwiftDriver GRDB normal arm64 com.apple.xcode.tools.swift.compiler (in target 'GRDB' from project 'GRDB')
    cd /Users/senaca/projects/audiobook-player/AudiobookPlayer.xcodeproj
    builtin-SwiftDriver -- /Applications/Xcode.app/Contents/Developer/Toolchains/XcodeDefault.xctoolchain/usr/bin/swiftc -module-name GRDB -Onone -enforce-exclusivity\=checked @/Users/senaca/Library/Developer/Xcode/DerivedData/AudiobookPlayer-aqutoaiklelvyvayxmjgbonardxy/Build/Intermediates.noindex/GRDB.build/Debug-iphonesimulator/GRDB.build/Objects-normal/arm64/GRDB.SwiftFileList -DSWIFT_PACKAGE -DDEBUG -DSWIFT_MODULE_RESOURCE_BUNDLE_AVAILABLE -DSQLITE_ENABLE_FTS5 -Xcc -fmodule-map-file\=/Users/senaca/Library/Developer/Xcode/DerivedData/AudiobookPlayer-aqutoaiklelvyvayxmjgbonardxy/SourcePackages/checkouts/GRDB.swift/Sources/GRDBSQLite/module.modulemap -DXcode -plugin-path /Applications/Xcode.app/Contents/Developer/Toolchains/XcodeDefault.xctoolchain/usr/lib/swift/host/plugins/testing -enable-experimental-feature DebugDescriptionMacro -sdk /Applications/Xcode.app/Contents/Developer/Platforms/iPhoneSimulator.platform/Developer/SDKs/iPhoneSimulator26.0.sdk -target arm64-apple-ios13.0-simulator -g -module-cache-path /Users/senaca/Library/Developer/Xcode/DerivedData/ModuleCache.noindex -Xfrontend -serialize-debugging-options -enable-testing -suppress-warnings -index-store-path /Users/senaca/Library/Developer/Xcode/DerivedData/AudiobookPlayer-aqutoaiklelvyvayxmjgbonardxy/Index.noindex/DataStore -Xcc -D_LIBCPP_HARDENING_MODE\=_LIBCPP_HARDENING_MODE_DEBUG -swift-version 6 -I /Users/senaca/Library/Developer/Xcode/DerivedData/AudiobookPlayer-aqutoaiklelvyvayxmjgbonardxy/Build/Products/Debug-iphonesimulator -Isystem /Applications/Xcode.app/Contents/Developer/Platforms/iPhoneSimulator.platform/Developer/usr/lib -F /Users/senaca/Library/Developer/Xcode/DerivedData/AudiobookPlayer-aqutoaiklelvyvayxmjgbonardxy/Build/Products/Debug-iphonesimulator -F /Applications/Xcode.app/Contents/Developer/Platforms/iPhoneSimulator.platform/Developer/Library/Frameworks -F /Applications/Xcode.app/Contents/Developer/Platforms/iPhoneSimulator.platform/Developer/SDKs/iPhoneSimulator26.0.sdk/Developer/Library/Frameworks -emit-localized-strings -emit-localized-strings-path /Users/senaca/Library/Developer/Xcode/DerivedData/AudiobookPlayer-aqutoaiklelvyvayxmjgbonardxy/Build/Intermediates.noindex/GRDB.build/Debug-iphonesimulator/GRDB.build/Objects-normal/arm64 -c -j8 -enable-batch-mode -incremental -Xcc -ivfsstatcache -Xcc /Users/senaca/Library/Developer/Xcode/DerivedData/SDKStatCaches.noindex/iphonesimulator26.0-23A339-26257891a6c027eb51374368541b8346.sdkstatcache -output-file-map /Users/senaca/Library/Developer/Xcode/DerivedData/AudiobookPlayer-aqutoaiklelvyvayxmjgbonardxy/Build/Intermediates.noindex/GRDB.build/Debug-iphonesimulator/GRDB.build/Objects-normal/arm64/GRDB-OutputFileMap.json -use-frontend-parseable-output -save-temps -no-color-diagnostics -explicit-module-build -module-cache-path /Users/senaca/Library/Developer/Xcode/DerivedData/AudiobookPlayer-aqutoaiklelvyvayxmjgbonardxy/Build/Intermediates.noindex/SwiftExplicitPrecompiledModules -clang-scanner-module-cache-path /Users/senaca/Library/Developer/Xcode/DerivedData/ModuleCache.noindex -sdk-module-cache-path /Users/senaca/Library/Developer/Xcode/DerivedData/ModuleCache.noindex -serialize-diagnostics -emit-dependencies -emit-module -emit-module-path /Users/senaca/Library/Developer/Xcode/DerivedData/AudiobookPlayer-aqutoaiklelvyvayxmjgbonardxy/Build/Intermediates.noindex/GRDB.build/Debug-iphonesimulator/GRDB.build/Objects-normal/arm64/GRDB.swiftmodule -user-module-version 7.8.0 -validate-clang-modules-once -clang-build-session-file /Users/senaca/Library/Developer/Xcode/DerivedData/ModuleCache.noindex/Session.modulevalidation -package-name grdb_swift -Xcc -I/Users/senaca/Library/Developer/Xcode/DerivedData/AudiobookPlayer-aqutoaiklelvyvayxmjgbonardxy/Build/Intermediates.noindex/GRDB.build/Debug-iphonesimulator/GRDB.build/swift-overrides.hmap -emit-const-values -Xfrontend -const-gather-protocols-file -Xfrontend /Users/senaca/Library/Developer/Xcode/DerivedData/AudiobookPlayer-aqutoaiklelvyvayxmjgbonardxy/Build/Intermediates.noindex/GRDB.build/Debug-iphonesimulator/GRDB.build/Objects-normal/arm64/GRDB_const_extract_protocols.json -Xcc -I/Users/senaca/Library/Developer/Xcode/DerivedData/AudiobookPlayer-aqutoaiklelvyvayxmjgbonardxy/Build/Products/Debug-iphonesimulator/include -Xcc -I/Users/senaca/Library/Developer/Xcode/DerivedData/AudiobookPlayer-aqutoaiklelvyvayxmjgbonardxy/Build/Intermediates.noindex/GRDB.build/Debug-iphonesimulator/GRDB.build/DerivedSources-normal/arm64 -Xcc -I/Users/senaca/Library/Developer/Xcode/DerivedData/AudiobookPlayer-aqutoaiklelvyvayxmjgbonardxy/Build/Intermediates.noindex/GRDB.build/Debug-iphonesimulator/GRDB.build/DerivedSources/arm64 -Xcc -I/Users/senaca/Library/Developer/Xcode/DerivedData/AudiobookPlayer-aqutoaiklelvyvayxmjgbonardxy/Build/Intermediates.noindex/GRDB.build/Debug-iphonesimulator/GRDB.build/DerivedSources -Xcc -DSWIFT_PACKAGE -Xcc -DDEBUG\=1 -emit-objc-header -emit-objc-header-path /Users/senaca/Library/Developer/Xcode/DerivedData/AudiobookPlayer-aqutoaiklelvyvayxmjgbonardxy/Build/Intermediates.noindex/GRDB.build/Debug-iphonesimulator/GRDB.build/Objects-normal/arm64/GRDB-Swift.h -working-directory /Users/senaca/projects/audiobook-player/AudiobookPlayer.xcodeproj -experimental-emit-module-separately -disable-cmo

SwiftDriver ZIPFoundation normal arm64 com.apple.xcode.tools.swift.compiler (in target 'ZIPFoundation' from project 'ZIPFoundation')
    cd /Users/senaca/projects/audiobook-player/AudiobookPlayer.xcodeproj
    builtin-SwiftDriver -- /Applications/Xcode.app/Contents/Developer/Toolchains/XcodeDefault.xctoolchain/usr/bin/swiftc -module-name ZIPFoundation -Onone -enforce-exclusivity\=checked @/Users/senaca/Library/Developer/Xcode/DerivedData/AudiobookPlayer-aqutoaiklelvyvayxmjgbonardxy/Build/Intermediates.noindex/ZIPFoundation.build/Debug-iphonesimulator/ZIPFoundation.build/Objects-normal/arm64/ZIPFoundation.SwiftFileList -DSWIFT_PACKAGE -DDEBUG -DSWIFT_MODULE_RESOURCE_BUNDLE_AVAILABLE -DXcode -plugin-path /Applications/Xcode.app/Contents/Developer/Toolchains/XcodeDefault.xctoolchain/usr/lib/swift/host/plugins/testing -enable-experimental-feature DebugDescriptionMacro -sdk /Applications/Xcode.app/Contents/Developer/Platforms/iPhoneSimulator.platform/Developer/SDKs/iPhoneSimulator26.0.sdk -target arm64-apple-ios12.0-simulator -g -module-cache-path /Users/senaca/Library/Developer/Xcode/DerivedData/ModuleCache.noindex -Xfrontend -serialize-debugging-options -enable-testing -suppress-warnings -index-store-path /Users/senaca/Library/Developer/Xcode/DerivedData/AudiobookPlayer-aqutoaiklelvyvayxmjgbonardxy/Index.noindex/DataStore -Xcc -D_LIBCPP_HARDENING_MODE\=_LIBCPP_HARDENING_MODE_DEBUG -swift-version 5 -I /Users/senaca/Library/Developer/Xcode/DerivedData/AudiobookPlayer-aqutoaiklelvyvayxmjgbonardxy/Build/Products/Debug-iphonesimulator -Isystem /Applications/Xcode.app/Contents/Developer/Platforms/iPhoneSimulator.platform/Developer/usr/lib -F /Users/senaca/Library/Developer/Xcode/DerivedData/AudiobookPlayer-aqutoaiklelvyvayxmjgbonardxy/Build/Products/Debug-iphonesimulator -F /Applications/Xcode.app/Contents/Developer/Platforms/iPhoneSimulator.platform/Developer/Library/Frameworks -F /Applications/Xcode.app/Contents/Developer/Platforms/iPhoneSimulator.platform/Developer/SDKs/iPhoneSimulator26.0.sdk/Developer/Library/Frameworks -c -j8 -enable-batch-mode -incremental -Xcc -ivfsstatcache -Xcc /Users/senaca/Library/Developer/Xcode/DerivedData/SDKStatCaches.noindex/iphonesimulator26.0-23A339-26257891a6c027eb51374368541b8346.sdkstatcache -output-file-map /Users/senaca/Library/Developer/Xcode/DerivedData/AudiobookPlayer-aqutoaiklelvyvayxmjgbonardxy/Build/Intermediates.noindex/ZIPFoundation.build/Debug-iphonesimulator/ZIPFoundation.build/Objects-normal/arm64/ZIPFoundation-OutputFileMap.json -use-frontend-parseable-output -save-temps -no-color-diagnostics -explicit-module-build -module-cache-path /Users/senaca/Library/Developer/Xcode/DerivedData/AudiobookPlayer-aqutoaiklelvyvayxmjgbonardxy/Build/Intermediates.noindex/SwiftExplicitPrecompiledModules -clang-scanner-module-cache-path /Users/senaca/Library/Developer/Xcode/DerivedData/ModuleCache.noindex -sdk-module-cache-path /Users/senaca/Library/Developer/Xcode/DerivedData/ModuleCache.noindex -serialize-diagnostics -emit-dependencies -emit-module -emit-module-path /Users/senaca/Library/Developer/Xcode/DerivedData/AudiobookPlayer-aqutoaiklelvyvayxmjgbonardxy/Build/Intermediates.noindex/ZIPFoundation.build/Debug-iphonesimulator/ZIPFoundation.build/Objects-normal/arm64/ZIPFoundation.swiftmodule -validate-clang-modules-once -clang-build-session-file /Users/senaca/Library/Developer/Xcode/DerivedData/ModuleCache.noindex/Session.modulevalidation -package-name zipfoundation -Xcc -I/Users/senaca/Library/Developer/Xcode/DerivedData/AudiobookPlayer-aqutoaiklelvyvayxmjgbonardxy/Build/Intermediates.noindex/ZIPFoundation.build/Debug-iphonesimulator/ZIPFoundation.build/swift-overrides.hmap -emit-const-values -Xfrontend -const-gather-protocols-file -Xfrontend /Users/senaca/Library/Developer/Xcode/DerivedData/AudiobookPlayer-aqutoaiklelvyvayxmjgbonardxy/Build/Intermediates.noindex/ZIPFoundation.build/Debug-iphonesimulator/ZIPFoundation.build/Objects-normal/arm64/ZIPFoundation_const_extract_protocols.json -Xcc -I/Users/senaca/Library/Developer/Xcode/DerivedData/AudiobookPlayer-aqutoaiklelvyvayxmjgbonardxy/Build/Products/Debug-iphonesimulator/include -Xcc -I/Users/senaca/Library/Developer/Xcode/DerivedData/AudiobookPlayer-aqutoaiklelvyvayxmjgbonardxy/Build/Intermediates.noindex/ZIPFoundation.build/Debug-iphonesimulator/ZIPFoundation.build/DerivedSources-normal/arm64 -Xcc -I/Users/senaca/Library/Developer/Xcode/DerivedData/AudiobookPlayer-aqutoaiklelvyvayxmjgbonardxy/Build/Intermediates.noindex/ZIPFoundation.build/Debug-iphonesimulator/ZIPFoundation.build/DerivedSources/arm64 -Xcc -I/Users/senaca/Library/Developer/Xcode/DerivedData/AudiobookPlayer-aqutoaiklelvyvayxmjgbonardxy/Build/Intermediates.noindex/ZIPFoundation.build/Debug-iphonesimulator/ZIPFoundation.build/DerivedSources -Xcc -DSWIFT_PACKAGE -Xcc -DDEBUG\=1 -emit-objc-header -emit-objc-header-path /Users/senaca/Library/Developer/Xcode/DerivedData/AudiobookPlayer-aqutoaiklelvyvayxmjgbonardxy/Build/Intermediates.noindex/ZIPFoundation.build/Debug-iphonesimulator/ZIPFoundation.build/Objects-normal/arm64/ZIPFoundation-Swift.h -working-directory /Users/senaca/projects/audiobook-player/AudiobookPlayer.xcodeproj -experimental-emit-module-separately -disable-cmo

SwiftEmitModule normal arm64 Emitting\ module\ for\ ZIPFoundation (in target 'ZIPFoundation' from project 'ZIPFoundation')

EmitSwiftModule normal arm64 (in target 'ZIPFoundation' from project 'ZIPFoundation')
    cd /Users/senaca/projects/audiobook-player/AudiobookPlayer.xcodeproj
    

SwiftCompile normal arm64 Compiling\ Archive+Helpers.swift,\ Archive+MemoryFile.swift,\ Archive+Progress.swift /Users/senaca/Library/Developer/Xcode/DerivedData/AudiobookPlayer-aqutoaiklelvyvayxmjgbonardxy/SourcePackages/checkouts/ZIPFoundation/Sources/ZIPFoundation/Archive+Helpers.swift /Users/senaca/Library/Developer/Xcode/DerivedData/AudiobookPlayer-aqutoaiklelvyvayxmjgbonardxy/SourcePackages/checkouts/ZIPFoundation/Sources/ZIPFoundation/Archive+MemoryFile.swift /Users/senaca/Library/Developer/Xcode/DerivedData/AudiobookPlayer-aqutoaiklelvyvayxmjgbonardxy/SourcePackages/checkouts/ZIPFoundation/Sources/ZIPFoundation/Archive+Progress.swift (in target 'ZIPFoundation' from project 'ZIPFoundation')
SwiftCompile normal arm64 /Users/senaca/Library/Developer/Xcode/DerivedData/AudiobookPlayer-aqutoaiklelvyvayxmjgbonardxy/SourcePackages/checkouts/ZIPFoundation/Sources/ZIPFoundation/Archive+Helpers.swift (in target 'ZIPFoundation' from project 'ZIPFoundation')
    cd /Users/senaca/projects/audiobook-player/AudiobookPlayer.xcodeproj
    

SwiftCompile normal arm64 /Users/senaca/Library/Developer/Xcode/DerivedData/AudiobookPlayer-aqutoaiklelvyvayxmjgbonardxy/SourcePackages/checkouts/ZIPFoundation/Sources/ZIPFoundation/Archive+MemoryFile.swift (in target 'ZIPFoundation' from project 'ZIPFoundation')
    cd /Users/senaca/projects/audiobook-player/AudiobookPlayer.xcodeproj
    

SwiftCompile normal arm64 /Users/senaca/Library/Developer/Xcode/DerivedData/AudiobookPlayer-aqutoaiklelvyvayxmjgbonardxy/SourcePackages/checkouts/ZIPFoundation/Sources/ZIPFoundation/Archive+Progress.swift (in target 'ZIPFoundation' from project 'ZIPFoundation')
    cd /Users/senaca/projects/audiobook-player/AudiobookPlayer.xcodeproj
    

SwiftCompile normal arm64 Compiling\ Archive+Reading.swift,\ Archive+ReadingDeprecated.swift,\ Archive+Writing.swift /Users/senaca/Library/Developer/Xcode/DerivedData/AudiobookPlayer-aqutoaiklelvyvayxmjgbonardxy/SourcePackages/checkouts/ZIPFoundation/Sources/ZIPFoundation/Archive+Reading.swift /Users/senaca/Library/Developer/Xcode/DerivedData/AudiobookPlayer-aqutoaiklelvyvayxmjgbonardxy/SourcePackages/checkouts/ZIPFoundation/Sources/ZIPFoundation/Archive+ReadingDeprecated.swift /Users/senaca/Library/Developer/Xcode/DerivedData/AudiobookPlayer-aqutoaiklelvyvayxmjgbonardxy/SourcePackages/checkouts/ZIPFoundation/Sources/ZIPFoundation/Archive+Writing.swift (in target 'ZIPFoundation' from project 'ZIPFoundation')

SwiftCompile normal arm64 /Users/senaca/Library/Developer/Xcode/DerivedData/AudiobookPlayer-aqutoaiklelvyvayxmjgbonardxy/SourcePackages/checkouts/ZIPFoundation/Sources/ZIPFoundation/Archive+Reading.swift (in target 'ZIPFoundation' from project 'ZIPFoundation')
    cd /Users/senaca/projects/audiobook-player/AudiobookPlayer.xcodeproj
    

SwiftCompile normal arm64 /Users/senaca/Library/Developer/Xcode/DerivedData/AudiobookPlayer-aqutoaiklelvyvayxmjgbonardxy/SourcePackages/checkouts/ZIPFoundation/Sources/ZIPFoundation/Archive+ReadingDeprecated.swift (in target 'ZIPFoundation' from project 'ZIPFoundation')
    cd /Users/senaca/projects/audiobook-player/AudiobookPlayer.xcodeproj
    

SwiftCompile normal arm64 /Users/senaca/Library/Developer/Xcode/DerivedData/AudiobookPlayer-aqutoaiklelvyvayxmjgbonardxy/SourcePackages/checkouts/ZIPFoundation/Sources/ZIPFoundation/Archive+Writing.swift (in target 'ZIPFoundation' from project 'ZIPFoundation')
    cd /Users/senaca/projects/audiobook-player/AudiobookPlayer.xcodeproj
    

SwiftCompile normal arm64 Compiling\ resource_bundle_accessor.swift,\ Archive+BackingConfiguration.swift,\ Archive+Deprecated.swift /Users/senaca/Library/Developer/Xcode/DerivedData/AudiobookPlayer-aqutoaiklelvyvayxmjgbonardxy/Build/Intermediates.noindex/ZIPFoundation.build/Debug-iphonesimulator/ZIPFoundation.build/DerivedSources/resource_bundle_accessor.swift /Users/senaca/Library/Developer/Xcode/DerivedData/AudiobookPlayer-aqutoaiklelvyvayxmjgbonardxy/SourcePackages/checkouts/ZIPFoundation/Sources/ZIPFoundation/Archive+BackingConfiguration.swift /Users/senaca/Library/Developer/Xcode/DerivedData/AudiobookPlayer-aqutoaiklelvyvayxmjgbonardxy/SourcePackages/checkouts/ZIPFoundation/Sources/ZIPFoundation/Archive+Deprecated.swift (in target 'ZIPFoundation' from project 'ZIPFoundation')

SwiftCompile normal arm64 /Users/senaca/Library/Developer/Xcode/DerivedData/AudiobookPlayer-aqutoaiklelvyvayxmjgbonardxy/Build/Intermediates.noindex/ZIPFoundation.build/Debug-iphonesimulator/ZIPFoundation.build/DerivedSources/resource_bundle_accessor.swift (in target 'ZIPFoundation' from project 'ZIPFoundation')
    cd /Users/senaca/projects/audiobook-player/AudiobookPlayer.xcodeproj
    

SwiftCompile normal arm64 /Users/senaca/Library/Developer/Xcode/DerivedData/AudiobookPlayer-aqutoaiklelvyvayxmjgbonardxy/SourcePackages/checkouts/ZIPFoundation/Sources/ZIPFoundation/Archive+BackingConfiguration.swift (in target 'ZIPFoundation' from project 'ZIPFoundation')
    cd /Users/senaca/projects/audiobook-player/AudiobookPlayer.xcodeproj
    

SwiftCompile normal arm64 /Users/senaca/Library/Developer/Xcode/DerivedData/AudiobookPlayer-aqutoaiklelvyvayxmjgbonardxy/SourcePackages/checkouts/ZIPFoundation/Sources/ZIPFoundation/Archive+Deprecated.swift (in target 'ZIPFoundation' from project 'ZIPFoundation')
    cd /Users/senaca/projects/audiobook-player/AudiobookPlayer.xcodeproj
    

SwiftCompile normal arm64 Compiling\ FileManager+ZIPDeprecated.swift,\ URL+ZIP.swift /Users/senaca/Library/Developer/Xcode/DerivedData/AudiobookPlayer-aqutoaiklelvyvayxmjgbonardxy/SourcePackages/checkouts/ZIPFoundation/Sources/ZIPFoundation/FileManager+ZIPDeprecated.swift /Users/senaca/Library/Developer/Xcode/DerivedData/AudiobookPlayer-aqutoaiklelvyvayxmjgbonardxy/SourcePackages/checkouts/ZIPFoundation/Sources/ZIPFoundation/URL+ZIP.swift (in target 'ZIPFoundation' from project 'ZIPFoundation')

SwiftCompile normal arm64 /Users/senaca/Library/Developer/Xcode/DerivedData/AudiobookPlayer-aqutoaiklelvyvayxmjgbonardxy/SourcePackages/checkouts/ZIPFoundation/Sources/ZIPFoundation/FileManager+ZIPDeprecated.swift (in target 'ZIPFoundation' from project 'ZIPFoundation')
    cd /Users/senaca/projects/audiobook-player/AudiobookPlayer.xcodeproj
    

SwiftCompile normal arm64 /Users/senaca/Library/Developer/Xcode/DerivedData/AudiobookPlayer-aqutoaiklelvyvayxmjgbonardxy/SourcePackages/checkouts/ZIPFoundation/Sources/ZIPFoundation/URL+ZIP.swift (in target 'ZIPFoundation' from project 'ZIPFoundation')
    cd /Users/senaca/projects/audiobook-player/AudiobookPlayer.xcodeproj
    

SwiftCompile normal arm64 Compiling\ Archive+WritingDeprecated.swift,\ Archive+ZIP64.swift,\ Archive.swift /Users/senaca/Library/Developer/Xcode/DerivedData/AudiobookPlayer-aqutoaiklelvyvayxmjgbonardxy/SourcePackages/checkouts/ZIPFoundation/Sources/ZIPFoundation/Archive+WritingDeprecated.swift /Users/senaca/Library/Developer/Xcode/DerivedData/AudiobookPlayer-aqutoaiklelvyvayxmjgbonardxy/SourcePackages/checkouts/ZIPFoundation/Sources/ZIPFoundation/Archive+ZIP64.swift /Users/senaca/Library/Developer/Xcode/DerivedData/AudiobookPlayer-aqutoaiklelvyvayxmjgbonardxy/SourcePackages/checkouts/ZIPFoundation/Sources/ZIPFoundation/Archive.swift (in target 'ZIPFoundation' from project 'ZIPFoundation')
SwiftCompile normal arm64 /Users/senaca/Library/Developer/Xcode/DerivedData/AudiobookPlayer-aqutoaiklelvyvayxmjgbonardxy/SourcePackages/checkouts/ZIPFoundation/Sources/ZIPFoundation/Archive+WritingDeprecated.swift (in target 'ZIPFoundation' from project 'ZIPFoundation')
    cd /Users/senaca/projects/audiobook-player/AudiobookPlayer.xcodeproj
    

SwiftCompile normal arm64 /Users/senaca/Library/Developer/Xcode/DerivedData/AudiobookPlayer-aqutoaiklelvyvayxmjgbonardxy/SourcePackages/checkouts/ZIPFoundation/Sources/ZIPFoundation/Archive+ZIP64.swift (in target 'ZIPFoundation' from project 'ZIPFoundation')
    cd /Users/senaca/projects/audiobook-player/AudiobookPlayer.xcodeproj
    

SwiftCompile normal arm64 /Users/senaca/Library/Developer/Xcode/DerivedData/AudiobookPlayer-aqutoaiklelvyvayxmjgbonardxy/SourcePackages/checkouts/ZIPFoundation/Sources/ZIPFoundation/Archive.swift (in target 'ZIPFoundation' from project 'ZIPFoundation')
    cd /Users/senaca/projects/audiobook-player/AudiobookPlayer.xcodeproj
    

SwiftCompile normal arm64 Compiling\ Data+Compression.swift,\ Data+CompressionDeprecated.swift,\ Data+Serialization.swift /Users/senaca/Library/Developer/Xcode/DerivedData/AudiobookPlayer-aqutoaiklelvyvayxmjgbonardxy/SourcePackages/checkouts/ZIPFoundation/Sources/ZIPFoundation/Data+Compression.swift /Users/senaca/Library/Developer/Xcode/DerivedData/AudiobookPlayer-aqutoaiklelvyvayxmjgbonardxy/SourcePackages/checkouts/ZIPFoundation/Sources/ZIPFoundation/Data+CompressionDeprecated.swift /Users/senaca/Library/Developer/Xcode/DerivedData/AudiobookPlayer-aqutoaiklelvyvayxmjgbonardxy/SourcePackages/checkouts/ZIPFoundation/Sources/ZIPFoundation/Data+Serialization.swift (in target 'ZIPFoundation' from project 'ZIPFoundation')

SwiftCompile normal arm64 /Users/senaca/Library/Developer/Xcode/DerivedData/AudiobookPlayer-aqutoaiklelvyvayxmjgbonardxy/SourcePackages/checkouts/ZIPFoundation/Sources/ZIPFoundation/Data+Compression.swift (in target 'ZIPFoundation' from project 'ZIPFoundation')
    cd /Users/senaca/projects/audiobook-player/AudiobookPlayer.xcodeproj
    

SwiftCompile normal arm64 /Users/senaca/Library/Developer/Xcode/DerivedData/AudiobookPlayer-aqutoaiklelvyvayxmjgbonardxy/SourcePackages/checkouts/ZIPFoundation/Sources/ZIPFoundation/Data+CompressionDeprecated.swift (in target 'ZIPFoundation' from project 'ZIPFoundation')
    cd /Users/senaca/projects/audiobook-player/AudiobookPlayer.xcodeproj
    

SwiftCompile normal arm64 /Users/senaca/Library/Developer/Xcode/DerivedData/AudiobookPlayer-aqutoaiklelvyvayxmjgbonardxy/SourcePackages/checkouts/ZIPFoundation/Sources/ZIPFoundation/Data+Serialization.swift (in target 'ZIPFoundation' from project 'ZIPFoundation')
    cd /Users/senaca/projects/audiobook-player/AudiobookPlayer.xcodeproj
    

SwiftCompile normal arm64 Compiling\ Date+ZIP.swift,\ Entry+Serialization.swift,\ Entry+ZIP64.swift /Users/senaca/Library/Developer/Xcode/DerivedData/AudiobookPlayer-aqutoaiklelvyvayxmjgbonardxy/SourcePackages/checkouts/ZIPFoundation/Sources/ZIPFoundation/Date+ZIP.swift /Users/senaca/Library/Developer/Xcode/DerivedData/AudiobookPlayer-aqutoaiklelvyvayxmjgbonardxy/SourcePackages/checkouts/ZIPFoundation/Sources/ZIPFoundation/Entry+Serialization.swift /Users/senaca/Library/Developer/Xcode/DerivedData/AudiobookPlayer-aqutoaiklelvyvayxmjgbonardxy/SourcePackages/checkouts/ZIPFoundation/Sources/ZIPFoundation/Entry+ZIP64.swift (in target 'ZIPFoundation' from project 'ZIPFoundation')
SwiftCompile normal arm64 /Users/senaca/Library/Developer/Xcode/DerivedData/AudiobookPlayer-aqutoaiklelvyvayxmjgbonardxy/SourcePackages/checkouts/ZIPFoundation/Sources/ZIPFoundation/Date+ZIP.swift (in target 'ZIPFoundation' from project 'ZIPFoundation')
    cd /Users/senaca/projects/audiobook-player/AudiobookPlayer.xcodeproj
    

SwiftCompile normal arm64 /Users/senaca/Library/Developer/Xcode/DerivedData/AudiobookPlayer-aqutoaiklelvyvayxmjgbonardxy/SourcePackages/checkouts/ZIPFoundation/Sources/ZIPFoundation/Entry+Serialization.swift (in target 'ZIPFoundation' from project 'ZIPFoundation')
    cd /Users/senaca/projects/audiobook-player/AudiobookPlayer.xcodeproj
    

SwiftCompile normal arm64 /Users/senaca/Library/Developer/Xcode/DerivedData/AudiobookPlayer-aqutoaiklelvyvayxmjgbonardxy/SourcePackages/checkouts/ZIPFoundation/Sources/ZIPFoundation/Entry+ZIP64.swift (in target 'ZIPFoundation' from project 'ZIPFoundation')
    cd /Users/senaca/projects/audiobook-player/AudiobookPlayer.xcodeproj
    

SwiftDriverJobDiscovery normal arm64 Compiling FileManager+ZIPDeprecated.swift, URL+ZIP.swift (in target 'ZIPFoundation' from project 'ZIPFoundation')

SwiftCompile normal arm64 Compiling\ Entry.swift,\ FileManager+ZIP.swift /Users/senaca/Library/Developer/Xcode/DerivedData/AudiobookPlayer-aqutoaiklelvyvayxmjgbonardxy/SourcePackages/checkouts/ZIPFoundation/Sources/ZIPFoundation/Entry.swift /Users/senaca/Library/Developer/Xcode/DerivedData/AudiobookPlayer-aqutoaiklelvyvayxmjgbonardxy/SourcePackages/checkouts/ZIPFoundation/Sources/ZIPFoundation/FileManager+ZIP.swift (in target 'ZIPFoundation' from project 'ZIPFoundation')
SwiftCompile normal arm64 /Users/senaca/Library/Developer/Xcode/DerivedData/AudiobookPlayer-aqutoaiklelvyvayxmjgbonardxy/SourcePackages/checkouts/ZIPFoundation/Sources/ZIPFoundation/Entry.swift (in target 'ZIPFoundation' from project 'ZIPFoundation')
    cd /Users/senaca/projects/audiobook-player/AudiobookPlayer.xcodeproj
    

SwiftCompile normal arm64 /Users/senaca/Library/Developer/Xcode/DerivedData/AudiobookPlayer-aqutoaiklelvyvayxmjgbonardxy/SourcePackages/checkouts/ZIPFoundation/Sources/ZIPFoundation/FileManager+ZIP.swift (in target 'ZIPFoundation' from project 'ZIPFoundation')
    cd /Users/senaca/projects/audiobook-player/AudiobookPlayer.xcodeproj
    

SwiftDriverJobDiscovery normal arm64 Compiling resource_bundle_accessor.swift, Archive+BackingConfiguration.swift, Archive+Deprecated.swift (in target 'ZIPFoundation' from project 'ZIPFoundation')

SwiftDriverJobDiscovery normal arm64 Emitting module for ZIPFoundation (in target 'ZIPFoundation' from project 'ZIPFoundation')

SwiftDriver\ Compilation\ Requirements ZIPFoundation normal arm64 com.apple.xcode.tools.swift.compiler (in target 'ZIPFoundation' from project 'ZIPFoundation')
    cd /Users/senaca/projects/audiobook-player/AudiobookPlayer.xcodeproj
    builtin-Swift-Compilation-Requirements -- /Applications/Xcode.app/Contents/Developer/Toolchains/XcodeDefault.xctoolchain/usr/bin/swiftc -module-name ZIPFoundation -Onone -enforce-exclusivity\=checked @/Users/senaca/Library/Developer/Xcode/DerivedData/AudiobookPlayer-aqutoaiklelvyvayxmjgbonardxy/Build/Intermediates.noindex/ZIPFoundation.build/Debug-iphonesimulator/ZIPFoundation.build/Objects-normal/arm64/ZIPFoundation.SwiftFileList -DSWIFT_PACKAGE -DDEBUG -DSWIFT_MODULE_RESOURCE_BUNDLE_AVAILABLE -DXcode -plugin-path /Applications/Xcode.app/Contents/Developer/Toolchains/XcodeDefault.xctoolchain/usr/lib/swift/host/plugins/testing -enable-experimental-feature DebugDescriptionMacro -sdk /Applications/Xcode.app/Contents/Developer/Platforms/iPhoneSimulator.platform/Developer/SDKs/iPhoneSimulator26.0.sdk -target arm64-apple-ios12.0-simulator -g -module-cache-path /Users/senaca/Library/Developer/Xcode/DerivedData/ModuleCache.noindex -Xfrontend -serialize-debugging-options -enable-testing -suppress-warnings -index-store-path /Users/senaca/Library/Developer/Xcode/DerivedData/AudiobookPlayer-aqutoaiklelvyvayxmjgbonardxy/Index.noindex/DataStore -Xcc -D_LIBCPP_HARDENING_MODE\=_LIBCPP_HARDENING_MODE_DEBUG -swift-version 5 -I /Users/senaca/Library/Developer/Xcode/DerivedData/AudiobookPlayer-aqutoaiklelvyvayxmjgbonardxy/Build/Products/Debug-iphonesimulator -Isystem /Applications/Xcode.app/Contents/Developer/Platforms/iPhoneSimulator.platform/Developer/usr/lib -F /Users/senaca/Library/Developer/Xcode/DerivedData/AudiobookPlayer-aqutoaiklelvyvayxmjgbonardxy/Build/Products/Debug-iphonesimulator -F /Applications/Xcode.app/Contents/Developer/Platforms/iPhoneSimulator.platform/Developer/Library/Frameworks -F /Applications/Xcode.app/Contents/Developer/Platforms/iPhoneSimulator.platform/Developer/SDKs/iPhoneSimulator26.0.sdk/Developer/Library/Frameworks -c -j8 -enable-batch-mode -incremental -Xcc -ivfsstatcache -Xcc /Users/senaca/Library/Developer/Xcode/DerivedData/SDKStatCaches.noindex/iphonesimulator26.0-23A339-26257891a6c027eb51374368541b8346.sdkstatcache -output-file-map /Users/senaca/Library/Developer/Xcode/DerivedData/AudiobookPlayer-aqutoaiklelvyvayxmjgbonardxy/Build/Intermediates.noindex/ZIPFoundation.build/Debug-iphonesimulator/ZIPFoundation.build/Objects-normal/arm64/ZIPFoundation-OutputFileMap.json -use-frontend-parseable-output -save-temps -no-color-diagnostics -explicit-module-build -module-cache-path /Users/senaca/Library/Developer/Xcode/DerivedData/AudiobookPlayer-aqutoaiklelvyvayxmjgbonardxy/Build/Intermediates.noindex/SwiftExplicitPrecompiledModules -clang-scanner-module-cache-path /Users/senaca/Library/Developer/Xcode/DerivedData/ModuleCache.noindex -sdk-module-cache-path /Users/senaca/Library/Developer/Xcode/DerivedData/ModuleCache.noindex -serialize-diagnostics -emit-dependencies -emit-module -emit-module-path /Users/senaca/Library/Developer/Xcode/DerivedData/AudiobookPlayer-aqutoaiklelvyvayxmjgbonardxy/Build/Intermediates.noindex/ZIPFoundation.build/Debug-iphonesimulator/ZIPFoundation.build/Objects-normal/arm64/ZIPFoundation.swiftmodule -validate-clang-modules-once -clang-build-session-file /Users/senaca/Library/Developer/Xcode/DerivedData/ModuleCache.noindex/Session.modulevalidation -package-name zipfoundation -Xcc -I/Users/senaca/Library/Developer/Xcode/DerivedData/AudiobookPlayer-aqutoaiklelvyvayxmjgbonardxy/Build/Intermediates.noindex/ZIPFoundation.build/Debug-iphonesimulator/ZIPFoundation.build/swift-overrides.hmap -emit-const-values -Xfrontend -const-gather-protocols-file -Xfrontend /Users/senaca/Library/Developer/Xcode/DerivedData/AudiobookPlayer-aqutoaiklelvyvayxmjgbonardxy/Build/Intermediates.noindex/ZIPFoundation.build/Debug-iphonesimulator/ZIPFoundation.build/Objects-normal/arm64/ZIPFoundation_const_extract_protocols.json -Xcc -I/Users/senaca/Library/Developer/Xcode/DerivedData/AudiobookPlayer-aqutoaiklelvyvayxmjgbonardxy/Build/Products/Debug-iphonesimulator/include -Xcc -I/Users/senaca/Library/Developer/Xcode/DerivedData/AudiobookPlayer-aqutoaiklelvyvayxmjgbonardxy/Build/Intermediates.noindex/ZIPFoundation.build/Debug-iphonesimulator/ZIPFoundation.build/DerivedSources-normal/arm64 -Xcc -I/Users/senaca/Library/Developer/Xcode/DerivedData/AudiobookPlayer-aqutoaiklelvyvayxmjgbonardxy/Build/Intermediates.noindex/ZIPFoundation.build/Debug-iphonesimulator/ZIPFoundation.build/DerivedSources/arm64 -Xcc -I/Users/senaca/Library/Developer/Xcode/DerivedData/AudiobookPlayer-aqutoaiklelvyvayxmjgbonardxy/Build/Intermediates.noindex/ZIPFoundation.build/Debug-iphonesimulator/ZIPFoundation.build/DerivedSources -Xcc -DSWIFT_PACKAGE -Xcc -DDEBUG\=1 -emit-objc-header -emit-objc-header-path /Users/senaca/Library/Developer/Xcode/DerivedData/AudiobookPlayer-aqutoaiklelvyvayxmjgbonardxy/Build/Intermediates.noindex/ZIPFoundation.build/Debug-iphonesimulator/ZIPFoundation.build/Objects-normal/arm64/ZIPFoundation-Swift.h -working-directory /Users/senaca/projects/audiobook-player/AudiobookPlayer.xcodeproj -experimental-emit-module-separately -disable-cmo

SwiftMergeGeneratedHeaders /Users/senaca/Library/Developer/Xcode/DerivedData/AudiobookPlayer-aqutoaiklelvyvayxmjgbonardxy/Build/Intermediates.noindex/GeneratedModuleMaps-iphonesimulator/ZIPFoundation-Swift.h /Users/senaca/Library/Developer/Xcode/DerivedData/AudiobookPlayer-aqutoaiklelvyvayxmjgbonardxy/Build/Intermediates.noindex/ZIPFoundation.build/Debug-iphonesimulator/ZIPFoundation.build/Objects-normal/arm64/ZIPFoundation-Swift.h (in target 'ZIPFoundation' from project 'ZIPFoundation')
    cd /Users/senaca/Library/Developer/Xcode/DerivedData/AudiobookPlayer-aqutoaiklelvyvayxmjgbonardxy/SourcePackages/checkouts/ZIPFoundation
    builtin-swiftHeaderTool -arch arm64 /Users/senaca/Library/Developer/Xcode/DerivedData/AudiobookPlayer-aqutoaiklelvyvayxmjgbonardxy/Build/Intermediates.noindex/ZIPFoundation.build/Debug-iphonesimulator/ZIPFoundation.build/Objects-normal/arm64/ZIPFoundation-Swift.h -o /Users/senaca/Library/Developer/Xcode/DerivedData/AudiobookPlayer-aqutoaiklelvyvayxmjgbonardxy/Build/Intermediates.noindex/GeneratedModuleMaps-iphonesimulator/ZIPFoundation-Swift.h

Copy /Users/senaca/Library/Developer/Xcode/DerivedData/AudiobookPlayer-aqutoaiklelvyvayxmjgbonardxy/Build/Products/Debug-iphonesimulator/ZIPFoundation.swiftmodule/arm64-apple-ios-simulator.swiftmodule /Users/senaca/Library/Developer/Xcode/DerivedData/AudiobookPlayer-aqutoaiklelvyvayxmjgbonardxy/Build/Intermediates.noindex/ZIPFoundation.build/Debug-iphonesimulator/ZIPFoundation.build/Objects-normal/arm64/ZIPFoundation.swiftmodule (in target 'ZIPFoundation' from project 'ZIPFoundation')
    cd /Users/senaca/Library/Developer/Xcode/DerivedData/AudiobookPlayer-aqutoaiklelvyvayxmjgbonardxy/SourcePackages/checkouts/ZIPFoundation
    builtin-copy -exclude .DS_Store -exclude CVS -exclude .svn -exclude .git -exclude .hg -resolve-src-symlinks -rename /Users/senaca/Library/Developer/Xcode/DerivedData/AudiobookPlayer-aqutoaiklelvyvayxmjgbonardxy/Build/Intermediates.noindex/ZIPFoundation.build/Debug-iphonesimulator/ZIPFoundation.build/Objects-normal/arm64/ZIPFoundation.swiftmodule /Users/senaca/Library/Developer/Xcode/DerivedData/AudiobookPlayer-aqutoaiklelvyvayxmjgbonardxy/Build/Products/Debug-iphonesimulator/ZIPFoundation.swiftmodule/arm64-apple-ios-simulator.swiftmodule

Copy /Users/senaca/Library/Developer/Xcode/DerivedData/AudiobookPlayer-aqutoaiklelvyvayxmjgbonardxy/Build/Products/Debug-iphonesimulator/ZIPFoundation.swiftmodule/arm64-apple-ios-simulator.swiftdoc /Users/senaca/Library/Developer/Xcode/DerivedData/AudiobookPlayer-aqutoaiklelvyvayxmjgbonardxy/Build/Intermediates.noindex/ZIPFoundation.build/Debug-iphonesimulator/ZIPFoundation.build/Objects-normal/arm64/ZIPFoundation.swiftdoc (in target 'ZIPFoundation' from project 'ZIPFoundation')
    cd /Users/senaca/Library/Developer/Xcode/DerivedData/AudiobookPlayer-aqutoaiklelvyvayxmjgbonardxy/SourcePackages/checkouts/ZIPFoundation
    builtin-copy -exclude .DS_Store -exclude CVS -exclude .svn -exclude .git -exclude .hg -resolve-src-symlinks -rename /Users/senaca/Library/Developer/Xcode/DerivedData/AudiobookPlayer-aqutoaiklelvyvayxmjgbonardxy/Build/Intermediates.noindex/ZIPFoundation.build/Debug-iphonesimulator/ZIPFoundation.build/Objects-normal/arm64/ZIPFoundation.swiftdoc /Users/senaca/Library/Developer/Xcode/DerivedData/AudiobookPlayer-aqutoaiklelvyvayxmjgbonardxy/Build/Products/Debug-iphonesimulator/ZIPFoundation.swiftmodule/arm64-apple-ios-simulator.swiftdoc

Copy /Users/senaca/Library/Developer/Xcode/DerivedData/AudiobookPlayer-aqutoaiklelvyvayxmjgbonardxy/Build/Products/Debug-iphonesimulator/ZIPFoundation.swiftmodule/arm64-apple-ios-simulator.abi.json /Users/senaca/Library/Developer/Xcode/DerivedData/AudiobookPlayer-aqutoaiklelvyvayxmjgbonardxy/Build/Intermediates.noindex/ZIPFoundation.build/Debug-iphonesimulator/ZIPFoundation.build/Objects-normal/arm64/ZIPFoundation.abi.json (in target 'ZIPFoundation' from project 'ZIPFoundation')
    cd /Users/senaca/Library/Developer/Xcode/DerivedData/AudiobookPlayer-aqutoaiklelvyvayxmjgbonardxy/SourcePackages/checkouts/ZIPFoundation
    builtin-copy -exclude .DS_Store -exclude CVS -exclude .svn -exclude .git -exclude .hg -resolve-src-symlinks -rename /Users/senaca/Library/Developer/Xcode/DerivedData/AudiobookPlayer-aqutoaiklelvyvayxmjgbonardxy/Build/Intermediates.noindex/ZIPFoundation.build/Debug-iphonesimulator/ZIPFoundation.build/Objects-normal/arm64/ZIPFoundation.abi.json /Users/senaca/Library/Developer/Xcode/DerivedData/AudiobookPlayer-aqutoaiklelvyvayxmjgbonardxy/Build/Products/Debug-iphonesimulator/ZIPFoundation.swiftmodule/arm64-apple-ios-simulator.abi.json

Copy /Users/senaca/Library/Developer/Xcode/DerivedData/AudiobookPlayer-aqutoaiklelvyvayxmjgbonardxy/Build/Products/Debug-iphonesimulator/ZIPFoundation.swiftmodule/Project/arm64-apple-ios-simulator.swiftsourceinfo /Users/senaca/Library/Developer/Xcode/DerivedData/AudiobookPlayer-aqutoaiklelvyvayxmjgbonardxy/Build/Intermediates.noindex/ZIPFoundation.build/Debug-iphonesimulator/ZIPFoundation.build/Objects-normal/arm64/ZIPFoundation.swiftsourceinfo (in target 'ZIPFoundation' from project 'ZIPFoundation')
    cd /Users/senaca/Library/Developer/Xcode/DerivedData/AudiobookPlayer-aqutoaiklelvyvayxmjgbonardxy/SourcePackages/checkouts/ZIPFoundation
    builtin-copy -exclude .DS_Store -exclude CVS -exclude .svn -exclude .git -exclude .hg -resolve-src-symlinks -rename /Users/senaca/Library/Developer/Xcode/DerivedData/AudiobookPlayer-aqutoaiklelvyvayxmjgbonardxy/Build/Intermediates.noindex/ZIPFoundation.build/Debug-iphonesimulator/ZIPFoundation.build/Objects-normal/arm64/ZIPFoundation.swiftsourceinfo /Users/senaca/Library/Developer/Xcode/DerivedData/AudiobookPlayer-aqutoaiklelvyvayxmjgbonardxy/Build/Products/Debug-iphonesimulator/ZIPFoundation.swiftmodule/Project/arm64-apple-ios-simulator.swiftsourceinfo

SwiftExplicitDependencyGeneratePcm arm64 /Users/senaca/Library/Developer/Xcode/DerivedData/AudiobookPlayer-aqutoaiklelvyvayxmjgbonardxy/Build/Intermediates.noindex/SwiftExplicitPrecompiledModules/GRDBSQLite-D4043QLOZOU8UWZVW0N5YPGG7.pcm

SwiftEmitModule normal arm64 Emitting\ module\ for\ GRDB (in target 'GRDB' from project 'GRDB')
EmitSwiftModule normal arm64 (in target 'GRDB' from project 'GRDB')
    cd /Users/senaca/projects/audiobook-player/AudiobookPlayer.xcodeproj
    

SwiftCompile normal arm64 Compiling\ Inflections.swift,\ Mutex.swift,\ OnDemandFuture.swift,\ OrderedDictionary.swift,\ Pool.swift,\ ReadWriteLock.swift,\ ReceiveValuesOn.swift,\ Refinable.swift,\ Utils.swift,\ DatabaseCancellable.swift,\ ValueConcurrentObserver.swift,\ ValueWriteOnlyObserver.swift,\ Fetch.swift,\ Map.swift,\ RemoveDuplicates.swift,\ Trace.swift,\ ValueReducer.swift,\ SharedValueObservation.swift,\ ValueObservation.swift,\ ValueObservationScheduler.swift /Users/senaca/Library/Developer/Xcode/DerivedData/AudiobookPlayer-aqutoaiklelvyvayxmjgbonardxy/SourcePackages/checkouts/GRDB.swift/GRDB/Utils/Inflections.swift /Users/senaca/Library/Developer/Xcode/DerivedData/AudiobookPlayer-aqutoaiklelvyvayxmjgbonardxy/SourcePackages/checkouts/GRDB.swift/GRDB/Utils/Mutex.swift /Users/senaca/Library/Developer/Xcode/DerivedData/AudiobookPlayer-aqutoaiklelvyvayxmjgbonardxy/SourcePackages/checkouts/GRDB.swift/GRDB/Utils/OnDemandFuture.swift /Users/senaca/Library/Developer/Xcode/DerivedData/AudiobookPlayer-aqutoaiklelvyvayxmjgbonardxy/SourcePackages/checkouts/GRDB.swift/GRDB/Utils/OrderedDictionary.swift /Users/senaca/Library/Developer/Xcode/DerivedData/AudiobookPlayer-aqutoaiklelvyvayxmjgbonardxy/SourcePackages/checkouts/GRDB.swift/GRDB/Utils/Pool.swift /Users/senaca/Library/Developer/Xcode/DerivedData/AudiobookPlayer-aqutoaiklelvyvayxmjgbonardxy/SourcePackages/checkouts/GRDB.swift/GRDB/Utils/ReadWriteLock.swift /Users/senaca/Library/Developer/Xcode/DerivedData/AudiobookPlayer-aqutoaiklelvyvayxmjgbonardxy/SourcePackages/checkouts/GRDB.swift/GRDB/Utils/ReceiveValuesOn.swift /Users/senaca/Library/Developer/Xcode/DerivedData/AudiobookPlayer-aqutoaiklelvyvayxmjgbonardxy/SourcePackages/checkouts/GRDB.swift/GRDB/Utils/Refinable.swift /Users/senaca/Library/Developer/Xcode/DerivedData/AudiobookPlayer-aqutoaiklelvyvayxmjgbonardxy/SourcePackages/checkouts/GRDB.swift/GRDB/Utils/Utils.swift /Users/senaca/Library/Developer/Xcode/DerivedData/AudiobookPlayer-aqutoaiklelvyvayxmjgbonardxy/SourcePackages/checkouts/GRDB.swift/GRDB/ValueObservation/DatabaseCancellable.swift /Users/senaca/Library/Developer/Xcode/DerivedData/AudiobookPlayer-aqutoaiklelvyvayxmjgbonardxy/SourcePackages/checkouts/GRDB.swift/GRDB/ValueObservation/Observers/ValueConcurrentObserver.swift /Users/senaca/Library/Developer/Xcode/DerivedData/AudiobookPlayer-aqutoaiklelvyvayxmjgbonardxy/SourcePackages/checkouts/GRDB.swift/GRDB/ValueObservation/Observers/ValueWriteOnlyObserver.swift /Users/senaca/Library/Developer/Xcode/DerivedData/AudiobookPlayer-aqutoaiklelvyvayxmjgbonardxy/SourcePackages/checkouts/GRDB.swift/GRDB/ValueObservation/Reducers/Fetch.swift /Users/senaca/Library/Developer/Xcode/DerivedData/AudiobookPlayer-aqutoaiklelvyvayxmjgbonardxy/SourcePackages/checkouts/GRDB.swift/GRDB/ValueObservation/Reducers/Map.swift /Users/senaca/Library/Developer/Xcode/DerivedData/AudiobookPlayer-aqutoaiklelvyvayxmjgbonardxy/SourcePackages/checkouts/GRDB.swift/GRDB/ValueObservation/Reducers/RemoveDuplicates.swift /Users/senaca/Library/Developer/Xcode/DerivedData/AudiobookPlayer-aqutoaiklelvyvayxmjgbonardxy/SourcePackages/checkouts/GRDB.swift/GRDB/ValueObservation/Reducers/Trace.swift /Users/senaca/Library/Developer/Xcode/DerivedData/AudiobookPlayer-aqutoaiklelvyvayxmjgbonardxy/SourcePackages/checkouts/GRDB.swift/GRDB/ValueObservation/Reducers/ValueReducer.swift /Users/senaca/Library/Developer/Xcode/DerivedData/AudiobookPlayer-aqutoaiklelvyvayxmjgbonardxy/SourcePackages/checkouts/GRDB.swift/GRDB/ValueObservation/SharedValueObservation.swift /Users/senaca/Library/Developer/Xcode/DerivedData/AudiobookPlayer-aqutoaiklelvyvayxmjgbonardxy/SourcePackages/checkouts/GRDB.swift/GRDB/ValueObservation/ValueObservation.swift /Users/senaca/Library/Developer/Xcode/DerivedData/AudiobookPlayer-aqutoaiklelvyvayxmjgbonardxy/SourcePackages/checkouts/GRDB.swift/GRDB/ValueObservation/ValueObservationScheduler.swift (in target 'GRDB' from project 'GRDB')

SwiftCompile normal arm64 /Users/senaca/Library/Developer/Xcode/DerivedData/AudiobookPlayer-aqutoaiklelvyvayxmjgbonardxy/SourcePackages/checkouts/GRDB.swift/GRDB/Utils/Inflections.swift (in target 'GRDB' from project 'GRDB')
    cd /Users/senaca/projects/audiobook-player/AudiobookPlayer.xcodeproj
    

SwiftCompile normal arm64 /Users/senaca/Library/Developer/Xcode/DerivedData/AudiobookPlayer-aqutoaiklelvyvayxmjgbonardxy/SourcePackages/checkouts/GRDB.swift/GRDB/Utils/Mutex.swift (in target 'GRDB' from project 'GRDB')
    cd /Users/senaca/projects/audiobook-player/AudiobookPlayer.xcodeproj
    

SwiftCompile normal arm64 /Users/senaca/Library/Developer/Xcode/DerivedData/AudiobookPlayer-aqutoaiklelvyvayxmjgbonardxy/SourcePackages/checkouts/GRDB.swift/GRDB/Utils/OnDemandFuture.swift (in target 'GRDB' from project 'GRDB')
    cd /Users/senaca/projects/audiobook-player/AudiobookPlayer.xcodeproj
    

SwiftCompile normal arm64 /Users/senaca/Library/Developer/Xcode/DerivedData/AudiobookPlayer-aqutoaiklelvyvayxmjgbonardxy/SourcePackages/checkouts/GRDB.swift/GRDB/Utils/OrderedDictionary.swift (in target 'GRDB' from project 'GRDB')
    cd /Users/senaca/projects/audiobook-player/AudiobookPlayer.xcodeproj
    

SwiftCompile normal arm64 /Users/senaca/Library/Developer/Xcode/DerivedData/AudiobookPlayer-aqutoaiklelvyvayxmjgbonardxy/SourcePackages/checkouts/GRDB.swift/GRDB/Utils/Pool.swift (in target 'GRDB' from project 'GRDB')
    cd /Users/senaca/projects/audiobook-player/AudiobookPlayer.xcodeproj
    

SwiftCompile normal arm64 /Users/senaca/Library/Developer/Xcode/DerivedData/AudiobookPlayer-aqutoaiklelvyvayxmjgbonardxy/SourcePackages/checkouts/GRDB.swift/GRDB/Utils/ReadWriteLock.swift (in target 'GRDB' from project 'GRDB')
    cd /Users/senaca/projects/audiobook-player/AudiobookPlayer.xcodeproj
    

SwiftCompile normal arm64 /Users/senaca/Library/Developer/Xcode/DerivedData/AudiobookPlayer-aqutoaiklelvyvayxmjgbonardxy/SourcePackages/checkouts/GRDB.swift/GRDB/Utils/ReceiveValuesOn.swift (in target 'GRDB' from project 'GRDB')
    cd /Users/senaca/projects/audiobook-player/AudiobookPlayer.xcodeproj
    

SwiftCompile normal arm64 /Users/senaca/Library/Developer/Xcode/DerivedData/AudiobookPlayer-aqutoaiklelvyvayxmjgbonardxy/SourcePackages/checkouts/GRDB.swift/GRDB/Utils/Refinable.swift (in target 'GRDB' from project 'GRDB')
    cd /Users/senaca/projects/audiobook-player/AudiobookPlayer.xcodeproj
    

SwiftCompile normal arm64 /Users/senaca/Library/Developer/Xcode/DerivedData/AudiobookPlayer-aqutoaiklelvyvayxmjgbonardxy/SourcePackages/checkouts/GRDB.swift/GRDB/Utils/Utils.swift (in target 'GRDB' from project 'GRDB')
    cd /Users/senaca/projects/audiobook-player/AudiobookPlayer.xcodeproj
    

SwiftCompile normal arm64 /Users/senaca/Library/Developer/Xcode/DerivedData/AudiobookPlayer-aqutoaiklelvyvayxmjgbonardxy/SourcePackages/checkouts/GRDB.swift/GRDB/ValueObservation/DatabaseCancellable.swift (in target 'GRDB' from project 'GRDB')
    cd /Users/senaca/projects/audiobook-player/AudiobookPlayer.xcodeproj
    

SwiftCompile normal arm64 /Users/senaca/Library/Developer/Xcode/DerivedData/AudiobookPlayer-aqutoaiklelvyvayxmjgbonardxy/SourcePackages/checkouts/GRDB.swift/GRDB/ValueObservation/Observers/ValueConcurrentObserver.swift (in target 'GRDB' from project 'GRDB')
    cd /Users/senaca/projects/audiobook-player/AudiobookPlayer.xcodeproj
    

SwiftCompile normal arm64 /Users/senaca/Library/Developer/Xcode/DerivedData/AudiobookPlayer-aqutoaiklelvyvayxmjgbonardxy/SourcePackages/checkouts/GRDB.swift/GRDB/ValueObservation/Observers/ValueWriteOnlyObserver.swift (in target 'GRDB' from project 'GRDB')
    cd /Users/senaca/projects/audiobook-player/AudiobookPlayer.xcodeproj
    

SwiftCompile normal arm64 /Users/senaca/Library/Developer/Xcode/DerivedData/AudiobookPlayer-aqutoaiklelvyvayxmjgbonardxy/SourcePackages/checkouts/GRDB.swift/GRDB/ValueObservation/Reducers/Fetch.swift (in target 'GRDB' from project 'GRDB')
    cd /Users/senaca/projects/audiobook-player/AudiobookPlayer.xcodeproj
    

SwiftCompile normal arm64 /Users/senaca/Library/Developer/Xcode/DerivedData/AudiobookPlayer-aqutoaiklelvyvayxmjgbonardxy/SourcePackages/checkouts/GRDB.swift/GRDB/ValueObservation/Reducers/Map.swift (in target 'GRDB' from project 'GRDB')
    cd /Users/senaca/projects/audiobook-player/AudiobookPlayer.xcodeproj
    

SwiftCompile normal arm64 /Users/senaca/Library/Developer/Xcode/DerivedData/AudiobookPlayer-aqutoaiklelvyvayxmjgbonardxy/SourcePackages/checkouts/GRDB.swift/GRDB/ValueObservation/Reducers/RemoveDuplicates.swift (in target 'GRDB' from project 'GRDB')
    cd /Users/senaca/projects/audiobook-player/AudiobookPlayer.xcodeproj
    

SwiftCompile normal arm64 /Users/senaca/Library/Developer/Xcode/DerivedData/AudiobookPlayer-aqutoaiklelvyvayxmjgbonardxy/SourcePackages/checkouts/GRDB.swift/GRDB/ValueObservation/Reducers/Trace.swift (in target 'GRDB' from project 'GRDB')
    cd /Users/senaca/projects/audiobook-player/AudiobookPlayer.xcodeproj
    

SwiftCompile normal arm64 /Users/senaca/Library/Developer/Xcode/DerivedData/AudiobookPlayer-aqutoaiklelvyvayxmjgbonardxy/SourcePackages/checkouts/GRDB.swift/GRDB/ValueObservation/Reducers/ValueReducer.swift (in target 'GRDB' from project 'GRDB')
    cd /Users/senaca/projects/audiobook-player/AudiobookPlayer.xcodeproj
    

SwiftCompile normal arm64 /Users/senaca/Library/Developer/Xcode/DerivedData/AudiobookPlayer-aqutoaiklelvyvayxmjgbonardxy/SourcePackages/checkouts/GRDB.swift/GRDB/ValueObservation/SharedValueObservation.swift (in target 'GRDB' from project 'GRDB')
    cd /Users/senaca/projects/audiobook-player/AudiobookPlayer.xcodeproj
    

SwiftCompile normal arm64 /Users/senaca/Library/Developer/Xcode/DerivedData/AudiobookPlayer-aqutoaiklelvyvayxmjgbonardxy/SourcePackages/checkouts/GRDB.swift/GRDB/ValueObservation/ValueObservation.swift (in target 'GRDB' from project 'GRDB')
    cd /Users/senaca/projects/audiobook-player/AudiobookPlayer.xcodeproj
    

SwiftCompile normal arm64 /Users/senaca/Library/Developer/Xcode/DerivedData/AudiobookPlayer-aqutoaiklelvyvayxmjgbonardxy/SourcePackages/checkouts/GRDB.swift/GRDB/ValueObservation/ValueObservationScheduler.swift (in target 'GRDB' from project 'GRDB')
    cd /Users/senaca/projects/audiobook-player/AudiobookPlayer.xcodeproj
    

SwiftCompile normal arm64 Compiling\ SQLOrdering.swift,\ SQLRelation.swift,\ SQLSelection.swift,\ SQLSubquery.swift,\ Table.swift,\ SQLColumnGenerator.swift,\ SQLGenerationContext.swift,\ SQLIndexGenerator.swift,\ SQLQueryGenerator.swift,\ SQLTableAlterationGenerator.swift,\ SQLTableGenerator.swift,\ TableAlias.swift,\ SQLInterpolation+QueryInterface.swift,\ ColumnDefinition.swift,\ Database+SchemaDefinition.swift,\ ForeignKeyDefinition.swift,\ IndexDefinition.swift,\ TableAlteration.swift,\ TableDefinition.swift,\ VirtualTableModule.swift,\ TableRecord+Association.swift /Users/senaca/Library/Developer/Xcode/DerivedData/AudiobookPlayer-aqutoaiklelvyvayxmjgbonardxy/SourcePackages/checkouts/GRDB.swift/GRDB/QueryInterface/SQL/SQLOrdering.swift /Users/senaca/Library/Developer/Xcode/DerivedData/AudiobookPlayer-aqutoaiklelvyvayxmjgbonardxy/SourcePackages/checkouts/GRDB.swift/GRDB/QueryInterface/SQL/SQLRelation.swift /Users/senaca/Library/Developer/Xcode/DerivedData/AudiobookPlayer-aqutoaiklelvyvayxmjgbonardxy/SourcePackages/checkouts/GRDB.swift/GRDB/QueryInterface/SQL/SQLSelection.swift /Users/senaca/Library/Developer/Xcode/DerivedData/AudiobookPlayer-aqutoaiklelvyvayxmjgbonardxy/SourcePackages/checkouts/GRDB.swift/GRDB/QueryInterface/SQL/SQLSubquery.swift /Users/senaca/Library/Developer/Xcode/DerivedData/AudiobookPlayer-aqutoaiklelvyvayxmjgbonardxy/SourcePackages/checkouts/GRDB.swift/GRDB/QueryInterface/SQL/Table.swift /Users/senaca/Library/Developer/Xcode/DerivedData/AudiobookPlayer-aqutoaiklelvyvayxmjgbonardxy/SourcePackages/checkouts/GRDB.swift/GRDB/QueryInterface/SQLGeneration/SQLColumnGenerator.swift /Users/senaca/Library/Developer/Xcode/DerivedData/AudiobookPlayer-aqutoaiklelvyvayxmjgbonardxy/SourcePackages/checkouts/GRDB.swift/GRDB/QueryInterface/SQLGeneration/SQLGenerationContext.swift /Users/senaca/Library/Developer/Xcode/DerivedData/AudiobookPlayer-aqutoaiklelvyvayxmjgbonardxy/SourcePackages/checkouts/GRDB.swift/GRDB/QueryInterface/SQLGeneration/SQLIndexGenerator.swift /Users/senaca/Library/Developer/Xcode/DerivedData/AudiobookPlayer-aqutoaiklelvyvayxmjgbonardxy/SourcePackages/checkouts/GRDB.swift/GRDB/QueryInterface/SQLGeneration/SQLQueryGenerator.swift /Users/senaca/Library/Developer/Xcode/DerivedData/AudiobookPlayer-aqutoaiklelvyvayxmjgbonardxy/SourcePackages/checkouts/GRDB.swift/GRDB/QueryInterface/SQLGeneration/SQLTableAlterationGenerator.swift /Users/senaca/Library/Developer/Xcode/DerivedData/AudiobookPlayer-aqutoaiklelvyvayxmjgbonardxy/SourcePackages/checkouts/GRDB.swift/GRDB/QueryInterface/SQLGeneration/SQLTableGenerator.swift /Users/senaca/Library/Developer/Xcode/DerivedData/AudiobookPlayer-aqutoaiklelvyvayxmjgbonardxy/SourcePackages/checkouts/GRDB.swift/GRDB/QueryInterface/SQLGeneration/TableAlias.swift /Users/senaca/Library/Developer/Xcode/DerivedData/AudiobookPlayer-aqutoaiklelvyvayxmjgbonardxy/SourcePackages/checkouts/GRDB.swift/GRDB/QueryInterface/SQLInterpolation+QueryInterface.swift /Users/senaca/Library/Developer/Xcode/DerivedData/AudiobookPlayer-aqutoaiklelvyvayxmjgbonardxy/SourcePackages/checkouts/GRDB.swift/GRDB/QueryInterface/Schema/ColumnDefinition.swift /Users/senaca/Library/Developer/Xcode/DerivedData/AudiobookPlayer-aqutoaiklelvyvayxmjgbonardxy/SourcePackages/checkouts/GRDB.swift/GRDB/QueryInterface/Schema/Database+SchemaDefinition.swift /Users/senaca/Library/Developer/Xcode/DerivedData/AudiobookPlayer-aqutoaiklelvyvayxmjgbonardxy/SourcePackages/checkouts/GRDB.swift/GRDB/QueryInterface/Schema/ForeignKeyDefinition.swift /Users/senaca/Library/Developer/Xcode/DerivedData/AudiobookPlayer-aqutoaiklelvyvayxmjgbonardxy/SourcePackages/checkouts/GRDB.swift/GRDB/QueryInterface/Schema/IndexDefinition.swift /Users/senaca/Library/Developer/Xcode/DerivedData/AudiobookPlayer-aqutoaiklelvyvayxmjgbonardxy/SourcePackages/checkouts/GRDB.swift/GRDB/QueryInterface/Schema/TableAlteration.swift /Users/senaca/Library/Developer/Xcode/DerivedData/AudiobookPlayer-aqutoaiklelvyvayxmjgbonardxy/SourcePackages/checkouts/GRDB.swift/GRDB/QueryInterface/Schema/TableDefinition.swift /Users/senaca/Library/Developer/Xcode/DerivedData/AudiobookPlayer-aqutoaiklelvyvayxmjgbonardxy/SourcePackages/checkouts/GRDB.swift/GRDB/QueryInterface/Schema/VirtualTableModule.swift /Users/senaca/Library/Developer/Xcode/DerivedData/AudiobookPlayer-aqutoaiklelvyvayxmjgbonardxy/SourcePackages/checkouts/GRDB.swift/GRDB/QueryInterface/TableRecord+Association.swift (in target 'GRDB' from project 'GRDB')
SwiftCompile normal arm64 /Users/senaca/Library/Developer/Xcode/DerivedData/AudiobookPlayer-aqutoaiklelvyvayxmjgbonardxy/SourcePackages/checkouts/GRDB.swift/GRDB/QueryInterface/SQL/SQLOrdering.swift (in target 'GRDB' from project 'GRDB')
    cd /Users/senaca/projects/audiobook-player/AudiobookPlayer.xcodeproj
    

SwiftCompile normal arm64 /Users/senaca/Library/Developer/Xcode/DerivedData/AudiobookPlayer-aqutoaiklelvyvayxmjgbonardxy/SourcePackages/checkouts/GRDB.swift/GRDB/QueryInterface/SQL/SQLRelation.swift (in target 'GRDB' from project 'GRDB')
    cd /Users/senaca/projects/audiobook-player/AudiobookPlayer.xcodeproj
    

SwiftCompile normal arm64 /Users/senaca/Library/Developer/Xcode/DerivedData/AudiobookPlayer-aqutoaiklelvyvayxmjgbonardxy/SourcePackages/checkouts/GRDB.swift/GRDB/QueryInterface/SQL/SQLSelection.swift (in target 'GRDB' from project 'GRDB')
    cd /Users/senaca/projects/audiobook-player/AudiobookPlayer.xcodeproj
    

SwiftCompile normal arm64 /Users/senaca/Library/Developer/Xcode/DerivedData/AudiobookPlayer-aqutoaiklelvyvayxmjgbonardxy/SourcePackages/checkouts/GRDB.swift/GRDB/QueryInterface/SQL/SQLSubquery.swift (in target 'GRDB' from project 'GRDB')
    cd /Users/senaca/projects/audiobook-player/AudiobookPlayer.xcodeproj
    

SwiftCompile normal arm64 /Users/senaca/Library/Developer/Xcode/DerivedData/AudiobookPlayer-aqutoaiklelvyvayxmjgbonardxy/SourcePackages/checkouts/GRDB.swift/GRDB/QueryInterface/SQL/Table.swift (in target 'GRDB' from project 'GRDB')
    cd /Users/senaca/projects/audiobook-player/AudiobookPlayer.xcodeproj
    

SwiftCompile normal arm64 /Users/senaca/Library/Developer/Xcode/DerivedData/AudiobookPlayer-aqutoaiklelvyvayxmjgbonardxy/SourcePackages/checkouts/GRDB.swift/GRDB/QueryInterface/SQLGeneration/SQLColumnGenerator.swift (in target 'GRDB' from project 'GRDB')
    cd /Users/senaca/projects/audiobook-player/AudiobookPlayer.xcodeproj
    

SwiftCompile normal arm64 /Users/senaca/Library/Developer/Xcode/DerivedData/AudiobookPlayer-aqutoaiklelvyvayxmjgbonardxy/SourcePackages/checkouts/GRDB.swift/GRDB/QueryInterface/SQLGeneration/SQLGenerationContext.swift (in target 'GRDB' from project 'GRDB')
    cd /Users/senaca/projects/audiobook-player/AudiobookPlayer.xcodeproj
    

SwiftCompile normal arm64 /Users/senaca/Library/Developer/Xcode/DerivedData/AudiobookPlayer-aqutoaiklelvyvayxmjgbonardxy/SourcePackages/checkouts/GRDB.swift/GRDB/QueryInterface/SQLGeneration/SQLIndexGenerator.swift (in target 'GRDB' from project 'GRDB')
    cd /Users/senaca/projects/audiobook-player/AudiobookPlayer.xcodeproj
    

SwiftCompile normal arm64 /Users/senaca/Library/Developer/Xcode/DerivedData/AudiobookPlayer-aqutoaiklelvyvayxmjgbonardxy/SourcePackages/checkouts/GRDB.swift/GRDB/QueryInterface/SQLGeneration/SQLQueryGenerator.swift (in target 'GRDB' from project 'GRDB')
    cd /Users/senaca/projects/audiobook-player/AudiobookPlayer.xcodeproj
    

SwiftCompile normal arm64 /Users/senaca/Library/Developer/Xcode/DerivedData/AudiobookPlayer-aqutoaiklelvyvayxmjgbonardxy/SourcePackages/checkouts/GRDB.swift/GRDB/QueryInterface/SQLGeneration/SQLTableAlterationGenerator.swift (in target 'GRDB' from project 'GRDB')
    cd /Users/senaca/projects/audiobook-player/AudiobookPlayer.xcodeproj
    

SwiftCompile normal arm64 /Users/senaca/Library/Developer/Xcode/DerivedData/AudiobookPlayer-aqutoaiklelvyvayxmjgbonardxy/SourcePackages/checkouts/GRDB.swift/GRDB/QueryInterface/SQLGeneration/SQLTableGenerator.swift (in target 'GRDB' from project 'GRDB')
    cd /Users/senaca/projects/audiobook-player/AudiobookPlayer.xcodeproj
    

SwiftCompile normal arm64 /Users/senaca/Library/Developer/Xcode/DerivedData/AudiobookPlayer-aqutoaiklelvyvayxmjgbonardxy/SourcePackages/checkouts/GRDB.swift/GRDB/QueryInterface/SQLGeneration/TableAlias.swift (in target 'GRDB' from project 'GRDB')
    cd /Users/senaca/projects/audiobook-player/AudiobookPlayer.xcodeproj
    

SwiftCompile normal arm64 /Users/senaca/Library/Developer/Xcode/DerivedData/AudiobookPlayer-aqutoaiklelvyvayxmjgbonardxy/SourcePackages/checkouts/GRDB.swift/GRDB/QueryInterface/SQLInterpolation+QueryInterface.swift (in target 'GRDB' from project 'GRDB')
    cd /Users/senaca/projects/audiobook-player/AudiobookPlayer.xcodeproj
    

SwiftCompile normal arm64 /Users/senaca/Library/Developer/Xcode/DerivedData/AudiobookPlayer-aqutoaiklelvyvayxmjgbonardxy/SourcePackages/checkouts/GRDB.swift/GRDB/QueryInterface/Schema/ColumnDefinition.swift (in target 'GRDB' from project 'GRDB')
    cd /Users/senaca/projects/audiobook-player/AudiobookPlayer.xcodeproj
    

SwiftCompile normal arm64 /Users/senaca/Library/Developer/Xcode/DerivedData/AudiobookPlayer-aqutoaiklelvyvayxmjgbonardxy/SourcePackages/checkouts/GRDB.swift/GRDB/QueryInterface/Schema/Database+SchemaDefinition.swift (in target 'GRDB' from project 'GRDB')
    cd /Users/senaca/projects/audiobook-player/AudiobookPlayer.xcodeproj
    

SwiftCompile normal arm64 /Users/senaca/Library/Developer/Xcode/DerivedData/AudiobookPlayer-aqutoaiklelvyvayxmjgbonardxy/SourcePackages/checkouts/GRDB.swift/GRDB/QueryInterface/Schema/ForeignKeyDefinition.swift (in target 'GRDB' from project 'GRDB')
    cd /Users/senaca/projects/audiobook-player/AudiobookPlayer.xcodeproj
    

SwiftCompile normal arm64 /Users/senaca/Library/Developer/Xcode/DerivedData/AudiobookPlayer-aqutoaiklelvyvayxmjgbonardxy/SourcePackages/checkouts/GRDB.swift/GRDB/QueryInterface/Schema/IndexDefinition.swift (in target 'GRDB' from project 'GRDB')
    cd /Users/senaca/projects/audiobook-player/AudiobookPlayer.xcodeproj
    

SwiftCompile normal arm64 /Users/senaca/Library/Developer/Xcode/DerivedData/AudiobookPlayer-aqutoaiklelvyvayxmjgbonardxy/SourcePackages/checkouts/GRDB.swift/GRDB/QueryInterface/Schema/TableAlteration.swift (in target 'GRDB' from project 'GRDB')
    cd /Users/senaca/projects/audiobook-player/AudiobookPlayer.xcodeproj
    

SwiftCompile normal arm64 /Users/senaca/Library/Developer/Xcode/DerivedData/AudiobookPlayer-aqutoaiklelvyvayxmjgbonardxy/SourcePackages/checkouts/GRDB.swift/GRDB/QueryInterface/Schema/TableDefinition.swift (in target 'GRDB' from project 'GRDB')
    cd /Users/senaca/projects/audiobook-player/AudiobookPlayer.xcodeproj
    

SwiftCompile normal arm64 /Users/senaca/Library/Developer/Xcode/DerivedData/AudiobookPlayer-aqutoaiklelvyvayxmjgbonardxy/SourcePackages/checkouts/GRDB.swift/GRDB/QueryInterface/Schema/VirtualTableModule.swift (in target 'GRDB' from project 'GRDB')
    cd /Users/senaca/projects/audiobook-player/AudiobookPlayer.xcodeproj
    

SwiftCompile normal arm64 /Users/senaca/Library/Developer/Xcode/DerivedData/AudiobookPlayer-aqutoaiklelvyvayxmjgbonardxy/SourcePackages/checkouts/GRDB.swift/GRDB/QueryInterface/TableRecord+Association.swift (in target 'GRDB' from project 'GRDB')
    cd /Users/senaca/projects/audiobook-player/AudiobookPlayer.xcodeproj
    

SwiftDriverJobDiscovery normal arm64 Compiling Data+Compression.swift, Data+CompressionDeprecated.swift, Data+Serialization.swift (in target 'ZIPFoundation' from project 'ZIPFoundation')

SwiftCompile normal arm64 Compiling\ JSONDumpFormat.swift,\ LineDumpFormat.swift,\ ListDumpFormat.swift,\ QuoteDumpFormat.swift,\ FTS3.swift,\ FTS3Pattern.swift,\ FTS3TokenizerDescriptor.swift,\ FTS4.swift,\ FTS5.swift,\ FTS5CustomTokenizer.swift,\ FTS5Pattern.swift,\ FTS5Tokenizer.swift,\ FTS5TokenizerDescriptor.swift,\ FTS5WrapperTokenizer.swift,\ Fixits.swift,\ JSONColumn.swift,\ SQLJSONExpressible.swift,\ SQLJSONFunctions.swift,\ DatabaseMigrator.swift,\ Migration.swift,\ FTS3+QueryInterface.swift /Users/senaca/Library/Developer/Xcode/DerivedData/AudiobookPlayer-aqutoaiklelvyvayxmjgbonardxy/SourcePackages/checkouts/GRDB.swift/GRDB/Dump/DumpFormats/JSONDumpFormat.swift /Users/senaca/Library/Developer/Xcode/DerivedData/AudiobookPlayer-aqutoaiklelvyvayxmjgbonardxy/SourcePackages/checkouts/GRDB.swift/GRDB/Dump/DumpFormats/LineDumpFormat.swift /Users/senaca/Library/Developer/Xcode/DerivedData/AudiobookPlayer-aqutoaiklelvyvayxmjgbonardxy/SourcePackages/checkouts/GRDB.swift/GRDB/Dump/DumpFormats/ListDumpFormat.swift /Users/senaca/Library/Developer/Xcode/DerivedData/AudiobookPlayer-aqutoaiklelvyvayxmjgbonardxy/SourcePackages/checkouts/GRDB.swift/GRDB/Dump/DumpFormats/QuoteDumpFormat.swift /Users/senaca/Library/Developer/Xcode/DerivedData/AudiobookPlayer-aqutoaiklelvyvayxmjgbonardxy/SourcePackages/checkouts/GRDB.swift/GRDB/FTS/FTS3.swift /Users/senaca/Library/Developer/Xcode/DerivedData/AudiobookPlayer-aqutoaiklelvyvayxmjgbonardxy/SourcePackages/checkouts/GRDB.swift/GRDB/FTS/FTS3Pattern.swift /Users/senaca/Library/Developer/Xcode/DerivedData/AudiobookPlayer-aqutoaiklelvyvayxmjgbonardxy/SourcePackages/checkouts/GRDB.swift/GRDB/FTS/FTS3TokenizerDescriptor.swift /Users/senaca/Library/Developer/Xcode/DerivedData/AudiobookPlayer-aqutoaiklelvyvayxmjgbonardxy/SourcePackages/checkouts/GRDB.swift/GRDB/FTS/FTS4.swift /Users/senaca/Library/Developer/Xcode/DerivedData/AudiobookPlayer-aqutoaiklelvyvayxmjgbonardxy/SourcePackages/checkouts/GRDB.swift/GRDB/FTS/FTS5.swift /Users/senaca/Library/Developer/Xcode/DerivedData/AudiobookPlayer-aqutoaiklelvyvayxmjgbonardxy/SourcePackages/checkouts/GRDB.swift/GRDB/FTS/FTS5CustomTokenizer.swift /Users/senaca/Library/Developer/Xcode/DerivedData/AudiobookPlayer-aqutoaiklelvyvayxmjgbonardxy/SourcePackages/checkouts/GRDB.swift/GRDB/FTS/FTS5Pattern.swift /Users/senaca/Library/Developer/Xcode/DerivedData/AudiobookPlayer-aqutoaiklelvyvayxmjgbonardxy/SourcePackages/checkouts/GRDB.swift/GRDB/FTS/FTS5Tokenizer.swift /Users/senaca/Library/Developer/Xcode/DerivedData/AudiobookPlayer-aqutoaiklelvyvayxmjgbonardxy/SourcePackages/checkouts/GRDB.swift/GRDB/FTS/FTS5TokenizerDescriptor.swift /Users/senaca/Library/Developer/Xcode/DerivedData/AudiobookPlayer-aqutoaiklelvyvayxmjgbonardxy/SourcePackages/checkouts/GRDB.swift/GRDB/FTS/FTS5WrapperTokenizer.swift /Users/senaca/Library/Developer/Xcode/DerivedData/AudiobookPlayer-aqutoaiklelvyvayxmjgbonardxy/SourcePackages/checkouts/GRDB.swift/GRDB/Fixits.swift /Users/senaca/Library/Developer/Xcode/DerivedData/AudiobookPlayer-aqutoaiklelvyvayxmjgbonardxy/SourcePackages/checkouts/GRDB.swift/GRDB/JSON/JSONColumn.swift /Users/senaca/Library/Developer/Xcode/DerivedData/AudiobookPlayer-aqutoaiklelvyvayxmjgbonardxy/SourcePackages/checkouts/GRDB.swift/GRDB/JSON/SQLJSONExpressible.swift /Users/senaca/Library/Developer/Xcode/DerivedData/AudiobookPlayer-aqutoaiklelvyvayxmjgbonardxy/SourcePackages/checkouts/GRDB.swift/GRDB/JSON/SQLJSONFunctions.swift /Users/senaca/Library/Developer/Xcode/DerivedData/AudiobookPlayer-aqutoaiklelvyvayxmjgbonardxy/SourcePackages/checkouts/GRDB.swift/GRDB/Migration/DatabaseMigrator.swift /Users/senaca/Library/Developer/Xcode/DerivedData/AudiobookPlayer-aqutoaiklelvyvayxmjgbonardxy/SourcePackages/checkouts/GRDB.swift/GRDB/Migration/Migration.swift /Users/senaca/Library/Developer/Xcode/DerivedData/AudiobookPlayer-aqutoaiklelvyvayxmjgbonardxy/SourcePackages/checkouts/GRDB.swift/GRDB/QueryInterface/FTS3+QueryInterface.swift (in target 'GRDB' from project 'GRDB')

SwiftCompile normal arm64 /Users/senaca/Library/Developer/Xcode/DerivedData/AudiobookPlayer-aqutoaiklelvyvayxmjgbonardxy/SourcePackages/checkouts/GRDB.swift/GRDB/Dump/DumpFormats/JSONDumpFormat.swift (in target 'GRDB' from project 'GRDB')
    cd /Users/senaca/projects/audiobook-player/AudiobookPlayer.xcodeproj
    

SwiftCompile normal arm64 /Users/senaca/Library/Developer/Xcode/DerivedData/AudiobookPlayer-aqutoaiklelvyvayxmjgbonardxy/SourcePackages/checkouts/GRDB.swift/GRDB/Dump/DumpFormats/LineDumpFormat.swift (in target 'GRDB' from project 'GRDB')
    cd /Users/senaca/projects/audiobook-player/AudiobookPlayer.xcodeproj
    

SwiftCompile normal arm64 /Users/senaca/Library/Developer/Xcode/DerivedData/AudiobookPlayer-aqutoaiklelvyvayxmjgbonardxy/SourcePackages/checkouts/GRDB.swift/GRDB/Dump/DumpFormats/ListDumpFormat.swift (in target 'GRDB' from project 'GRDB')
    cd /Users/senaca/projects/audiobook-player/AudiobookPlayer.xcodeproj
    

SwiftCompile normal arm64 /Users/senaca/Library/Developer/Xcode/DerivedData/AudiobookPlayer-aqutoaiklelvyvayxmjgbonardxy/SourcePackages/checkouts/GRDB.swift/GRDB/Dump/DumpFormats/QuoteDumpFormat.swift (in target 'GRDB' from project 'GRDB')
    cd /Users/senaca/projects/audiobook-player/AudiobookPlayer.xcodeproj
    

SwiftCompile normal arm64 /Users/senaca/Library/Developer/Xcode/DerivedData/AudiobookPlayer-aqutoaiklelvyvayxmjgbonardxy/SourcePackages/checkouts/GRDB.swift/GRDB/FTS/FTS3.swift (in target 'GRDB' from project 'GRDB')
    cd /Users/senaca/projects/audiobook-player/AudiobookPlayer.xcodeproj
    

SwiftCompile normal arm64 /Users/senaca/Library/Developer/Xcode/DerivedData/AudiobookPlayer-aqutoaiklelvyvayxmjgbonardxy/SourcePackages/checkouts/GRDB.swift/GRDB/FTS/FTS3Pattern.swift (in target 'GRDB' from project 'GRDB')
    cd /Users/senaca/projects/audiobook-player/AudiobookPlayer.xcodeproj
    

SwiftCompile normal arm64 /Users/senaca/Library/Developer/Xcode/DerivedData/AudiobookPlayer-aqutoaiklelvyvayxmjgbonardxy/SourcePackages/checkouts/GRDB.swift/GRDB/FTS/FTS3TokenizerDescriptor.swift (in target 'GRDB' from project 'GRDB')
    cd /Users/senaca/projects/audiobook-player/AudiobookPlayer.xcodeproj
    

SwiftCompile normal arm64 /Users/senaca/Library/Developer/Xcode/DerivedData/AudiobookPlayer-aqutoaiklelvyvayxmjgbonardxy/SourcePackages/checkouts/GRDB.swift/GRDB/FTS/FTS4.swift (in target 'GRDB' from project 'GRDB')
    cd /Users/senaca/projects/audiobook-player/AudiobookPlayer.xcodeproj
    

SwiftCompile normal arm64 /Users/senaca/Library/Developer/Xcode/DerivedData/AudiobookPlayer-aqutoaiklelvyvayxmjgbonardxy/SourcePackages/checkouts/GRDB.swift/GRDB/FTS/FTS5.swift (in target 'GRDB' from project 'GRDB')
    cd /Users/senaca/projects/audiobook-player/AudiobookPlayer.xcodeproj
    

SwiftCompile normal arm64 /Users/senaca/Library/Developer/Xcode/DerivedData/AudiobookPlayer-aqutoaiklelvyvayxmjgbonardxy/SourcePackages/checkouts/GRDB.swift/GRDB/FTS/FTS5CustomTokenizer.swift (in target 'GRDB' from project 'GRDB')
    cd /Users/senaca/projects/audiobook-player/AudiobookPlayer.xcodeproj
    

SwiftCompile normal arm64 /Users/senaca/Library/Developer/Xcode/DerivedData/AudiobookPlayer-aqutoaiklelvyvayxmjgbonardxy/SourcePackages/checkouts/GRDB.swift/GRDB/FTS/FTS5Pattern.swift (in target 'GRDB' from project 'GRDB')
    cd /Users/senaca/projects/audiobook-player/AudiobookPlayer.xcodeproj
    

SwiftCompile normal arm64 /Users/senaca/Library/Developer/Xcode/DerivedData/AudiobookPlayer-aqutoaiklelvyvayxmjgbonardxy/SourcePackages/checkouts/GRDB.swift/GRDB/FTS/FTS5Tokenizer.swift (in target 'GRDB' from project 'GRDB')
    cd /Users/senaca/projects/audiobook-player/AudiobookPlayer.xcodeproj
    

SwiftCompile normal arm64 /Users/senaca/Library/Developer/Xcode/DerivedData/AudiobookPlayer-aqutoaiklelvyvayxmjgbonardxy/SourcePackages/checkouts/GRDB.swift/GRDB/FTS/FTS5TokenizerDescriptor.swift (in target 'GRDB' from project 'GRDB')
    cd /Users/senaca/projects/audiobook-player/AudiobookPlayer.xcodeproj
    

SwiftCompile normal arm64 /Users/senaca/Library/Developer/Xcode/DerivedData/AudiobookPlayer-aqutoaiklelvyvayxmjgbonardxy/SourcePackages/checkouts/GRDB.swift/GRDB/FTS/FTS5WrapperTokenizer.swift (in target 'GRDB' from project 'GRDB')
    cd /Users/senaca/projects/audiobook-player/AudiobookPlayer.xcodeproj
    

SwiftCompile normal arm64 /Users/senaca/Library/Developer/Xcode/DerivedData/AudiobookPlayer-aqutoaiklelvyvayxmjgbonardxy/SourcePackages/checkouts/GRDB.swift/GRDB/Fixits.swift (in target 'GRDB' from project 'GRDB')
    cd /Users/senaca/projects/audiobook-player/AudiobookPlayer.xcodeproj
    

SwiftCompile normal arm64 /Users/senaca/Library/Developer/Xcode/DerivedData/AudiobookPlayer-aqutoaiklelvyvayxmjgbonardxy/SourcePackages/checkouts/GRDB.swift/GRDB/JSON/JSONColumn.swift (in target 'GRDB' from project 'GRDB')
    cd /Users/senaca/projects/audiobook-player/AudiobookPlayer.xcodeproj
    

SwiftCompile normal arm64 /Users/senaca/Library/Developer/Xcode/DerivedData/AudiobookPlayer-aqutoaiklelvyvayxmjgbonardxy/SourcePackages/checkouts/GRDB.swift/GRDB/JSON/SQLJSONExpressible.swift (in target 'GRDB' from project 'GRDB')
    cd /Users/senaca/projects/audiobook-player/AudiobookPlayer.xcodeproj
    

SwiftCompile normal arm64 /Users/senaca/Library/Developer/Xcode/DerivedData/AudiobookPlayer-aqutoaiklelvyvayxmjgbonardxy/SourcePackages/checkouts/GRDB.swift/GRDB/JSON/SQLJSONFunctions.swift (in target 'GRDB' from project 'GRDB')
    cd /Users/senaca/projects/audiobook-player/AudiobookPlayer.xcodeproj
    

SwiftCompile normal arm64 /Users/senaca/Library/Developer/Xcode/DerivedData/AudiobookPlayer-aqutoaiklelvyvayxmjgbonardxy/SourcePackages/checkouts/GRDB.swift/GRDB/Migration/DatabaseMigrator.swift (in target 'GRDB' from project 'GRDB')
    cd /Users/senaca/projects/audiobook-player/AudiobookPlayer.xcodeproj
    

SwiftCompile normal arm64 /Users/senaca/Library/Developer/Xcode/DerivedData/AudiobookPlayer-aqutoaiklelvyvayxmjgbonardxy/SourcePackages/checkouts/GRDB.swift/GRDB/Migration/Migration.swift (in target 'GRDB' from project 'GRDB')
    cd /Users/senaca/projects/audiobook-player/AudiobookPlayer.xcodeproj
    

SwiftCompile normal arm64 /Users/senaca/Library/Developer/Xcode/DerivedData/AudiobookPlayer-aqutoaiklelvyvayxmjgbonardxy/SourcePackages/checkouts/GRDB.swift/GRDB/QueryInterface/FTS3+QueryInterface.swift (in target 'GRDB' from project 'GRDB')
    cd /Users/senaca/projects/audiobook-player/AudiobookPlayer.xcodeproj
    

SwiftDriverJobDiscovery normal arm64 Compiling Archive+Reading.swift, Archive+ReadingDeprecated.swift, Archive+Writing.swift (in target 'ZIPFoundation' from project 'ZIPFoundation')

SwiftCompile normal arm64 Compiling\ NSData.swift,\ NSNull.swift,\ NSNumber.swift,\ NSString.swift,\ SQLiteDateParser.swift,\ URL.swift,\ UUID.swift,\ DatabaseValueConvertible+Decodable.swift,\ DatabaseValueConvertible+Encodable.swift,\ DatabaseValueConvertible+RawRepresentable.swift,\ JSONRequiredEncoder.swift,\ Optional.swift,\ StandardLibrary.swift,\ TransactionClock.swift,\ TransactionObserver.swift,\ WALSnapshot.swift,\ WALSnapshotTransaction.swift,\ Database+Dump.swift,\ DatabaseReader+dump.swift,\ DumpFormat.swift,\ DebugDumpFormat.swift /Users/senaca/Library/Developer/Xcode/DerivedData/AudiobookPlayer-aqutoaiklelvyvayxmjgbonardxy/SourcePackages/checkouts/GRDB.swift/GRDB/Core/Support/Foundation/NSData.swift /Users/senaca/Library/Developer/Xcode/DerivedData/AudiobookPlayer-aqutoaiklelvyvayxmjgbonardxy/SourcePackages/checkouts/GRDB.swift/GRDB/Core/Support/Foundation/NSNull.swift /Users/senaca/Library/Developer/Xcode/DerivedData/AudiobookPlayer-aqutoaiklelvyvayxmjgbonardxy/SourcePackages/checkouts/GRDB.swift/GRDB/Core/Support/Foundation/NSNumber.swift /Users/senaca/Library/Developer/Xcode/DerivedData/AudiobookPlayer-aqutoaiklelvyvayxmjgbonardxy/SourcePackages/checkouts/GRDB.swift/GRDB/Core/Support/Foundation/NSString.swift /Users/senaca/Library/Developer/Xcode/DerivedData/AudiobookPlayer-aqutoaiklelvyvayxmjgbonardxy/SourcePackages/checkouts/GRDB.swift/GRDB/Core/Support/Foundation/SQLiteDateParser.swift /Users/senaca/Library/Developer/Xcode/DerivedData/AudiobookPlayer-aqutoaiklelvyvayxmjgbonardxy/SourcePackages/checkouts/GRDB.swift/GRDB/Core/Support/Foundation/URL.swift /Users/senaca/Library/Developer/Xcode/DerivedData/AudiobookPlayer-aqutoaiklelvyvayxmjgbonardxy/SourcePackages/checkouts/GRDB.swift/GRDB/Core/Support/Foundation/UUID.swift /Users/senaca/Library/Developer/Xcode/DerivedData/AudiobookPlayer-aqutoaiklelvyvayxmjgbonardxy/SourcePackages/checkouts/GRDB.swift/GRDB/Core/Support/StandardLibrary/DatabaseValueConvertible+Decodable.swift /Users/senaca/Library/Developer/Xcode/DerivedData/AudiobookPlayer-aqutoaiklelvyvayxmjgbonardxy/SourcePackages/checkouts/GRDB.swift/GRDB/Core/Support/StandardLibrary/DatabaseValueConvertible+Encodable.swift /Users/senaca/Library/Developer/Xcode/DerivedData/AudiobookPlayer-aqutoaiklelvyvayxmjgbonardxy/SourcePackages/checkouts/GRDB.swift/GRDB/Core/Support/StandardLibrary/DatabaseValueConvertible+RawRepresentable.swift /Users/senaca/Library/Developer/Xcode/DerivedData/AudiobookPlayer-aqutoaiklelvyvayxmjgbonardxy/SourcePackages/checkouts/GRDB.swift/GRDB/Core/Support/StandardLibrary/JSONRequiredEncoder.swift /Users/senaca/Library/Developer/Xcode/DerivedData/AudiobookPlayer-aqutoaiklelvyvayxmjgbonardxy/SourcePackages/checkouts/GRDB.swift/GRDB/Core/Support/StandardLibrary/Optional.swift /Users/senaca/Library/Developer/Xcode/DerivedData/AudiobookPlayer-aqutoaiklelvyvayxmjgbonardxy/SourcePackages/checkouts/GRDB.swift/GRDB/Core/Support/StandardLibrary/StandardLibrary.swift /Users/senaca/Library/Developer/Xcode/DerivedData/AudiobookPlayer-aqutoaiklelvyvayxmjgbonardxy/SourcePackages/checkouts/GRDB.swift/GRDB/Core/TransactionClock.swift /Users/senaca/Library/Developer/Xcode/DerivedData/AudiobookPlayer-aqutoaiklelvyvayxmjgbonardxy/SourcePackages/checkouts/GRDB.swift/GRDB/Core/TransactionObserver.swift /Users/senaca/Library/Developer/Xcode/DerivedData/AudiobookPlayer-aqutoaiklelvyvayxmjgbonardxy/SourcePackages/checkouts/GRDB.swift/GRDB/Core/WALSnapshot.swift /Users/senaca/Library/Developer/Xcode/DerivedData/AudiobookPlayer-aqutoaiklelvyvayxmjgbonardxy/SourcePackages/checkouts/GRDB.swift/GRDB/Core/WALSnapshotTransaction.swift /Users/senaca/Library/Developer/Xcode/DerivedData/AudiobookPlayer-aqutoaiklelvyvayxmjgbonardxy/SourcePackages/checkouts/GRDB.swift/GRDB/Dump/Database+Dump.swift /Users/senaca/Library/Developer/Xcode/DerivedData/AudiobookPlayer-aqutoaiklelvyvayxmjgbonardxy/SourcePackages/checkouts/GRDB.swift/GRDB/Dump/DatabaseReader+dump.swift /Users/senaca/Library/Developer/Xcode/DerivedData/AudiobookPlayer-aqutoaiklelvyvayxmjgbonardxy/SourcePackages/checkouts/GRDB.swift/GRDB/Dump/DumpFormat.swift /Users/senaca/Library/Developer/Xcode/DerivedData/AudiobookPlayer-aqutoaiklelvyvayxmjgbonardxy/SourcePackages/checkouts/GRDB.swift/GRDB/Dump/DumpFormats/DebugDumpFormat.swift (in target 'GRDB' from project 'GRDB')

SwiftCompile normal arm64 /Users/senaca/Library/Developer/Xcode/DerivedData/AudiobookPlayer-aqutoaiklelvyvayxmjgbonardxy/SourcePackages/checkouts/GRDB.swift/GRDB/Core/Support/Foundation/NSData.swift (in target 'GRDB' from project 'GRDB')
    cd /Users/senaca/projects/audiobook-player/AudiobookPlayer.xcodeproj
    

SwiftCompile normal arm64 /Users/senaca/Library/Developer/Xcode/DerivedData/AudiobookPlayer-aqutoaiklelvyvayxmjgbonardxy/SourcePackages/checkouts/GRDB.swift/GRDB/Core/Support/Foundation/NSNull.swift (in target 'GRDB' from project 'GRDB')
    cd /Users/senaca/projects/audiobook-player/AudiobookPlayer.xcodeproj
    

SwiftCompile normal arm64 /Users/senaca/Library/Developer/Xcode/DerivedData/AudiobookPlayer-aqutoaiklelvyvayxmjgbonardxy/SourcePackages/checkouts/GRDB.swift/GRDB/Core/Support/Foundation/NSNumber.swift (in target 'GRDB' from project 'GRDB')
    cd /Users/senaca/projects/audiobook-player/AudiobookPlayer.xcodeproj
    

SwiftCompile normal arm64 /Users/senaca/Library/Developer/Xcode/DerivedData/AudiobookPlayer-aqutoaiklelvyvayxmjgbonardxy/SourcePackages/checkouts/GRDB.swift/GRDB/Core/Support/Foundation/NSString.swift (in target 'GRDB' from project 'GRDB')
    cd /Users/senaca/projects/audiobook-player/AudiobookPlayer.xcodeproj
    

SwiftCompile normal arm64 /Users/senaca/Library/Developer/Xcode/DerivedData/AudiobookPlayer-aqutoaiklelvyvayxmjgbonardxy/SourcePackages/checkouts/GRDB.swift/GRDB/Core/Support/Foundation/SQLiteDateParser.swift (in target 'GRDB' from project 'GRDB')
    cd /Users/senaca/projects/audiobook-player/AudiobookPlayer.xcodeproj
    

SwiftCompile normal arm64 /Users/senaca/Library/Developer/Xcode/DerivedData/AudiobookPlayer-aqutoaiklelvyvayxmjgbonardxy/SourcePackages/checkouts/GRDB.swift/GRDB/Core/Support/Foundation/URL.swift (in target 'GRDB' from project 'GRDB')
    cd /Users/senaca/projects/audiobook-player/AudiobookPlayer.xcodeproj
    

SwiftCompile normal arm64 /Users/senaca/Library/Developer/Xcode/DerivedData/AudiobookPlayer-aqutoaiklelvyvayxmjgbonardxy/SourcePackages/checkouts/GRDB.swift/GRDB/Core/Support/Foundation/UUID.swift (in target 'GRDB' from project 'GRDB')
    cd /Users/senaca/projects/audiobook-player/AudiobookPlayer.xcodeproj
    

SwiftCompile normal arm64 /Users/senaca/Library/Developer/Xcode/DerivedData/AudiobookPlayer-aqutoaiklelvyvayxmjgbonardxy/SourcePackages/checkouts/GRDB.swift/GRDB/Core/Support/StandardLibrary/DatabaseValueConvertible+Decodable.swift (in target 'GRDB' from project 'GRDB')
    cd /Users/senaca/projects/audiobook-player/AudiobookPlayer.xcodeproj
    

SwiftCompile normal arm64 /Users/senaca/Library/Developer/Xcode/DerivedData/AudiobookPlayer-aqutoaiklelvyvayxmjgbonardxy/SourcePackages/checkouts/GRDB.swift/GRDB/Core/Support/StandardLibrary/DatabaseValueConvertible+Encodable.swift (in target 'GRDB' from project 'GRDB')
    cd /Users/senaca/projects/audiobook-player/AudiobookPlayer.xcodeproj
    

SwiftCompile normal arm64 /Users/senaca/Library/Developer/Xcode/DerivedData/AudiobookPlayer-aqutoaiklelvyvayxmjgbonardxy/SourcePackages/checkouts/GRDB.swift/GRDB/Core/Support/StandardLibrary/DatabaseValueConvertible+RawRepresentable.swift (in target 'GRDB' from project 'GRDB')
    cd /Users/senaca/projects/audiobook-player/AudiobookPlayer.xcodeproj
    

SwiftCompile normal arm64 /Users/senaca/Library/Developer/Xcode/DerivedData/AudiobookPlayer-aqutoaiklelvyvayxmjgbonardxy/SourcePackages/checkouts/GRDB.swift/GRDB/Core/Support/StandardLibrary/JSONRequiredEncoder.swift (in target 'GRDB' from project 'GRDB')
    cd /Users/senaca/projects/audiobook-player/AudiobookPlayer.xcodeproj
    

SwiftCompile normal arm64 /Users/senaca/Library/Developer/Xcode/DerivedData/AudiobookPlayer-aqutoaiklelvyvayxmjgbonardxy/SourcePackages/checkouts/GRDB.swift/GRDB/Core/Support/StandardLibrary/Optional.swift (in target 'GRDB' from project 'GRDB')
    cd /Users/senaca/projects/audiobook-player/AudiobookPlayer.xcodeproj
    

SwiftCompile normal arm64 /Users/senaca/Library/Developer/Xcode/DerivedData/AudiobookPlayer-aqutoaiklelvyvayxmjgbonardxy/SourcePackages/checkouts/GRDB.swift/GRDB/Core/Support/StandardLibrary/StandardLibrary.swift (in target 'GRDB' from project 'GRDB')
    cd /Users/senaca/projects/audiobook-player/AudiobookPlayer.xcodeproj
    

SwiftCompile normal arm64 /Users/senaca/Library/Developer/Xcode/DerivedData/AudiobookPlayer-aqutoaiklelvyvayxmjgbonardxy/SourcePackages/checkouts/GRDB.swift/GRDB/Core/TransactionClock.swift (in target 'GRDB' from project 'GRDB')
    cd /Users/senaca/projects/audiobook-player/AudiobookPlayer.xcodeproj
    

SwiftCompile normal arm64 /Users/senaca/Library/Developer/Xcode/DerivedData/AudiobookPlayer-aqutoaiklelvyvayxmjgbonardxy/SourcePackages/checkouts/GRDB.swift/GRDB/Core/TransactionObserver.swift (in target 'GRDB' from project 'GRDB')
    cd /Users/senaca/projects/audiobook-player/AudiobookPlayer.xcodeproj
    

SwiftCompile normal arm64 /Users/senaca/Library/Developer/Xcode/DerivedData/AudiobookPlayer-aqutoaiklelvyvayxmjgbonardxy/SourcePackages/checkouts/GRDB.swift/GRDB/Core/WALSnapshot.swift (in target 'GRDB' from project 'GRDB')
    cd /Users/senaca/projects/audiobook-player/AudiobookPlayer.xcodeproj
    

SwiftCompile normal arm64 /Users/senaca/Library/Developer/Xcode/DerivedData/AudiobookPlayer-aqutoaiklelvyvayxmjgbonardxy/SourcePackages/checkouts/GRDB.swift/GRDB/Core/WALSnapshotTransaction.swift (in target 'GRDB' from project 'GRDB')
    cd /Users/senaca/projects/audiobook-player/AudiobookPlayer.xcodeproj
    

SwiftCompile normal arm64 /Users/senaca/Library/Developer/Xcode/DerivedData/AudiobookPlayer-aqutoaiklelvyvayxmjgbonardxy/SourcePackages/checkouts/GRDB.swift/GRDB/Dump/Database+Dump.swift (in target 'GRDB' from project 'GRDB')
    cd /Users/senaca/projects/audiobook-player/AudiobookPlayer.xcodeproj
    

SwiftCompile normal arm64 /Users/senaca/Library/Developer/Xcode/DerivedData/AudiobookPlayer-aqutoaiklelvyvayxmjgbonardxy/SourcePackages/checkouts/GRDB.swift/GRDB/Dump/DatabaseReader+dump.swift (in target 'GRDB' from project 'GRDB')
    cd /Users/senaca/projects/audiobook-player/AudiobookPlayer.xcodeproj
    

SwiftCompile normal arm64 /Users/senaca/Library/Developer/Xcode/DerivedData/AudiobookPlayer-aqutoaiklelvyvayxmjgbonardxy/SourcePackages/checkouts/GRDB.swift/GRDB/Dump/DumpFormat.swift (in target 'GRDB' from project 'GRDB')
    cd /Users/senaca/projects/audiobook-player/AudiobookPlayer.xcodeproj
    

SwiftCompile normal arm64 /Users/senaca/Library/Developer/Xcode/DerivedData/AudiobookPlayer-aqutoaiklelvyvayxmjgbonardxy/SourcePackages/checkouts/GRDB.swift/GRDB/Dump/DumpFormats/DebugDumpFormat.swift (in target 'GRDB' from project 'GRDB')
    cd /Users/senaca/projects/audiobook-player/AudiobookPlayer.xcodeproj
    

SwiftDriverJobDiscovery normal arm64 Compiling Archive+Helpers.swift, Archive+MemoryFile.swift, Archive+Progress.swift (in target 'ZIPFoundation' from project 'ZIPFoundation')

SwiftCompile normal arm64 Compiling\ DatabaseValueConvertible.swift,\ DatabaseWriter.swift,\ DispatchQueueActor.swift,\ FetchRequest.swift,\ Row.swift,\ RowAdapter.swift,\ RowDecodingError.swift,\ SQL.swift,\ SQLInterpolation.swift,\ SQLRequest.swift,\ SchedulingWatchdog.swift,\ SerializedDatabase.swift,\ Statement.swift,\ StatementAuthorizer.swift,\ StatementColumnConvertible.swift,\ CGFloat.swift,\ Data.swift,\ DatabaseDateComponents.swift,\ DatabaseValueConvertible+ReferenceConvertible.swift,\ Date.swift,\ Decimal.swift /Users/senaca/Library/Developer/Xcode/DerivedData/AudiobookPlayer-aqutoaiklelvyvayxmjgbonardxy/SourcePackages/checkouts/GRDB.swift/GRDB/Core/DatabaseValueConvertible.swift /Users/senaca/Library/Developer/Xcode/DerivedData/AudiobookPlayer-aqutoaiklelvyvayxmjgbonardxy/SourcePackages/checkouts/GRDB.swift/GRDB/Core/DatabaseWriter.swift /Users/senaca/Library/Developer/Xcode/DerivedData/AudiobookPlayer-aqutoaiklelvyvayxmjgbonardxy/SourcePackages/checkouts/GRDB.swift/GRDB/Core/DispatchQueueActor.swift /Users/senaca/Library/Developer/Xcode/DerivedData/AudiobookPlayer-aqutoaiklelvyvayxmjgbonardxy/SourcePackages/checkouts/GRDB.swift/GRDB/Core/FetchRequest.swift /Users/senaca/Library/Developer/Xcode/DerivedData/AudiobookPlayer-aqutoaiklelvyvayxmjgbonardxy/SourcePackages/checkouts/GRDB.swift/GRDB/Core/Row.swift /Users/senaca/Library/Developer/Xcode/DerivedData/AudiobookPlayer-aqutoaiklelvyvayxmjgbonardxy/SourcePackages/checkouts/GRDB.swift/GRDB/Core/RowAdapter.swift /Users/senaca/Library/Developer/Xcode/DerivedData/AudiobookPlayer-aqutoaiklelvyvayxmjgbonardxy/SourcePackages/checkouts/GRDB.swift/GRDB/Core/RowDecodingError.swift /Users/senaca/Library/Developer/Xcode/DerivedData/AudiobookPlayer-aqutoaiklelvyvayxmjgbonardxy/SourcePackages/checkouts/GRDB.swift/GRDB/Core/SQL.swift /Users/senaca/Library/Developer/Xcode/DerivedData/AudiobookPlayer-aqutoaiklelvyvayxmjgbonardxy/SourcePackages/checkouts/GRDB.swift/GRDB/Core/SQLInterpolation.swift /Users/senaca/Library/Developer/Xcode/DerivedData/AudiobookPlayer-aqutoaiklelvyvayxmjgbonardxy/SourcePackages/checkouts/GRDB.swift/GRDB/Core/SQLRequest.swift /Users/senaca/Library/Developer/Xcode/DerivedData/AudiobookPlayer-aqutoaiklelvyvayxmjgbonardxy/SourcePackages/checkouts/GRDB.swift/GRDB/Core/SchedulingWatchdog.swift /Users/senaca/Library/Developer/Xcode/DerivedData/AudiobookPlayer-aqutoaiklelvyvayxmjgbonardxy/SourcePackages/checkouts/GRDB.swift/GRDB/Core/SerializedDatabase.swift /Users/senaca/Library/Developer/Xcode/DerivedData/AudiobookPlayer-aqutoaiklelvyvayxmjgbonardxy/SourcePackages/checkouts/GRDB.swift/GRDB/Core/Statement.swift /Users/senaca/Library/Developer/Xcode/DerivedData/AudiobookPlayer-aqutoaiklelvyvayxmjgbonardxy/SourcePackages/checkouts/GRDB.swift/GRDB/Core/StatementAuthorizer.swift /Users/senaca/Library/Developer/Xcode/DerivedData/AudiobookPlayer-aqutoaiklelvyvayxmjgbonardxy/SourcePackages/checkouts/GRDB.swift/GRDB/Core/StatementColumnConvertible.swift /Users/senaca/Library/Developer/Xcode/DerivedData/AudiobookPlayer-aqutoaiklelvyvayxmjgbonardxy/SourcePackages/checkouts/GRDB.swift/GRDB/Core/Support/CoreGraphics/CGFloat.swift /Users/senaca/Library/Developer/Xcode/DerivedData/AudiobookPlayer-aqutoaiklelvyvayxmjgbonardxy/SourcePackages/checkouts/GRDB.swift/GRDB/Core/Support/Foundation/Data.swift /Users/senaca/Library/Developer/Xcode/DerivedData/AudiobookPlayer-aqutoaiklelvyvayxmjgbonardxy/SourcePackages/checkouts/GRDB.swift/GRDB/Core/Support/Foundation/DatabaseDateComponents.swift /Users/senaca/Library/Developer/Xcode/DerivedData/AudiobookPlayer-aqutoaiklelvyvayxmjgbonardxy/SourcePackages/checkouts/GRDB.swift/GRDB/Core/Support/Foundation/DatabaseValueConvertible+ReferenceConvertible.swift /Users/senaca/Library/Developer/Xcode/DerivedData/AudiobookPlayer-aqutoaiklelvyvayxmjgbonardxy/SourcePackages/checkouts/GRDB.swift/GRDB/Core/Support/Foundation/Date.swift /Users/senaca/Library/Developer/Xcode/DerivedData/AudiobookPlayer-aqutoaiklelvyvayxmjgbonardxy/SourcePackages/checkouts/GRDB.swift/GRDB/Core/Support/Foundation/Decimal.swift (in target 'GRDB' from project 'GRDB')
SwiftCompile normal arm64 /Users/senaca/Library/Developer/Xcode/DerivedData/AudiobookPlayer-aqutoaiklelvyvayxmjgbonardxy/SourcePackages/checkouts/GRDB.swift/GRDB/Core/DatabaseValueConvertible.swift (in target 'GRDB' from project 'GRDB')
    cd /Users/senaca/projects/audiobook-player/AudiobookPlayer.xcodeproj
    

SwiftCompile normal arm64 /Users/senaca/Library/Developer/Xcode/DerivedData/AudiobookPlayer-aqutoaiklelvyvayxmjgbonardxy/SourcePackages/checkouts/GRDB.swift/GRDB/Core/DatabaseWriter.swift (in target 'GRDB' from project 'GRDB')
    cd /Users/senaca/projects/audiobook-player/AudiobookPlayer.xcodeproj
    

SwiftCompile normal arm64 /Users/senaca/Library/Developer/Xcode/DerivedData/AudiobookPlayer-aqutoaiklelvyvayxmjgbonardxy/SourcePackages/checkouts/GRDB.swift/GRDB/Core/DispatchQueueActor.swift (in target 'GRDB' from project 'GRDB')
    cd /Users/senaca/projects/audiobook-player/AudiobookPlayer.xcodeproj
    

SwiftCompile normal arm64 /Users/senaca/Library/Developer/Xcode/DerivedData/AudiobookPlayer-aqutoaiklelvyvayxmjgbonardxy/SourcePackages/checkouts/GRDB.swift/GRDB/Core/FetchRequest.swift (in target 'GRDB' from project 'GRDB')
    cd /Users/senaca/projects/audiobook-player/AudiobookPlayer.xcodeproj
    

SwiftCompile normal arm64 /Users/senaca/Library/Developer/Xcode/DerivedData/AudiobookPlayer-aqutoaiklelvyvayxmjgbonardxy/SourcePackages/checkouts/GRDB.swift/GRDB/Core/Row.swift (in target 'GRDB' from project 'GRDB')
    cd /Users/senaca/projects/audiobook-player/AudiobookPlayer.xcodeproj
    

SwiftCompile normal arm64 /Users/senaca/Library/Developer/Xcode/DerivedData/AudiobookPlayer-aqutoaiklelvyvayxmjgbonardxy/SourcePackages/checkouts/GRDB.swift/GRDB/Core/RowAdapter.swift (in target 'GRDB' from project 'GRDB')
    cd /Users/senaca/projects/audiobook-player/AudiobookPlayer.xcodeproj
    

SwiftCompile normal arm64 /Users/senaca/Library/Developer/Xcode/DerivedData/AudiobookPlayer-aqutoaiklelvyvayxmjgbonardxy/SourcePackages/checkouts/GRDB.swift/GRDB/Core/RowDecodingError.swift (in target 'GRDB' from project 'GRDB')
    cd /Users/senaca/projects/audiobook-player/AudiobookPlayer.xcodeproj
    

SwiftCompile normal arm64 /Users/senaca/Library/Developer/Xcode/DerivedData/AudiobookPlayer-aqutoaiklelvyvayxmjgbonardxy/SourcePackages/checkouts/GRDB.swift/GRDB/Core/SQL.swift (in target 'GRDB' from project 'GRDB')
    cd /Users/senaca/projects/audiobook-player/AudiobookPlayer.xcodeproj
    

SwiftCompile normal arm64 /Users/senaca/Library/Developer/Xcode/DerivedData/AudiobookPlayer-aqutoaiklelvyvayxmjgbonardxy/SourcePackages/checkouts/GRDB.swift/GRDB/Core/SQLInterpolation.swift (in target 'GRDB' from project 'GRDB')
    cd /Users/senaca/projects/audiobook-player/AudiobookPlayer.xcodeproj
    

SwiftCompile normal arm64 /Users/senaca/Library/Developer/Xcode/DerivedData/AudiobookPlayer-aqutoaiklelvyvayxmjgbonardxy/SourcePackages/checkouts/GRDB.swift/GRDB/Core/SQLRequest.swift (in target 'GRDB' from project 'GRDB')
    cd /Users/senaca/projects/audiobook-player/AudiobookPlayer.xcodeproj
    

SwiftCompile normal arm64 /Users/senaca/Library/Developer/Xcode/DerivedData/AudiobookPlayer-aqutoaiklelvyvayxmjgbonardxy/SourcePackages/checkouts/GRDB.swift/GRDB/Core/SchedulingWatchdog.swift (in target 'GRDB' from project 'GRDB')
    cd /Users/senaca/projects/audiobook-player/AudiobookPlayer.xcodeproj
    

SwiftCompile normal arm64 /Users/senaca/Library/Developer/Xcode/DerivedData/AudiobookPlayer-aqutoaiklelvyvayxmjgbonardxy/SourcePackages/checkouts/GRDB.swift/GRDB/Core/SerializedDatabase.swift (in target 'GRDB' from project 'GRDB')
    cd /Users/senaca/projects/audiobook-player/AudiobookPlayer.xcodeproj
    

SwiftCompile normal arm64 /Users/senaca/Library/Developer/Xcode/DerivedData/AudiobookPlayer-aqutoaiklelvyvayxmjgbonardxy/SourcePackages/checkouts/GRDB.swift/GRDB/Core/Statement.swift (in target 'GRDB' from project 'GRDB')
    cd /Users/senaca/projects/audiobook-player/AudiobookPlayer.xcodeproj
    

SwiftCompile normal arm64 /Users/senaca/Library/Developer/Xcode/DerivedData/AudiobookPlayer-aqutoaiklelvyvayxmjgbonardxy/SourcePackages/checkouts/GRDB.swift/GRDB/Core/StatementAuthorizer.swift (in target 'GRDB' from project 'GRDB')
    cd /Users/senaca/projects/audiobook-player/AudiobookPlayer.xcodeproj
    

SwiftCompile normal arm64 /Users/senaca/Library/Developer/Xcode/DerivedData/AudiobookPlayer-aqutoaiklelvyvayxmjgbonardxy/SourcePackages/checkouts/GRDB.swift/GRDB/Core/StatementColumnConvertible.swift (in target 'GRDB' from project 'GRDB')
    cd /Users/senaca/projects/audiobook-player/AudiobookPlayer.xcodeproj
    

SwiftCompile normal arm64 /Users/senaca/Library/Developer/Xcode/DerivedData/AudiobookPlayer-aqutoaiklelvyvayxmjgbonardxy/SourcePackages/checkouts/GRDB.swift/GRDB/Core/Support/CoreGraphics/CGFloat.swift (in target 'GRDB' from project 'GRDB')
    cd /Users/senaca/projects/audiobook-player/AudiobookPlayer.xcodeproj
    

SwiftCompile normal arm64 /Users/senaca/Library/Developer/Xcode/DerivedData/AudiobookPlayer-aqutoaiklelvyvayxmjgbonardxy/SourcePackages/checkouts/GRDB.swift/GRDB/Core/Support/Foundation/Data.swift (in target 'GRDB' from project 'GRDB')
    cd /Users/senaca/projects/audiobook-player/AudiobookPlayer.xcodeproj
    

SwiftCompile normal arm64 /Users/senaca/Library/Developer/Xcode/DerivedData/AudiobookPlayer-aqutoaiklelvyvayxmjgbonardxy/SourcePackages/checkouts/GRDB.swift/GRDB/Core/Support/Foundation/DatabaseDateComponents.swift (in target 'GRDB' from project 'GRDB')
    cd /Users/senaca/projects/audiobook-player/AudiobookPlayer.xcodeproj
    

SwiftCompile normal arm64 /Users/senaca/Library/Developer/Xcode/DerivedData/AudiobookPlayer-aqutoaiklelvyvayxmjgbonardxy/SourcePackages/checkouts/GRDB.swift/GRDB/Core/Support/Foundation/DatabaseValueConvertible+ReferenceConvertible.swift (in target 'GRDB' from project 'GRDB')
    cd /Users/senaca/projects/audiobook-player/AudiobookPlayer.xcodeproj
    

SwiftCompile normal arm64 /Users/senaca/Library/Developer/Xcode/DerivedData/AudiobookPlayer-aqutoaiklelvyvayxmjgbonardxy/SourcePackages/checkouts/GRDB.swift/GRDB/Core/Support/Foundation/Date.swift (in target 'GRDB' from project 'GRDB')
    cd /Users/senaca/projects/audiobook-player/AudiobookPlayer.xcodeproj
    

SwiftCompile normal arm64 /Users/senaca/Library/Developer/Xcode/DerivedData/AudiobookPlayer-aqutoaiklelvyvayxmjgbonardxy/SourcePackages/checkouts/GRDB.swift/GRDB/Core/Support/Foundation/Decimal.swift (in target 'GRDB' from project 'GRDB')
    cd /Users/senaca/projects/audiobook-player/AudiobookPlayer.xcodeproj
    

SwiftDriverJobDiscovery normal arm64 Compiling Archive+WritingDeprecated.swift, Archive+ZIP64.swift, Archive.swift (in target 'ZIPFoundation' from project 'ZIPFoundation')

SwiftCompile normal arm64 Compiling\ TableRecord+QueryInterfaceRequest.swift,\ EncodableRecord+Encodable.swift,\ EncodableRecord.swift,\ FetchableRecord+Decodable.swift,\ FetchableRecord+TableRecord.swift,\ FetchableRecord.swift,\ MutablePersistableRecord+DAO.swift,\ MutablePersistableRecord+Delete.swift,\ MutablePersistableRecord+Insert.swift,\ MutablePersistableRecord+Save.swift,\ MutablePersistableRecord+Update.swift,\ MutablePersistableRecord+Upsert.swift,\ MutablePersistableRecord.swift,\ PersistableRecord+Insert.swift,\ PersistableRecord+Save.swift,\ PersistableRecord+Upsert.swift,\ PersistableRecord.swift,\ Record.swift,\ TableRecord.swift,\ CaseInsensitiveIdentifier.swift,\ Inflections+English.swift /Users/senaca/Library/Developer/Xcode/DerivedData/AudiobookPlayer-aqutoaiklelvyvayxmjgbonardxy/SourcePackages/checkouts/GRDB.swift/GRDB/QueryInterface/TableRecord+QueryInterfaceRequest.swift /Users/senaca/Library/Developer/Xcode/DerivedData/AudiobookPlayer-aqutoaiklelvyvayxmjgbonardxy/SourcePackages/checkouts/GRDB.swift/GRDB/Record/EncodableRecord+Encodable.swift /Users/senaca/Library/Developer/Xcode/DerivedData/AudiobookPlayer-aqutoaiklelvyvayxmjgbonardxy/SourcePackages/checkouts/GRDB.swift/GRDB/Record/EncodableRecord.swift /Users/senaca/Library/Developer/Xcode/DerivedData/AudiobookPlayer-aqutoaiklelvyvayxmjgbonardxy/SourcePackages/checkouts/GRDB.swift/GRDB/Record/FetchableRecord+Decodable.swift /Users/senaca/Library/Developer/Xcode/DerivedData/AudiobookPlayer-aqutoaiklelvyvayxmjgbonardxy/SourcePackages/checkouts/GRDB.swift/GRDB/Record/FetchableRecord+TableRecord.swift /Users/senaca/Library/Developer/Xcode/DerivedData/AudiobookPlayer-aqutoaiklelvyvayxmjgbonardxy/SourcePackages/checkouts/GRDB.swift/GRDB/Record/FetchableRecord.swift /Users/senaca/Library/Developer/Xcode/DerivedData/AudiobookPlayer-aqutoaiklelvyvayxmjgbonardxy/SourcePackages/checkouts/GRDB.swift/GRDB/Record/MutablePersistableRecord+DAO.swift /Users/senaca/Library/Developer/Xcode/DerivedData/AudiobookPlayer-aqutoaiklelvyvayxmjgbonardxy/SourcePackages/checkouts/GRDB.swift/GRDB/Record/MutablePersistableRecord+Delete.swift /Users/senaca/Library/Developer/Xcode/DerivedData/AudiobookPlayer-aqutoaiklelvyvayxmjgbonardxy/SourcePackages/checkouts/GRDB.swift/GRDB/Record/MutablePersistableRecord+Insert.swift /Users/senaca/Library/Developer/Xcode/DerivedData/AudiobookPlayer-aqutoaiklelvyvayxmjgbonardxy/SourcePackages/checkouts/GRDB.swift/GRDB/Record/MutablePersistableRecord+Save.swift /Users/senaca/Library/Developer/Xcode/DerivedData/AudiobookPlayer-aqutoaiklelvyvayxmjgbonardxy/SourcePackages/checkouts/GRDB.swift/GRDB/Record/MutablePersistableRecord+Update.swift /Users/senaca/Library/Developer/Xcode/DerivedData/AudiobookPlayer-aqutoaiklelvyvayxmjgbonardxy/SourcePackages/checkouts/GRDB.swift/GRDB/Record/MutablePersistableRecord+Upsert.swift /Users/senaca/Library/Developer/Xcode/DerivedData/AudiobookPlayer-aqutoaiklelvyvayxmjgbonardxy/SourcePackages/checkouts/GRDB.swift/GRDB/Record/MutablePersistableRecord.swift /Users/senaca/Library/Developer/Xcode/DerivedData/AudiobookPlayer-aqutoaiklelvyvayxmjgbonardxy/SourcePackages/checkouts/GRDB.swift/GRDB/Record/PersistableRecord+Insert.swift /Users/senaca/Library/Developer/Xcode/DerivedData/AudiobookPlayer-aqutoaiklelvyvayxmjgbonardxy/SourcePackages/checkouts/GRDB.swift/GRDB/Record/PersistableRecord+Save.swift /Users/senaca/Library/Developer/Xcode/DerivedData/AudiobookPlayer-aqutoaiklelvyvayxmjgbonardxy/SourcePackages/checkouts/GRDB.swift/GRDB/Record/PersistableRecord+Upsert.swift /Users/senaca/Library/Developer/Xcode/DerivedData/AudiobookPlayer-aqutoaiklelvyvayxmjgbonardxy/SourcePackages/checkouts/GRDB.swift/GRDB/Record/PersistableRecord.swift /Users/senaca/Library/Developer/Xcode/DerivedData/AudiobookPlayer-aqutoaiklelvyvayxmjgbonardxy/SourcePackages/checkouts/GRDB.swift/GRDB/Record/Record.swift /Users/senaca/Library/Developer/Xcode/DerivedData/AudiobookPlayer-aqutoaiklelvyvayxmjgbonardxy/SourcePackages/checkouts/GRDB.swift/GRDB/Record/TableRecord.swift /Users/senaca/Library/Developer/Xcode/DerivedData/AudiobookPlayer-aqutoaiklelvyvayxmjgbonardxy/SourcePackages/checkouts/GRDB.swift/GRDB/Utils/CaseInsensitiveIdentifier.swift /Users/senaca/Library/Developer/Xcode/DerivedData/AudiobookPlayer-aqutoaiklelvyvayxmjgbonardxy/SourcePackages/checkouts/GRDB.swift/GRDB/Utils/Inflections+English.swift (in target 'GRDB' from project 'GRDB')

SwiftCompile normal arm64 /Users/senaca/Library/Developer/Xcode/DerivedData/AudiobookPlayer-aqutoaiklelvyvayxmjgbonardxy/SourcePackages/checkouts/GRDB.swift/GRDB/QueryInterface/TableRecord+QueryInterfaceRequest.swift (in target 'GRDB' from project 'GRDB')
    cd /Users/senaca/projects/audiobook-player/AudiobookPlayer.xcodeproj
    

SwiftCompile normal arm64 /Users/senaca/Library/Developer/Xcode/DerivedData/AudiobookPlayer-aqutoaiklelvyvayxmjgbonardxy/SourcePackages/checkouts/GRDB.swift/GRDB/Record/EncodableRecord+Encodable.swift (in target 'GRDB' from project 'GRDB')
    cd /Users/senaca/projects/audiobook-player/AudiobookPlayer.xcodeproj
    

SwiftCompile normal arm64 /Users/senaca/Library/Developer/Xcode/DerivedData/AudiobookPlayer-aqutoaiklelvyvayxmjgbonardxy/SourcePackages/checkouts/GRDB.swift/GRDB/Record/EncodableRecord.swift (in target 'GRDB' from project 'GRDB')
    cd /Users/senaca/projects/audiobook-player/AudiobookPlayer.xcodeproj
    

SwiftCompile normal arm64 /Users/senaca/Library/Developer/Xcode/DerivedData/AudiobookPlayer-aqutoaiklelvyvayxmjgbonardxy/SourcePackages/checkouts/GRDB.swift/GRDB/Record/FetchableRecord+Decodable.swift (in target 'GRDB' from project 'GRDB')
    cd /Users/senaca/projects/audiobook-player/AudiobookPlayer.xcodeproj
    

SwiftCompile normal arm64 /Users/senaca/Library/Developer/Xcode/DerivedData/AudiobookPlayer-aqutoaiklelvyvayxmjgbonardxy/SourcePackages/checkouts/GRDB.swift/GRDB/Record/FetchableRecord+TableRecord.swift (in target 'GRDB' from project 'GRDB')
    cd /Users/senaca/projects/audiobook-player/AudiobookPlayer.xcodeproj
    

SwiftCompile normal arm64 /Users/senaca/Library/Developer/Xcode/DerivedData/AudiobookPlayer-aqutoaiklelvyvayxmjgbonardxy/SourcePackages/checkouts/GRDB.swift/GRDB/Record/FetchableRecord.swift (in target 'GRDB' from project 'GRDB')
    cd /Users/senaca/projects/audiobook-player/AudiobookPlayer.xcodeproj
    

SwiftCompile normal arm64 /Users/senaca/Library/Developer/Xcode/DerivedData/AudiobookPlayer-aqutoaiklelvyvayxmjgbonardxy/SourcePackages/checkouts/GRDB.swift/GRDB/Record/MutablePersistableRecord+DAO.swift (in target 'GRDB' from project 'GRDB')
    cd /Users/senaca/projects/audiobook-player/AudiobookPlayer.xcodeproj
    

SwiftCompile normal arm64 /Users/senaca/Library/Developer/Xcode/DerivedData/AudiobookPlayer-aqutoaiklelvyvayxmjgbonardxy/SourcePackages/checkouts/GRDB.swift/GRDB/Record/MutablePersistableRecord+Delete.swift (in target 'GRDB' from project 'GRDB')
    cd /Users/senaca/projects/audiobook-player/AudiobookPlayer.xcodeproj
    

SwiftCompile normal arm64 /Users/senaca/Library/Developer/Xcode/DerivedData/AudiobookPlayer-aqutoaiklelvyvayxmjgbonardxy/SourcePackages/checkouts/GRDB.swift/GRDB/Record/MutablePersistableRecord+Insert.swift (in target 'GRDB' from project 'GRDB')
    cd /Users/senaca/projects/audiobook-player/AudiobookPlayer.xcodeproj
    

SwiftCompile normal arm64 /Users/senaca/Library/Developer/Xcode/DerivedData/AudiobookPlayer-aqutoaiklelvyvayxmjgbonardxy/SourcePackages/checkouts/GRDB.swift/GRDB/Record/MutablePersistableRecord+Save.swift (in target 'GRDB' from project 'GRDB')
    cd /Users/senaca/projects/audiobook-player/AudiobookPlayer.xcodeproj
    

SwiftCompile normal arm64 /Users/senaca/Library/Developer/Xcode/DerivedData/AudiobookPlayer-aqutoaiklelvyvayxmjgbonardxy/SourcePackages/checkouts/GRDB.swift/GRDB/Record/MutablePersistableRecord+Update.swift (in target 'GRDB' from project 'GRDB')
    cd /Users/senaca/projects/audiobook-player/AudiobookPlayer.xcodeproj
    

SwiftCompile normal arm64 /Users/senaca/Library/Developer/Xcode/DerivedData/AudiobookPlayer-aqutoaiklelvyvayxmjgbonardxy/SourcePackages/checkouts/GRDB.swift/GRDB/Record/MutablePersistableRecord+Upsert.swift (in target 'GRDB' from project 'GRDB')
    cd /Users/senaca/projects/audiobook-player/AudiobookPlayer.xcodeproj
    

SwiftCompile normal arm64 /Users/senaca/Library/Developer/Xcode/DerivedData/AudiobookPlayer-aqutoaiklelvyvayxmjgbonardxy/SourcePackages/checkouts/GRDB.swift/GRDB/Record/MutablePersistableRecord.swift (in target 'GRDB' from project 'GRDB')
    cd /Users/senaca/projects/audiobook-player/AudiobookPlayer.xcodeproj
    

SwiftCompile normal arm64 /Users/senaca/Library/Developer/Xcode/DerivedData/AudiobookPlayer-aqutoaiklelvyvayxmjgbonardxy/SourcePackages/checkouts/GRDB.swift/GRDB/Record/PersistableRecord+Insert.swift (in target 'GRDB' from project 'GRDB')
    cd /Users/senaca/projects/audiobook-player/AudiobookPlayer.xcodeproj
    

SwiftCompile normal arm64 /Users/senaca/Library/Developer/Xcode/DerivedData/AudiobookPlayer-aqutoaiklelvyvayxmjgbonardxy/SourcePackages/checkouts/GRDB.swift/GRDB/Record/PersistableRecord+Save.swift (in target 'GRDB' from project 'GRDB')
    cd /Users/senaca/projects/audiobook-player/AudiobookPlayer.xcodeproj
    

SwiftCompile normal arm64 /Users/senaca/Library/Developer/Xcode/DerivedData/AudiobookPlayer-aqutoaiklelvyvayxmjgbonardxy/SourcePackages/checkouts/GRDB.swift/GRDB/Record/PersistableRecord+Upsert.swift (in target 'GRDB' from project 'GRDB')
    cd /Users/senaca/projects/audiobook-player/AudiobookPlayer.xcodeproj
    

SwiftCompile normal arm64 /Users/senaca/Library/Developer/Xcode/DerivedData/AudiobookPlayer-aqutoaiklelvyvayxmjgbonardxy/SourcePackages/checkouts/GRDB.swift/GRDB/Record/PersistableRecord.swift (in target 'GRDB' from project 'GRDB')
    cd /Users/senaca/projects/audiobook-player/AudiobookPlayer.xcodeproj
    

SwiftCompile normal arm64 /Users/senaca/Library/Developer/Xcode/DerivedData/AudiobookPlayer-aqutoaiklelvyvayxmjgbonardxy/SourcePackages/checkouts/GRDB.swift/GRDB/Record/Record.swift (in target 'GRDB' from project 'GRDB')
    cd /Users/senaca/projects/audiobook-player/AudiobookPlayer.xcodeproj
    

SwiftCompile normal arm64 /Users/senaca/Library/Developer/Xcode/DerivedData/AudiobookPlayer-aqutoaiklelvyvayxmjgbonardxy/SourcePackages/checkouts/GRDB.swift/GRDB/Record/TableRecord.swift (in target 'GRDB' from project 'GRDB')
    cd /Users/senaca/projects/audiobook-player/AudiobookPlayer.xcodeproj
    

SwiftCompile normal arm64 /Users/senaca/Library/Developer/Xcode/DerivedData/AudiobookPlayer-aqutoaiklelvyvayxmjgbonardxy/SourcePackages/checkouts/GRDB.swift/GRDB/Utils/CaseInsensitiveIdentifier.swift (in target 'GRDB' from project 'GRDB')
    cd /Users/senaca/projects/audiobook-player/AudiobookPlayer.xcodeproj
    

SwiftCompile normal arm64 /Users/senaca/Library/Developer/Xcode/DerivedData/AudiobookPlayer-aqutoaiklelvyvayxmjgbonardxy/SourcePackages/checkouts/GRDB.swift/GRDB/Utils/Inflections+English.swift (in target 'GRDB' from project 'GRDB')
    cd /Users/senaca/projects/audiobook-player/AudiobookPlayer.xcodeproj
    

SwiftDriverJobDiscovery normal arm64 Compiling Date+ZIP.swift, Entry+Serialization.swift, Entry+ZIP64.swift (in target 'ZIPFoundation' from project 'ZIPFoundation')

SwiftCompile normal arm64 Compiling\ FTS5+QueryInterface.swift,\ ForeignKey.swift,\ Association.swift,\ AssociationAggregate.swift,\ BelongsToAssociation.swift,\ HasManyAssociation.swift,\ HasManyThroughAssociation.swift,\ HasOneAssociation.swift,\ HasOneThroughAssociation.swift,\ JoinAssociation.swift,\ CommonTableExpression.swift,\ QueryInterfaceRequest.swift,\ RequestProtocols.swift,\ Column.swift,\ DatabasePromise.swift,\ SQLAssociation.swift,\ SQLCollection.swift,\ SQLExpression.swift,\ SQLForeignKeyRequest.swift,\ SQLFunctions.swift,\ SQLOperators.swift /Users/senaca/Library/Developer/Xcode/DerivedData/AudiobookPlayer-aqutoaiklelvyvayxmjgbonardxy/SourcePackages/checkouts/GRDB.swift/GRDB/QueryInterface/FTS5+QueryInterface.swift /Users/senaca/Library/Developer/Xcode/DerivedData/AudiobookPlayer-aqutoaiklelvyvayxmjgbonardxy/SourcePackages/checkouts/GRDB.swift/GRDB/QueryInterface/ForeignKey.swift /Users/senaca/Library/Developer/Xcode/DerivedData/AudiobookPlayer-aqutoaiklelvyvayxmjgbonardxy/SourcePackages/checkouts/GRDB.swift/GRDB/QueryInterface/Request/Association/Association.swift /Users/senaca/Library/Developer/Xcode/DerivedData/AudiobookPlayer-aqutoaiklelvyvayxmjgbonardxy/SourcePackages/checkouts/GRDB.swift/GRDB/QueryInterface/Request/Association/AssociationAggregate.swift /Users/senaca/Library/Developer/Xcode/DerivedData/AudiobookPlayer-aqutoaiklelvyvayxmjgbonardxy/SourcePackages/checkouts/GRDB.swift/GRDB/QueryInterface/Request/Association/BelongsToAssociation.swift /Users/senaca/Library/Developer/Xcode/DerivedData/AudiobookPlayer-aqutoaiklelvyvayxmjgbonardxy/SourcePackages/checkouts/GRDB.swift/GRDB/QueryInterface/Request/Association/HasManyAssociation.swift /Users/senaca/Library/Developer/Xcode/DerivedData/AudiobookPlayer-aqutoaiklelvyvayxmjgbonardxy/SourcePackages/checkouts/GRDB.swift/GRDB/QueryInterface/Request/Association/HasManyThroughAssociation.swift /Users/senaca/Library/Developer/Xcode/DerivedData/AudiobookPlayer-aqutoaiklelvyvayxmjgbonardxy/SourcePackages/checkouts/GRDB.swift/GRDB/QueryInterface/Request/Association/HasOneAssociation.swift /Users/senaca/Library/Developer/Xcode/DerivedData/AudiobookPlayer-aqutoaiklelvyvayxmjgbonardxy/SourcePackages/checkouts/GRDB.swift/GRDB/QueryInterface/Request/Association/HasOneThroughAssociation.swift /Users/senaca/Library/Developer/Xcode/DerivedData/AudiobookPlayer-aqutoaiklelvyvayxmjgbonardxy/SourcePackages/checkouts/GRDB.swift/GRDB/QueryInterface/Request/Association/JoinAssociation.swift /Users/senaca/Library/Developer/Xcode/DerivedData/AudiobookPlayer-aqutoaiklelvyvayxmjgbonardxy/SourcePackages/checkouts/GRDB.swift/GRDB/QueryInterface/Request/CommonTableExpression.swift /Users/senaca/Library/Developer/Xcode/DerivedData/AudiobookPlayer-aqutoaiklelvyvayxmjgbonardxy/SourcePackages/checkouts/GRDB.swift/GRDB/QueryInterface/Request/QueryInterfaceRequest.swift /Users/senaca/Library/Developer/Xcode/DerivedData/AudiobookPlayer-aqutoaiklelvyvayxmjgbonardxy/SourcePackages/checkouts/GRDB.swift/GRDB/QueryInterface/Request/RequestProtocols.swift /Users/senaca/Library/Developer/Xcode/DerivedData/AudiobookPlayer-aqutoaiklelvyvayxmjgbonardxy/SourcePackages/checkouts/GRDB.swift/GRDB/QueryInterface/SQL/Column.swift /Users/senaca/Library/Developer/Xcode/DerivedData/AudiobookPlayer-aqutoaiklelvyvayxmjgbonardxy/SourcePackages/checkouts/GRDB.swift/GRDB/QueryInterface/SQL/DatabasePromise.swift /Users/senaca/Library/Developer/Xcode/DerivedData/AudiobookPlayer-aqutoaiklelvyvayxmjgbonardxy/SourcePackages/checkouts/GRDB.swift/GRDB/QueryInterface/SQL/SQLAssociation.swift /Users/senaca/Library/Developer/Xcode/DerivedData/AudiobookPlayer-aqutoaiklelvyvayxmjgbonardxy/SourcePackages/checkouts/GRDB.swift/GRDB/QueryInterface/SQL/SQLCollection.swift /Users/senaca/Library/Developer/Xcode/DerivedData/AudiobookPlayer-aqutoaiklelvyvayxmjgbonardxy/SourcePackages/checkouts/GRDB.swift/GRDB/QueryInterface/SQL/SQLExpression.swift /Users/senaca/Library/Developer/Xcode/DerivedData/AudiobookPlayer-aqutoaiklelvyvayxmjgbonardxy/SourcePackages/checkouts/GRDB.swift/GRDB/QueryInterface/SQL/SQLForeignKeyRequest.swift /Users/senaca/Library/Developer/Xcode/DerivedData/AudiobookPlayer-aqutoaiklelvyvayxmjgbonardxy/SourcePackages/checkouts/GRDB.swift/GRDB/QueryInterface/SQL/SQLFunctions.swift /Users/senaca/Library/Developer/Xcode/DerivedData/AudiobookPlayer-aqutoaiklelvyvayxmjgbonardxy/SourcePackages/checkouts/GRDB.swift/GRDB/QueryInterface/SQL/SQLOperators.swift (in target 'GRDB' from project 'GRDB')

SwiftCompile normal arm64 /Users/senaca/Library/Developer/Xcode/DerivedData/AudiobookPlayer-aqutoaiklelvyvayxmjgbonardxy/SourcePackages/checkouts/GRDB.swift/GRDB/QueryInterface/FTS5+QueryInterface.swift (in target 'GRDB' from project 'GRDB')
    cd /Users/senaca/projects/audiobook-player/AudiobookPlayer.xcodeproj
    

SwiftCompile normal arm64 /Users/senaca/Library/Developer/Xcode/DerivedData/AudiobookPlayer-aqutoaiklelvyvayxmjgbonardxy/SourcePackages/checkouts/GRDB.swift/GRDB/QueryInterface/ForeignKey.swift (in target 'GRDB' from project 'GRDB')
    cd /Users/senaca/projects/audiobook-player/AudiobookPlayer.xcodeproj
    

SwiftCompile normal arm64 /Users/senaca/Library/Developer/Xcode/DerivedData/AudiobookPlayer-aqutoaiklelvyvayxmjgbonardxy/SourcePackages/checkouts/GRDB.swift/GRDB/QueryInterface/Request/Association/Association.swift (in target 'GRDB' from project 'GRDB')
    cd /Users/senaca/projects/audiobook-player/AudiobookPlayer.xcodeproj
    

SwiftCompile normal arm64 /Users/senaca/Library/Developer/Xcode/DerivedData/AudiobookPlayer-aqutoaiklelvyvayxmjgbonardxy/SourcePackages/checkouts/GRDB.swift/GRDB/QueryInterface/Request/Association/AssociationAggregate.swift (in target 'GRDB' from project 'GRDB')
    cd /Users/senaca/projects/audiobook-player/AudiobookPlayer.xcodeproj
    

SwiftCompile normal arm64 /Users/senaca/Library/Developer/Xcode/DerivedData/AudiobookPlayer-aqutoaiklelvyvayxmjgbonardxy/SourcePackages/checkouts/GRDB.swift/GRDB/QueryInterface/Request/Association/BelongsToAssociation.swift (in target 'GRDB' from project 'GRDB')
    cd /Users/senaca/projects/audiobook-player/AudiobookPlayer.xcodeproj
    

SwiftCompile normal arm64 /Users/senaca/Library/Developer/Xcode/DerivedData/AudiobookPlayer-aqutoaiklelvyvayxmjgbonardxy/SourcePackages/checkouts/GRDB.swift/GRDB/QueryInterface/Request/Association/HasManyAssociation.swift (in target 'GRDB' from project 'GRDB')
    cd /Users/senaca/projects/audiobook-player/AudiobookPlayer.xcodeproj
    

SwiftCompile normal arm64 /Users/senaca/Library/Developer/Xcode/DerivedData/AudiobookPlayer-aqutoaiklelvyvayxmjgbonardxy/SourcePackages/checkouts/GRDB.swift/GRDB/QueryInterface/Request/Association/HasManyThroughAssociation.swift (in target 'GRDB' from project 'GRDB')
    cd /Users/senaca/projects/audiobook-player/AudiobookPlayer.xcodeproj
    

SwiftCompile normal arm64 /Users/senaca/Library/Developer/Xcode/DerivedData/AudiobookPlayer-aqutoaiklelvyvayxmjgbonardxy/SourcePackages/checkouts/GRDB.swift/GRDB/QueryInterface/Request/Association/HasOneAssociation.swift (in target 'GRDB' from project 'GRDB')
    cd /Users/senaca/projects/audiobook-player/AudiobookPlayer.xcodeproj
    

SwiftCompile normal arm64 /Users/senaca/Library/Developer/Xcode/DerivedData/AudiobookPlayer-aqutoaiklelvyvayxmjgbonardxy/SourcePackages/checkouts/GRDB.swift/GRDB/QueryInterface/Request/Association/HasOneThroughAssociation.swift (in target 'GRDB' from project 'GRDB')
    cd /Users/senaca/projects/audiobook-player/AudiobookPlayer.xcodeproj
    

SwiftCompile normal arm64 /Users/senaca/Library/Developer/Xcode/DerivedData/AudiobookPlayer-aqutoaiklelvyvayxmjgbonardxy/SourcePackages/checkouts/GRDB.swift/GRDB/QueryInterface/Request/Association/JoinAssociation.swift (in target 'GRDB' from project 'GRDB')
    cd /Users/senaca/projects/audiobook-player/AudiobookPlayer.xcodeproj
    

SwiftCompile normal arm64 /Users/senaca/Library/Developer/Xcode/DerivedData/AudiobookPlayer-aqutoaiklelvyvayxmjgbonardxy/SourcePackages/checkouts/GRDB.swift/GRDB/QueryInterface/Request/CommonTableExpression.swift (in target 'GRDB' from project 'GRDB')
    cd /Users/senaca/projects/audiobook-player/AudiobookPlayer.xcodeproj
    

SwiftCompile normal arm64 /Users/senaca/Library/Developer/Xcode/DerivedData/AudiobookPlayer-aqutoaiklelvyvayxmjgbonardxy/SourcePackages/checkouts/GRDB.swift/GRDB/QueryInterface/Request/QueryInterfaceRequest.swift (in target 'GRDB' from project 'GRDB')
    cd /Users/senaca/projects/audiobook-player/AudiobookPlayer.xcodeproj
    

SwiftCompile normal arm64 /Users/senaca/Library/Developer/Xcode/DerivedData/AudiobookPlayer-aqutoaiklelvyvayxmjgbonardxy/SourcePackages/checkouts/GRDB.swift/GRDB/QueryInterface/Request/RequestProtocols.swift (in target 'GRDB' from project 'GRDB')
    cd /Users/senaca/projects/audiobook-player/AudiobookPlayer.xcodeproj
    

SwiftCompile normal arm64 /Users/senaca/Library/Developer/Xcode/DerivedData/AudiobookPlayer-aqutoaiklelvyvayxmjgbonardxy/SourcePackages/checkouts/GRDB.swift/GRDB/QueryInterface/SQL/Column.swift (in target 'GRDB' from project 'GRDB')
    cd /Users/senaca/projects/audiobook-player/AudiobookPlayer.xcodeproj
    

SwiftCompile normal arm64 /Users/senaca/Library/Developer/Xcode/DerivedData/AudiobookPlayer-aqutoaiklelvyvayxmjgbonardxy/SourcePackages/checkouts/GRDB.swift/GRDB/QueryInterface/SQL/DatabasePromise.swift (in target 'GRDB' from project 'GRDB')
    cd /Users/senaca/projects/audiobook-player/AudiobookPlayer.xcodeproj
    

SwiftCompile normal arm64 /Users/senaca/Library/Developer/Xcode/DerivedData/AudiobookPlayer-aqutoaiklelvyvayxmjgbonardxy/SourcePackages/checkouts/GRDB.swift/GRDB/QueryInterface/SQL/SQLAssociation.swift (in target 'GRDB' from project 'GRDB')
    cd /Users/senaca/projects/audiobook-player/AudiobookPlayer.xcodeproj
    

SwiftCompile normal arm64 /Users/senaca/Library/Developer/Xcode/DerivedData/AudiobookPlayer-aqutoaiklelvyvayxmjgbonardxy/SourcePackages/checkouts/GRDB.swift/GRDB/QueryInterface/SQL/SQLCollection.swift (in target 'GRDB' from project 'GRDB')
    cd /Users/senaca/projects/audiobook-player/AudiobookPlayer.xcodeproj
    

SwiftCompile normal arm64 /Users/senaca/Library/Developer/Xcode/DerivedData/AudiobookPlayer-aqutoaiklelvyvayxmjgbonardxy/SourcePackages/checkouts/GRDB.swift/GRDB/QueryInterface/SQL/SQLExpression.swift (in target 'GRDB' from project 'GRDB')
    cd /Users/senaca/projects/audiobook-player/AudiobookPlayer.xcodeproj
    

SwiftCompile normal arm64 /Users/senaca/Library/Developer/Xcode/DerivedData/AudiobookPlayer-aqutoaiklelvyvayxmjgbonardxy/SourcePackages/checkouts/GRDB.swift/GRDB/QueryInterface/SQL/SQLForeignKeyRequest.swift (in target 'GRDB' from project 'GRDB')
    cd /Users/senaca/projects/audiobook-player/AudiobookPlayer.xcodeproj
    

SwiftCompile normal arm64 /Users/senaca/Library/Developer/Xcode/DerivedData/AudiobookPlayer-aqutoaiklelvyvayxmjgbonardxy/SourcePackages/checkouts/GRDB.swift/GRDB/QueryInterface/SQL/SQLFunctions.swift (in target 'GRDB' from project 'GRDB')
    cd /Users/senaca/projects/audiobook-player/AudiobookPlayer.xcodeproj
    

SwiftCompile normal arm64 /Users/senaca/Library/Developer/Xcode/DerivedData/AudiobookPlayer-aqutoaiklelvyvayxmjgbonardxy/SourcePackages/checkouts/GRDB.swift/GRDB/QueryInterface/SQL/SQLOperators.swift (in target 'GRDB' from project 'GRDB')
    cd /Users/senaca/projects/audiobook-player/AudiobookPlayer.xcodeproj
    

SwiftDriverJobDiscovery normal arm64 Compiling Entry.swift, FileManager+ZIP.swift (in target 'ZIPFoundation' from project 'ZIPFoundation')

SwiftDriver\ Compilation ZIPFoundation normal arm64 com.apple.xcode.tools.swift.compiler (in target 'ZIPFoundation' from project 'ZIPFoundation')
    cd /Users/senaca/projects/audiobook-player/AudiobookPlayer.xcodeproj
    builtin-Swift-Compilation -- /Applications/Xcode.app/Contents/Developer/Toolchains/XcodeDefault.xctoolchain/usr/bin/swiftc -module-name ZIPFoundation -Onone -enforce-exclusivity\=checked @/Users/senaca/Library/Developer/Xcode/DerivedData/AudiobookPlayer-aqutoaiklelvyvayxmjgbonardxy/Build/Intermediates.noindex/ZIPFoundation.build/Debug-iphonesimulator/ZIPFoundation.build/Objects-normal/arm64/ZIPFoundation.SwiftFileList -DSWIFT_PACKAGE -DDEBUG -DSWIFT_MODULE_RESOURCE_BUNDLE_AVAILABLE -DXcode -plugin-path /Applications/Xcode.app/Contents/Developer/Toolchains/XcodeDefault.xctoolchain/usr/lib/swift/host/plugins/testing -enable-experimental-feature DebugDescriptionMacro -sdk /Applications/Xcode.app/Contents/Developer/Platforms/iPhoneSimulator.platform/Developer/SDKs/iPhoneSimulator26.0.sdk -target arm64-apple-ios12.0-simulator -g -module-cache-path /Users/senaca/Library/Developer/Xcode/DerivedData/ModuleCache.noindex -Xfrontend -serialize-debugging-options -enable-testing -suppress-warnings -index-store-path /Users/senaca/Library/Developer/Xcode/DerivedData/AudiobookPlayer-aqutoaiklelvyvayxmjgbonardxy/Index.noindex/DataStore -Xcc -D_LIBCPP_HARDENING_MODE\=_LIBCPP_HARDENING_MODE_DEBUG -swift-version 5 -I /Users/senaca/Library/Developer/Xcode/DerivedData/AudiobookPlayer-aqutoaiklelvyvayxmjgbonardxy/Build/Products/Debug-iphonesimulator -Isystem /Applications/Xcode.app/Contents/Developer/Platforms/iPhoneSimulator.platform/Developer/usr/lib -F /Users/senaca/Library/Developer/Xcode/DerivedData/AudiobookPlayer-aqutoaiklelvyvayxmjgbonardxy/Build/Products/Debug-iphonesimulator -F /Applications/Xcode.app/Contents/Developer/Platforms/iPhoneSimulator.platform/Developer/Library/Frameworks -F /Applications/Xcode.app/Contents/Developer/Platforms/iPhoneSimulator.platform/Developer/SDKs/iPhoneSimulator26.0.sdk/Developer/Library/Frameworks -c -j8 -enable-batch-mode -incremental -Xcc -ivfsstatcache -Xcc /Users/senaca/Library/Developer/Xcode/DerivedData/SDKStatCaches.noindex/iphonesimulator26.0-23A339-26257891a6c027eb51374368541b8346.sdkstatcache -output-file-map /Users/senaca/Library/Developer/Xcode/DerivedData/AudiobookPlayer-aqutoaiklelvyvayxmjgbonardxy/Build/Intermediates.noindex/ZIPFoundation.build/Debug-iphonesimulator/ZIPFoundation.build/Objects-normal/arm64/ZIPFoundation-OutputFileMap.json -use-frontend-parseable-output -save-temps -no-color-diagnostics -explicit-module-build -module-cache-path /Users/senaca/Library/Developer/Xcode/DerivedData/AudiobookPlayer-aqutoaiklelvyvayxmjgbonardxy/Build/Intermediates.noindex/SwiftExplicitPrecompiledModules -clang-scanner-module-cache-path /Users/senaca/Library/Developer/Xcode/DerivedData/ModuleCache.noindex -sdk-module-cache-path /Users/senaca/Library/Developer/Xcode/DerivedData/ModuleCache.noindex -serialize-diagnostics -emit-dependencies -emit-module -emit-module-path /Users/senaca/Library/Developer/Xcode/DerivedData/AudiobookPlayer-aqutoaiklelvyvayxmjgbonardxy/Build/Intermediates.noindex/ZIPFoundation.build/Debug-iphonesimulator/ZIPFoundation.build/Objects-normal/arm64/ZIPFoundation.swiftmodule -validate-clang-modules-once -clang-build-session-file /Users/senaca/Library/Developer/Xcode/DerivedData/ModuleCache.noindex/Session.modulevalidation -package-name zipfoundation -Xcc -I/Users/senaca/Library/Developer/Xcode/DerivedData/AudiobookPlayer-aqutoaiklelvyvayxmjgbonardxy/Build/Intermediates.noindex/ZIPFoundation.build/Debug-iphonesimulator/ZIPFoundation.build/swift-overrides.hmap -emit-const-values -Xfrontend -const-gather-protocols-file -Xfrontend /Users/senaca/Library/Developer/Xcode/DerivedData/AudiobookPlayer-aqutoaiklelvyvayxmjgbonardxy/Build/Intermediates.noindex/ZIPFoundation.build/Debug-iphonesimulator/ZIPFoundation.build/Objects-normal/arm64/ZIPFoundation_const_extract_protocols.json -Xcc -I/Users/senaca/Library/Developer/Xcode/DerivedData/AudiobookPlayer-aqutoaiklelvyvayxmjgbonardxy/Build/Products/Debug-iphonesimulator/include -Xcc -I/Users/senaca/Library/Developer/Xcode/DerivedData/AudiobookPlayer-aqutoaiklelvyvayxmjgbonardxy/Build/Intermediates.noindex/ZIPFoundation.build/Debug-iphonesimulator/ZIPFoundation.build/DerivedSources-normal/arm64 -Xcc -I/Users/senaca/Library/Developer/Xcode/DerivedData/AudiobookPlayer-aqutoaiklelvyvayxmjgbonardxy/Build/Intermediates.noindex/ZIPFoundation.build/Debug-iphonesimulator/ZIPFoundation.build/DerivedSources/arm64 -Xcc -I/Users/senaca/Library/Developer/Xcode/DerivedData/AudiobookPlayer-aqutoaiklelvyvayxmjgbonardxy/Build/Intermediates.noindex/ZIPFoundation.build/Debug-iphonesimulator/ZIPFoundation.build/DerivedSources -Xcc -DSWIFT_PACKAGE -Xcc -DDEBUG\=1 -emit-objc-header -emit-objc-header-path /Users/senaca/Library/Developer/Xcode/DerivedData/AudiobookPlayer-aqutoaiklelvyvayxmjgbonardxy/Build/Intermediates.noindex/ZIPFoundation.build/Debug-iphonesimulator/ZIPFoundation.build/Objects-normal/arm64/ZIPFoundation-Swift.h -working-directory /Users/senaca/projects/audiobook-player/AudiobookPlayer.xcodeproj -experimental-emit-module-separately -disable-cmo

SwiftDriverJobDiscovery normal arm64 Compiling Inflections.swift, Mutex.swift, OnDemandFuture.swift, OrderedDictionary.swift, Pool.swift, ReadWriteLock.swift, ReceiveValuesOn.swift, Refinable.swift, Utils.swift, DatabaseCancellable.swift, ValueConcurrentObserver.swift, ValueWriteOnlyObserver.swift, Fetch.swift, Map.swift, RemoveDuplicates.swift, Trace.swift, ValueReducer.swift, SharedValueObservation.swift, ValueObservation.swift, ValueObservationScheduler.swift (in target 'GRDB' from project 'GRDB')

SwiftCompile normal arm64 Compiling\ resource_bundle_accessor.swift,\ Configuration.swift,\ Cursor.swift,\ Database+Schema.swift,\ Database+Statements.swift,\ Database.swift,\ DatabaseBackupProgress.swift,\ DatabaseCollation.swift,\ DatabaseError.swift,\ DatabaseFunction.swift,\ DatabasePool.swift,\ DatabasePublishers.swift,\ DatabaseQueue.swift,\ DatabaseReader.swift,\ DatabaseRegion.swift,\ DatabaseRegionObservation.swift,\ DatabaseSchemaCache.swift,\ DatabaseSchemaSource.swift,\ DatabaseSnapshot.swift,\ DatabaseSnapshotPool.swift,\ DatabaseValue.swift /Users/senaca/Library/Developer/Xcode/DerivedData/AudiobookPlayer-aqutoaiklelvyvayxmjgbonardxy/Build/Intermediates.noindex/GRDB.build/Debug-iphonesimulator/GRDB.build/DerivedSources/resource_bundle_accessor.swift /Users/senaca/Library/Developer/Xcode/DerivedData/AudiobookPlayer-aqutoaiklelvyvayxmjgbonardxy/SourcePackages/checkouts/GRDB.swift/GRDB/Core/Configuration.swift /Users/senaca/Library/Developer/Xcode/DerivedData/AudiobookPlayer-aqutoaiklelvyvayxmjgbonardxy/SourcePackages/checkouts/GRDB.swift/GRDB/Core/Cursor.swift /Users/senaca/Library/Developer/Xcode/DerivedData/AudiobookPlayer-aqutoaiklelvyvayxmjgbonardxy/SourcePackages/checkouts/GRDB.swift/GRDB/Core/Database+Schema.swift /Users/senaca/Library/Developer/Xcode/DerivedData/AudiobookPlayer-aqutoaiklelvyvayxmjgbonardxy/SourcePackages/checkouts/GRDB.swift/GRDB/Core/Database+Statements.swift /Users/senaca/Library/Developer/Xcode/DerivedData/AudiobookPlayer-aqutoaiklelvyvayxmjgbonardxy/SourcePackages/checkouts/GRDB.swift/GRDB/Core/Database.swift /Users/senaca/Library/Developer/Xcode/DerivedData/AudiobookPlayer-aqutoaiklelvyvayxmjgbonardxy/SourcePackages/checkouts/GRDB.swift/GRDB/Core/DatabaseBackupProgress.swift /Users/senaca/Library/Developer/Xcode/DerivedData/AudiobookPlayer-aqutoaiklelvyvayxmjgbonardxy/SourcePackages/checkouts/GRDB.swift/GRDB/Core/DatabaseCollation.swift /Users/senaca/Library/Developer/Xcode/DerivedData/AudiobookPlayer-aqutoaiklelvyvayxmjgbonardxy/SourcePackages/checkouts/GRDB.swift/GRDB/Core/DatabaseError.swift /Users/senaca/Library/Developer/Xcode/DerivedData/AudiobookPlayer-aqutoaiklelvyvayxmjgbonardxy/SourcePackages/checkouts/GRDB.swift/GRDB/Core/DatabaseFunction.swift /Users/senaca/Library/Developer/Xcode/DerivedData/AudiobookPlayer-aqutoaiklelvyvayxmjgbonardxy/SourcePackages/checkouts/GRDB.swift/GRDB/Core/DatabasePool.swift /Users/senaca/Library/Developer/Xcode/DerivedData/AudiobookPlayer-aqutoaiklelvyvayxmjgbonardxy/SourcePackages/checkouts/GRDB.swift/GRDB/Core/DatabasePublishers.swift /Users/senaca/Library/Developer/Xcode/DerivedData/AudiobookPlayer-aqutoaiklelvyvayxmjgbonardxy/SourcePackages/checkouts/GRDB.swift/GRDB/Core/DatabaseQueue.swift /Users/senaca/Library/Developer/Xcode/DerivedData/AudiobookPlayer-aqutoaiklelvyvayxmjgbonardxy/SourcePackages/checkouts/GRDB.swift/GRDB/Core/DatabaseReader.swift /Users/senaca/Library/Developer/Xcode/DerivedData/AudiobookPlayer-aqutoaiklelvyvayxmjgbonardxy/SourcePackages/checkouts/GRDB.swift/GRDB/Core/DatabaseRegion.swift /Users/senaca/Library/Developer/Xcode/DerivedData/AudiobookPlayer-aqutoaiklelvyvayxmjgbonardxy/SourcePackages/checkouts/GRDB.swift/GRDB/Core/DatabaseRegionObservation.swift /Users/senaca/Library/Developer/Xcode/DerivedData/AudiobookPlayer-aqutoaiklelvyvayxmjgbonardxy/SourcePackages/checkouts/GRDB.swift/GRDB/Core/DatabaseSchemaCache.swift /Users/senaca/Library/Developer/Xcode/DerivedData/AudiobookPlayer-aqutoaiklelvyvayxmjgbonardxy/SourcePackages/checkouts/GRDB.swift/GRDB/Core/DatabaseSchemaSource.swift /Users/senaca/Library/Developer/Xcode/DerivedData/AudiobookPlayer-aqutoaiklelvyvayxmjgbonardxy/SourcePackages/checkouts/GRDB.swift/GRDB/Core/DatabaseSnapshot.swift /Users/senaca/Library/Developer/Xcode/DerivedData/AudiobookPlayer-aqutoaiklelvyvayxmjgbonardxy/SourcePackages/checkouts/GRDB.swift/GRDB/Core/DatabaseSnapshotPool.swift /Users/senaca/Library/Developer/Xcode/DerivedData/AudiobookPlayer-aqutoaiklelvyvayxmjgbonardxy/SourcePackages/checkouts/GRDB.swift/GRDB/Core/DatabaseValue.swift (in target 'GRDB' from project 'GRDB')
SwiftCompile normal arm64 /Users/senaca/Library/Developer/Xcode/DerivedData/AudiobookPlayer-aqutoaiklelvyvayxmjgbonardxy/Build/Intermediates.noindex/GRDB.build/Debug-iphonesimulator/GRDB.build/DerivedSources/resource_bundle_accessor.swift (in target 'GRDB' from project 'GRDB')
    cd /Users/senaca/projects/audiobook-player/AudiobookPlayer.xcodeproj
    

SwiftCompile normal arm64 /Users/senaca/Library/Developer/Xcode/DerivedData/AudiobookPlayer-aqutoaiklelvyvayxmjgbonardxy/SourcePackages/checkouts/GRDB.swift/GRDB/Core/Configuration.swift (in target 'GRDB' from project 'GRDB')
    cd /Users/senaca/projects/audiobook-player/AudiobookPlayer.xcodeproj
    

SwiftCompile normal arm64 /Users/senaca/Library/Developer/Xcode/DerivedData/AudiobookPlayer-aqutoaiklelvyvayxmjgbonardxy/SourcePackages/checkouts/GRDB.swift/GRDB/Core/Cursor.swift (in target 'GRDB' from project 'GRDB')
    cd /Users/senaca/projects/audiobook-player/AudiobookPlayer.xcodeproj
    

SwiftCompile normal arm64 /Users/senaca/Library/Developer/Xcode/DerivedData/AudiobookPlayer-aqutoaiklelvyvayxmjgbonardxy/SourcePackages/checkouts/GRDB.swift/GRDB/Core/Database+Schema.swift (in target 'GRDB' from project 'GRDB')
    cd /Users/senaca/projects/audiobook-player/AudiobookPlayer.xcodeproj
    

SwiftCompile normal arm64 /Users/senaca/Library/Developer/Xcode/DerivedData/AudiobookPlayer-aqutoaiklelvyvayxmjgbonardxy/SourcePackages/checkouts/GRDB.swift/GRDB/Core/Database+Statements.swift (in target 'GRDB' from project 'GRDB')
    cd /Users/senaca/projects/audiobook-player/AudiobookPlayer.xcodeproj
    

SwiftCompile normal arm64 /Users/senaca/Library/Developer/Xcode/DerivedData/AudiobookPlayer-aqutoaiklelvyvayxmjgbonardxy/SourcePackages/checkouts/GRDB.swift/GRDB/Core/Database.swift (in target 'GRDB' from project 'GRDB')
    cd /Users/senaca/projects/audiobook-player/AudiobookPlayer.xcodeproj
    

SwiftCompile normal arm64 /Users/senaca/Library/Developer/Xcode/DerivedData/AudiobookPlayer-aqutoaiklelvyvayxmjgbonardxy/SourcePackages/checkouts/GRDB.swift/GRDB/Core/DatabaseBackupProgress.swift (in target 'GRDB' from project 'GRDB')
    cd /Users/senaca/projects/audiobook-player/AudiobookPlayer.xcodeproj
    

SwiftCompile normal arm64 /Users/senaca/Library/Developer/Xcode/DerivedData/AudiobookPlayer-aqutoaiklelvyvayxmjgbonardxy/SourcePackages/checkouts/GRDB.swift/GRDB/Core/DatabaseCollation.swift (in target 'GRDB' from project 'GRDB')
    cd /Users/senaca/projects/audiobook-player/AudiobookPlayer.xcodeproj
    

SwiftCompile normal arm64 /Users/senaca/Library/Developer/Xcode/DerivedData/AudiobookPlayer-aqutoaiklelvyvayxmjgbonardxy/SourcePackages/checkouts/GRDB.swift/GRDB/Core/DatabaseError.swift (in target 'GRDB' from project 'GRDB')
    cd /Users/senaca/projects/audiobook-player/AudiobookPlayer.xcodeproj
    

SwiftCompile normal arm64 /Users/senaca/Library/Developer/Xcode/DerivedData/AudiobookPlayer-aqutoaiklelvyvayxmjgbonardxy/SourcePackages/checkouts/GRDB.swift/GRDB/Core/DatabaseFunction.swift (in target 'GRDB' from project 'GRDB')
    cd /Users/senaca/projects/audiobook-player/AudiobookPlayer.xcodeproj
    

SwiftCompile normal arm64 /Users/senaca/Library/Developer/Xcode/DerivedData/AudiobookPlayer-aqutoaiklelvyvayxmjgbonardxy/SourcePackages/checkouts/GRDB.swift/GRDB/Core/DatabasePool.swift (in target 'GRDB' from project 'GRDB')
    cd /Users/senaca/projects/audiobook-player/AudiobookPlayer.xcodeproj
    

SwiftCompile normal arm64 /Users/senaca/Library/Developer/Xcode/DerivedData/AudiobookPlayer-aqutoaiklelvyvayxmjgbonardxy/SourcePackages/checkouts/GRDB.swift/GRDB/Core/DatabasePublishers.swift (in target 'GRDB' from project 'GRDB')
    cd /Users/senaca/projects/audiobook-player/AudiobookPlayer.xcodeproj
    

SwiftCompile normal arm64 /Users/senaca/Library/Developer/Xcode/DerivedData/AudiobookPlayer-aqutoaiklelvyvayxmjgbonardxy/SourcePackages/checkouts/GRDB.swift/GRDB/Core/DatabaseQueue.swift (in target 'GRDB' from project 'GRDB')
    cd /Users/senaca/projects/audiobook-player/AudiobookPlayer.xcodeproj
    

SwiftCompile normal arm64 /Users/senaca/Library/Developer/Xcode/DerivedData/AudiobookPlayer-aqutoaiklelvyvayxmjgbonardxy/SourcePackages/checkouts/GRDB.swift/GRDB/Core/DatabaseReader.swift (in target 'GRDB' from project 'GRDB')
    cd /Users/senaca/projects/audiobook-player/AudiobookPlayer.xcodeproj
    

SwiftCompile normal arm64 /Users/senaca/Library/Developer/Xcode/DerivedData/AudiobookPlayer-aqutoaiklelvyvayxmjgbonardxy/SourcePackages/checkouts/GRDB.swift/GRDB/Core/DatabaseRegion.swift (in target 'GRDB' from project 'GRDB')
    cd /Users/senaca/projects/audiobook-player/AudiobookPlayer.xcodeproj
    

SwiftCompile normal arm64 /Users/senaca/Library/Developer/Xcode/DerivedData/AudiobookPlayer-aqutoaiklelvyvayxmjgbonardxy/SourcePackages/checkouts/GRDB.swift/GRDB/Core/DatabaseRegionObservation.swift (in target 'GRDB' from project 'GRDB')
    cd /Users/senaca/projects/audiobook-player/AudiobookPlayer.xcodeproj
    

SwiftCompile normal arm64 /Users/senaca/Library/Developer/Xcode/DerivedData/AudiobookPlayer-aqutoaiklelvyvayxmjgbonardxy/SourcePackages/checkouts/GRDB.swift/GRDB/Core/DatabaseSchemaCache.swift (in target 'GRDB' from project 'GRDB')
    cd /Users/senaca/projects/audiobook-player/AudiobookPlayer.xcodeproj
    

SwiftCompile normal arm64 /Users/senaca/Library/Developer/Xcode/DerivedData/AudiobookPlayer-aqutoaiklelvyvayxmjgbonardxy/SourcePackages/checkouts/GRDB.swift/GRDB/Core/DatabaseSchemaSource.swift (in target 'GRDB' from project 'GRDB')
    cd /Users/senaca/projects/audiobook-player/AudiobookPlayer.xcodeproj
    

SwiftCompile normal arm64 /Users/senaca/Library/Developer/Xcode/DerivedData/AudiobookPlayer-aqutoaiklelvyvayxmjgbonardxy/SourcePackages/checkouts/GRDB.swift/GRDB/Core/DatabaseSnapshot.swift (in target 'GRDB' from project 'GRDB')
    cd /Users/senaca/projects/audiobook-player/AudiobookPlayer.xcodeproj
    

SwiftCompile normal arm64 /Users/senaca/Library/Developer/Xcode/DerivedData/AudiobookPlayer-aqutoaiklelvyvayxmjgbonardxy/SourcePackages/checkouts/GRDB.swift/GRDB/Core/DatabaseSnapshotPool.swift (in target 'GRDB' from project 'GRDB')
    cd /Users/senaca/projects/audiobook-player/AudiobookPlayer.xcodeproj
    

SwiftCompile normal arm64 /Users/senaca/Library/Developer/Xcode/DerivedData/AudiobookPlayer-aqutoaiklelvyvayxmjgbonardxy/SourcePackages/checkouts/GRDB.swift/GRDB/Core/DatabaseValue.swift (in target 'GRDB' from project 'GRDB')
    cd /Users/senaca/projects/audiobook-player/AudiobookPlayer.xcodeproj
    

SwiftDriverJobDiscovery normal arm64 Compiling JSONDumpFormat.swift, LineDumpFormat.swift, ListDumpFormat.swift, QuoteDumpFormat.swift, FTS3.swift, FTS3Pattern.swift, FTS3TokenizerDescriptor.swift, FTS4.swift, FTS5.swift, FTS5CustomTokenizer.swift, FTS5Pattern.swift, FTS5Tokenizer.swift, FTS5TokenizerDescriptor.swift, FTS5WrapperTokenizer.swift, Fixits.swift, JSONColumn.swift, SQLJSONExpressible.swift, SQLJSONFunctions.swift, DatabaseMigrator.swift, Migration.swift, FTS3+QueryInterface.swift (in target 'GRDB' from project 'GRDB')

Ld /Users/senaca/Library/Developer/Xcode/DerivedData/AudiobookPlayer-aqutoaiklelvyvayxmjgbonardxy/Build/Products/Debug-iphonesimulator/ZIPFoundation.o normal (in target 'ZIPFoundation' from project 'ZIPFoundation')
    cd /Users/senaca/Library/Developer/Xcode/DerivedData/AudiobookPlayer-aqutoaiklelvyvayxmjgbonardxy/SourcePackages/checkouts/ZIPFoundation
    /Applications/Xcode.app/Contents/Developer/Toolchains/XcodeDefault.xctoolchain/usr/bin/clang -Xlinker -reproducible -target arm64-apple-ios12.0-simulator -r -isysroot /Applications/Xcode.app/Contents/Developer/Platforms/iPhoneSimulator.platform/Developer/SDKs/iPhoneSimulator26.0.sdk -O0 -w -L/Users/senaca/Library/Developer/Xcode/DerivedData/AudiobookPlayer-aqutoaiklelvyvayxmjgbonardxy/Build/Intermediates.noindex/EagerLinkingTBDs/Debug-iphonesimulator -L/Users/senaca/Library/Developer/Xcode/DerivedData/AudiobookPlayer-aqutoaiklelvyvayxmjgbonardxy/Build/Products/Debug-iphonesimulator -L/Applications/Xcode.app/Contents/Developer/Platforms/iPhoneSimulator.platform/Developer/usr/lib -F/Users/senaca/Library/Developer/Xcode/DerivedData/AudiobookPlayer-aqutoaiklelvyvayxmjgbonardxy/Build/Intermediates.noindex/EagerLinkingTBDs/Debug-iphonesimulator -F/Users/senaca/Library/Developer/Xcode/DerivedData/AudiobookPlayer-aqutoaiklelvyvayxmjgbonardxy/Build/Products/Debug-iphonesimulator -iframework /Applications/Xcode.app/Contents/Developer/Platforms/iPhoneSimulator.platform/Developer/Library/Frameworks -iframework /Applications/Xcode.app/Contents/Developer/Platforms/iPhoneSimulator.platform/Developer/SDKs/iPhoneSimulator26.0.sdk/Developer/Library/Frameworks -filelist /Users/senaca/Library/Developer/Xcode/DerivedData/AudiobookPlayer-aqutoaiklelvyvayxmjgbonardxy/Build/Intermediates.noindex/ZIPFoundation.build/Debug-iphonesimulator/ZIPFoundation.build/Objects-normal/arm64/ZIPFoundation.LinkFileList -nostdlib -Xlinker -object_path_lto -Xlinker /Users/senaca/Library/Developer/Xcode/DerivedData/AudiobookPlayer-aqutoaiklelvyvayxmjgbonardxy/Build/Intermediates.noindex/ZIPFoundation.build/Debug-iphonesimulator/ZIPFoundation.build/Objects-normal/arm64/ZIPFoundation_lto.o -rdynamic -Xlinker -no_deduplicate -Xlinker -objc_abi_version -Xlinker 2 -Xlinker -dependency_info -Xlinker /Users/senaca/Library/Developer/Xcode/DerivedData/AudiobookPlayer-aqutoaiklelvyvayxmjgbonardxy/Build/Intermediates.noindex/ZIPFoundation.build/Debug-iphonesimulator/ZIPFoundation.build/Objects-normal/arm64/ZIPFoundation_dependency_info.dat -fobjc-link-runtime -L/Applications/Xcode.app/Contents/Developer/Toolchains/XcodeDefault.xctoolchain/usr/lib/swift/iphonesimulator -L/usr/lib/swift -Xlinker -add_ast_path -Xlinker /Users/senaca/Library/Developer/Xcode/DerivedData/AudiobookPlayer-aqutoaiklelvyvayxmjgbonardxy/Build/Intermediates.noindex/ZIPFoundation.build/Debug-iphonesimulator/ZIPFoundation.build/Objects-normal/arm64/ZIPFoundation.swiftmodule @/Users/senaca/Library/Developer/Xcode/DerivedData/AudiobookPlayer-aqutoaiklelvyvayxmjgbonardxy/Build/Intermediates.noindex/ZIPFoundation.build/Debug-iphonesimulator/ZIPFoundation.build/Objects-normal/arm64/ZIPFoundation-linker-args.resp -o /Users/senaca/Library/Developer/Xcode/DerivedData/AudiobookPlayer-aqutoaiklelvyvayxmjgbonardxy/Build/Products/Debug-iphonesimulator/ZIPFoundation.o

SwiftDriverJobDiscovery normal arm64 Emitting module for GRDB (in target 'GRDB' from project 'GRDB')

SwiftDriver\ Compilation\ Requirements GRDB normal arm64 com.apple.xcode.tools.swift.compiler (in target 'GRDB' from project 'GRDB')
    cd /Users/senaca/projects/audiobook-player/AudiobookPlayer.xcodeproj
    builtin-Swift-Compilation-Requirements -- /Applications/Xcode.app/Contents/Developer/Toolchains/XcodeDefault.xctoolchain/usr/bin/swiftc -module-name GRDB -Onone -enforce-exclusivity\=checked @/Users/senaca/Library/Developer/Xcode/DerivedData/AudiobookPlayer-aqutoaiklelvyvayxmjgbonardxy/Build/Intermediates.noindex/GRDB.build/Debug-iphonesimulator/GRDB.build/Objects-normal/arm64/GRDB.SwiftFileList -DSWIFT_PACKAGE -DDEBUG -DSWIFT_MODULE_RESOURCE_BUNDLE_AVAILABLE -DSQLITE_ENABLE_FTS5 -Xcc -fmodule-map-file\=/Users/senaca/Library/Developer/Xcode/DerivedData/AudiobookPlayer-aqutoaiklelvyvayxmjgbonardxy/SourcePackages/checkouts/GRDB.swift/Sources/GRDBSQLite/module.modulemap -DXcode -plugin-path /Applications/Xcode.app/Contents/Developer/Toolchains/XcodeDefault.xctoolchain/usr/lib/swift/host/plugins/testing -enable-experimental-feature DebugDescriptionMacro -sdk /Applications/Xcode.app/Contents/Developer/Platforms/iPhoneSimulator.platform/Developer/SDKs/iPhoneSimulator26.0.sdk -target arm64-apple-ios13.0-simulator -g -module-cache-path /Users/senaca/Library/Developer/Xcode/DerivedData/ModuleCache.noindex -Xfrontend -serialize-debugging-options -enable-testing -suppress-warnings -index-store-path /Users/senaca/Library/Developer/Xcode/DerivedData/AudiobookPlayer-aqutoaiklelvyvayxmjgbonardxy/Index.noindex/DataStore -Xcc -D_LIBCPP_HARDENING_MODE\=_LIBCPP_HARDENING_MODE_DEBUG -swift-version 6 -I /Users/senaca/Library/Developer/Xcode/DerivedData/AudiobookPlayer-aqutoaiklelvyvayxmjgbonardxy/Build/Products/Debug-iphonesimulator -Isystem /Applications/Xcode.app/Contents/Developer/Platforms/iPhoneSimulator.platform/Developer/usr/lib -F /Users/senaca/Library/Developer/Xcode/DerivedData/AudiobookPlayer-aqutoaiklelvyvayxmjgbonardxy/Build/Products/Debug-iphonesimulator -F /Applications/Xcode.app/Contents/Developer/Platforms/iPhoneSimulator.platform/Developer/Library/Frameworks -F /Applications/Xcode.app/Contents/Developer/Platforms/iPhoneSimulator.platform/Developer/SDKs/iPhoneSimulator26.0.sdk/Developer/Library/Frameworks -emit-localized-strings -emit-localized-strings-path /Users/senaca/Library/Developer/Xcode/DerivedData/AudiobookPlayer-aqutoaiklelvyvayxmjgbonardxy/Build/Intermediates.noindex/GRDB.build/Debug-iphonesimulator/GRDB.build/Objects-normal/arm64 -c -j8 -enable-batch-mode -incremental -Xcc -ivfsstatcache -Xcc /Users/senaca/Library/Developer/Xcode/DerivedData/SDKStatCaches.noindex/iphonesimulator26.0-23A339-26257891a6c027eb51374368541b8346.sdkstatcache -output-file-map /Users/senaca/Library/Developer/Xcode/DerivedData/AudiobookPlayer-aqutoaiklelvyvayxmjgbonardxy/Build/Intermediates.noindex/GRDB.build/Debug-iphonesimulator/GRDB.build/Objects-normal/arm64/GRDB-OutputFileMap.json -use-frontend-parseable-output -save-temps -no-color-diagnostics -explicit-module-build -module-cache-path /Users/senaca/Library/Developer/Xcode/DerivedData/AudiobookPlayer-aqutoaiklelvyvayxmjgbonardxy/Build/Intermediates.noindex/SwiftExplicitPrecompiledModules -clang-scanner-module-cache-path /Users/senaca/Library/Developer/Xcode/DerivedData/ModuleCache.noindex -sdk-module-cache-path /Users/senaca/Library/Developer/Xcode/DerivedData/ModuleCache.noindex -serialize-diagnostics -emit-dependencies -emit-module -emit-module-path /Users/senaca/Library/Developer/Xcode/DerivedData/AudiobookPlayer-aqutoaiklelvyvayxmjgbonardxy/Build/Intermediates.noindex/GRDB.build/Debug-iphonesimulator/GRDB.build/Objects-normal/arm64/GRDB.swiftmodule -user-module-version 7.8.0 -validate-clang-modules-once -clang-build-session-file /Users/senaca/Library/Developer/Xcode/DerivedData/ModuleCache.noindex/Session.modulevalidation -package-name grdb_swift -Xcc -I/Users/senaca/Library/Developer/Xcode/DerivedData/AudiobookPlayer-aqutoaiklelvyvayxmjgbonardxy/Build/Intermediates.noindex/GRDB.build/Debug-iphonesimulator/GRDB.build/swift-overrides.hmap -emit-const-values -Xfrontend -const-gather-protocols-file -Xfrontend /Users/senaca/Library/Developer/Xcode/DerivedData/AudiobookPlayer-aqutoaiklelvyvayxmjgbonardxy/Build/Intermediates.noindex/GRDB.build/Debug-iphonesimulator/GRDB.build/Objects-normal/arm64/GRDB_const_extract_protocols.json -Xcc -I/Users/senaca/Library/Developer/Xcode/DerivedData/AudiobookPlayer-aqutoaiklelvyvayxmjgbonardxy/Build/Products/Debug-iphonesimulator/include -Xcc -I/Users/senaca/Library/Developer/Xcode/DerivedData/AudiobookPlayer-aqutoaiklelvyvayxmjgbonardxy/Build/Intermediates.noindex/GRDB.build/Debug-iphonesimulator/GRDB.build/DerivedSources-normal/arm64 -Xcc -I/Users/senaca/Library/Developer/Xcode/DerivedData/AudiobookPlayer-aqutoaiklelvyvayxmjgbonardxy/Build/Intermediates.noindex/GRDB.build/Debug-iphonesimulator/GRDB.build/DerivedSources/arm64 -Xcc -I/Users/senaca/Library/Developer/Xcode/DerivedData/AudiobookPlayer-aqutoaiklelvyvayxmjgbonardxy/Build/Intermediates.noindex/GRDB.build/Debug-iphonesimulator/GRDB.build/DerivedSources -Xcc -DSWIFT_PACKAGE -Xcc -DDEBUG\=1 -emit-objc-header -emit-objc-header-path /Users/senaca/Library/Developer/Xcode/DerivedData/AudiobookPlayer-aqutoaiklelvyvayxmjgbonardxy/Build/Intermediates.noindex/GRDB.build/Debug-iphonesimulator/GRDB.build/Objects-normal/arm64/GRDB-Swift.h -working-directory /Users/senaca/projects/audiobook-player/AudiobookPlayer.xcodeproj -experimental-emit-module-separately -disable-cmo

SwiftMergeGeneratedHeaders /Users/senaca/Library/Developer/Xcode/DerivedData/AudiobookPlayer-aqutoaiklelvyvayxmjgbonardxy/Build/Intermediates.noindex/GeneratedModuleMaps-iphonesimulator/GRDB-Swift.h /Users/senaca/Library/Developer/Xcode/DerivedData/AudiobookPlayer-aqutoaiklelvyvayxmjgbonardxy/Build/Intermediates.noindex/GRDB.build/Debug-iphonesimulator/GRDB.build/Objects-normal/arm64/GRDB-Swift.h (in target 'GRDB' from project 'GRDB')
    cd /Users/senaca/Library/Developer/Xcode/DerivedData/AudiobookPlayer-aqutoaiklelvyvayxmjgbonardxy/SourcePackages/checkouts/GRDB.swift
    builtin-swiftHeaderTool -arch arm64 /Users/senaca/Library/Developer/Xcode/DerivedData/AudiobookPlayer-aqutoaiklelvyvayxmjgbonardxy/Build/Intermediates.noindex/GRDB.build/Debug-iphonesimulator/GRDB.build/Objects-normal/arm64/GRDB-Swift.h -o /Users/senaca/Library/Developer/Xcode/DerivedData/AudiobookPlayer-aqutoaiklelvyvayxmjgbonardxy/Build/Intermediates.noindex/GeneratedModuleMaps-iphonesimulator/GRDB-Swift.h

Copy /Users/senaca/Library/Developer/Xcode/DerivedData/AudiobookPlayer-aqutoaiklelvyvayxmjgbonardxy/Build/Products/Debug-iphonesimulator/GRDB.swiftmodule/arm64-apple-ios-simulator.swiftmodule /Users/senaca/Library/Developer/Xcode/DerivedData/AudiobookPlayer-aqutoaiklelvyvayxmjgbonardxy/Build/Intermediates.noindex/GRDB.build/Debug-iphonesimulator/GRDB.build/Objects-normal/arm64/GRDB.swiftmodule (in target 'GRDB' from project 'GRDB')
    cd /Users/senaca/Library/Developer/Xcode/DerivedData/AudiobookPlayer-aqutoaiklelvyvayxmjgbonardxy/SourcePackages/checkouts/GRDB.swift
    builtin-copy -exclude .DS_Store -exclude CVS -exclude .svn -exclude .git -exclude .hg -resolve-src-symlinks -rename /Users/senaca/Library/Developer/Xcode/DerivedData/AudiobookPlayer-aqutoaiklelvyvayxmjgbonardxy/Build/Intermediates.noindex/GRDB.build/Debug-iphonesimulator/GRDB.build/Objects-normal/arm64/GRDB.swiftmodule /Users/senaca/Library/Developer/Xcode/DerivedData/AudiobookPlayer-aqutoaiklelvyvayxmjgbonardxy/Build/Products/Debug-iphonesimulator/GRDB.swiftmodule/arm64-apple-ios-simulator.swiftmodule

Copy /Users/senaca/Library/Developer/Xcode/DerivedData/AudiobookPlayer-aqutoaiklelvyvayxmjgbonardxy/Build/Products/Debug-iphonesimulator/GRDB.swiftmodule/arm64-apple-ios-simulator.swiftdoc /Users/senaca/Library/Developer/Xcode/DerivedData/AudiobookPlayer-aqutoaiklelvyvayxmjgbonardxy/Build/Intermediates.noindex/GRDB.build/Debug-iphonesimulator/GRDB.build/Objects-normal/arm64/GRDB.swiftdoc (in target 'GRDB' from project 'GRDB')
    cd /Users/senaca/Library/Developer/Xcode/DerivedData/AudiobookPlayer-aqutoaiklelvyvayxmjgbonardxy/SourcePackages/checkouts/GRDB.swift
    builtin-copy -exclude .DS_Store -exclude CVS -exclude .svn -exclude .git -exclude .hg -resolve-src-symlinks -rename /Users/senaca/Library/Developer/Xcode/DerivedData/AudiobookPlayer-aqutoaiklelvyvayxmjgbonardxy/Build/Intermediates.noindex/GRDB.build/Debug-iphonesimulator/GRDB.build/Objects-normal/arm64/GRDB.swiftdoc /Users/senaca/Library/Developer/Xcode/DerivedData/AudiobookPlayer-aqutoaiklelvyvayxmjgbonardxy/Build/Products/Debug-iphonesimulator/GRDB.swiftmodule/arm64-apple-ios-simulator.swiftdoc

Copy /Users/senaca/Library/Developer/Xcode/DerivedData/AudiobookPlayer-aqutoaiklelvyvayxmjgbonardxy/Build/Products/Debug-iphonesimulator/GRDB.swiftmodule/arm64-apple-ios-simulator.abi.json /Users/senaca/Library/Developer/Xcode/DerivedData/AudiobookPlayer-aqutoaiklelvyvayxmjgbonardxy/Build/Intermediates.noindex/GRDB.build/Debug-iphonesimulator/GRDB.build/Objects-normal/arm64/GRDB.abi.json (in target 'GRDB' from project 'GRDB')
    cd /Users/senaca/Library/Developer/Xcode/DerivedData/AudiobookPlayer-aqutoaiklelvyvayxmjgbonardxy/SourcePackages/checkouts/GRDB.swift
    builtin-copy -exclude .DS_Store -exclude CVS -exclude .svn -exclude .git -exclude .hg -resolve-src-symlinks -rename /Users/senaca/Library/Developer/Xcode/DerivedData/AudiobookPlayer-aqutoaiklelvyvayxmjgbonardxy/Build/Intermediates.noindex/GRDB.build/Debug-iphonesimulator/GRDB.build/Objects-normal/arm64/GRDB.abi.json /Users/senaca/Library/Developer/Xcode/DerivedData/AudiobookPlayer-aqutoaiklelvyvayxmjgbonardxy/Build/Products/Debug-iphonesimulator/GRDB.swiftmodule/arm64-apple-ios-simulator.abi.json

Copy /Users/senaca/Library/Developer/Xcode/DerivedData/AudiobookPlayer-aqutoaiklelvyvayxmjgbonardxy/Build/Products/Debug-iphonesimulator/GRDB.swiftmodule/Project/arm64-apple-ios-simulator.swiftsourceinfo /Users/senaca/Library/Developer/Xcode/DerivedData/AudiobookPlayer-aqutoaiklelvyvayxmjgbonardxy/Build/Intermediates.noindex/GRDB.build/Debug-iphonesimulator/GRDB.build/Objects-normal/arm64/GRDB.swiftsourceinfo (in target 'GRDB' from project 'GRDB')
    cd /Users/senaca/Library/Developer/Xcode/DerivedData/AudiobookPlayer-aqutoaiklelvyvayxmjgbonardxy/SourcePackages/checkouts/GRDB.swift
    builtin-copy -exclude .DS_Store -exclude CVS -exclude .svn -exclude .git -exclude .hg -resolve-src-symlinks -rename /Users/senaca/Library/Developer/Xcode/DerivedData/AudiobookPlayer-aqutoaiklelvyvayxmjgbonardxy/Build/Intermediates.noindex/GRDB.build/Debug-iphonesimulator/GRDB.build/Objects-normal/arm64/GRDB.swiftsourceinfo /Users/senaca/Library/Developer/Xcode/DerivedData/AudiobookPlayer-aqutoaiklelvyvayxmjgbonardxy/Build/Products/Debug-iphonesimulator/GRDB.swiftmodule/Project/arm64-apple-ios-simulator.swiftsourceinfo

ProcessProductPackaging /Users/senaca/projects/audiobook-player/AudiobookPlayer/AudiobookPlayer.entitlements /Users/senaca/Library/Developer/Xcode/DerivedData/AudiobookPlayer-aqutoaiklelvyvayxmjgbonardxy/Build/Intermediates.noindex/AudiobookPlayer.build/Debug-iphonesimulator/AudiobookPlayer.build/HappyBear.app.xcent (in target 'AudiobookPlayer' from project 'AudiobookPlayer')
    cd /Users/senaca/projects/audiobook-player
    
    Entitlements:
    
    {
}
    
    builtin-productPackagingUtility /Users/senaca/projects/audiobook-player/AudiobookPlayer/AudiobookPlayer.entitlements -entitlements -format xml -o /Users/senaca/Library/Developer/Xcode/DerivedData/AudiobookPlayer-aqutoaiklelvyvayxmjgbonardxy/Build/Intermediates.noindex/AudiobookPlayer.build/Debug-iphonesimulator/AudiobookPlayer.build/HappyBear.app.xcent

ProcessProductPackaging /Users/senaca/projects/audiobook-player/AudiobookPlayer/AudiobookPlayer.entitlements /Users/senaca/Library/Developer/Xcode/DerivedData/AudiobookPlayer-aqutoaiklelvyvayxmjgbonardxy/Build/Intermediates.noindex/AudiobookPlayer.build/Debug-iphonesimulator/AudiobookPlayer.build/HappyBear.app-Simulated.xcent (in target 'AudiobookPlayer' from project 'AudiobookPlayer')
    cd /Users/senaca/projects/audiobook-player
    
    Entitlements:
    
    {
    "application-identifier" = "285P3M6846.com.wdh.happyBear";
    "keychain-access-groups" =     (
    );
}
    
    builtin-productPackagingUtility /Users/senaca/projects/audiobook-player/AudiobookPlayer/AudiobookPlayer.entitlements -entitlements -format xml -o /Users/senaca/Library/Developer/Xcode/DerivedData/AudiobookPlayer-aqutoaiklelvyvayxmjgbonardxy/Build/Intermediates.noindex/AudiobookPlayer.build/Debug-iphonesimulator/AudiobookPlayer.build/HappyBear.app-Simulated.xcent

ProcessProductPackagingDER /Users/senaca/Library/Developer/Xcode/DerivedData/AudiobookPlayer-aqutoaiklelvyvayxmjgbonardxy/Build/Intermediates.noindex/AudiobookPlayer.build/Debug-iphonesimulator/AudiobookPlayer.build/HappyBear.app.xcent /Users/senaca/Library/Developer/Xcode/DerivedData/AudiobookPlayer-aqutoaiklelvyvayxmjgbonardxy/Build/Intermediates.noindex/AudiobookPlayer.build/Debug-iphonesimulator/AudiobookPlayer.build/HappyBear.app.xcent.der (in target 'AudiobookPlayer' from project 'AudiobookPlayer')
    cd /Users/senaca/projects/audiobook-player
    /usr/bin/derq query -f xml -i /Users/senaca/Library/Developer/Xcode/DerivedData/AudiobookPlayer-aqutoaiklelvyvayxmjgbonardxy/Build/Intermediates.noindex/AudiobookPlayer.build/Debug-iphonesimulator/AudiobookPlayer.build/HappyBear.app.xcent -o /Users/senaca/Library/Developer/Xcode/DerivedData/AudiobookPlayer-aqutoaiklelvyvayxmjgbonardxy/Build/Intermediates.noindex/AudiobookPlayer.build/Debug-iphonesimulator/AudiobookPlayer.build/HappyBear.app.xcent.der --raw

ProcessProductPackagingDER /Users/senaca/Library/Developer/Xcode/DerivedData/AudiobookPlayer-aqutoaiklelvyvayxmjgbonardxy/Build/Intermediates.noindex/AudiobookPlayer.build/Debug-iphonesimulator/AudiobookPlayer.build/HappyBear.app-Simulated.xcent /Users/senaca/Library/Developer/Xcode/DerivedData/AudiobookPlayer-aqutoaiklelvyvayxmjgbonardxy/Build/Intermediates.noindex/AudiobookPlayer.build/Debug-iphonesimulator/AudiobookPlayer.build/HappyBear.app-Simulated.xcent.der (in target 'AudiobookPlayer' from project 'AudiobookPlayer')
    cd /Users/senaca/projects/audiobook-player
    /usr/bin/derq query -f xml -i /Users/senaca/Library/Developer/Xcode/DerivedData/AudiobookPlayer-aqutoaiklelvyvayxmjgbonardxy/Build/Intermediates.noindex/AudiobookPlayer.build/Debug-iphonesimulator/AudiobookPlayer.build/HappyBear.app-Simulated.xcent -o /Users/senaca/Library/Developer/Xcode/DerivedData/AudiobookPlayer-aqutoaiklelvyvayxmjgbonardxy/Build/Intermediates.noindex/AudiobookPlayer.build/Debug-iphonesimulator/AudiobookPlayer.build/HappyBear.app-Simulated.xcent.der --raw

ExtractAppIntentsMetadata (in target 'ZIPFoundation' from project 'ZIPFoundation')
    cd /Users/senaca/Library/Developer/Xcode/DerivedData/AudiobookPlayer-aqutoaiklelvyvayxmjgbonardxy/SourcePackages/checkouts/ZIPFoundation
    /Applications/Xcode.app/Contents/Developer/Toolchains/XcodeDefault.xctoolchain/usr/bin/appintentsmetadataprocessor --toolchain-dir /Applications/Xcode.app/Contents/Developer/Toolchains/XcodeDefault.xctoolchain --module-name ZIPFoundation --sdk-root /Applications/Xcode.app/Contents/Developer/Platforms/iPhoneSimulator.platform/Developer/SDKs/iPhoneSimulator26.0.sdk --xcode-version 17A400 --platform-family iOS --deployment-target 12.0 --bundle-identifier zipfoundation.ZIPFoundation --output /Users/senaca/Library/Developer/Xcode/DerivedData/AudiobookPlayer-aqutoaiklelvyvayxmjgbonardxy/Build/Products/Debug-iphonesimulator/ZIPFoundation.appintents --target-triple arm64-apple-ios12.0-simulator --binary-file /Users/senaca/Library/Developer/Xcode/DerivedData/AudiobookPlayer-aqutoaiklelvyvayxmjgbonardxy/Build/Products/Debug-iphonesimulator/ZIPFoundation.o --dependency-file /Users/senaca/Library/Developer/Xcode/DerivedData/AudiobookPlayer-aqutoaiklelvyvayxmjgbonardxy/Build/Intermediates.noindex/ZIPFoundation.build/Debug-iphonesimulator/ZIPFoundation.build/Objects-normal/arm64/ZIPFoundation_dependency_info.dat --stringsdata-file /Users/senaca/Library/Developer/Xcode/DerivedData/AudiobookPlayer-aqutoaiklelvyvayxmjgbonardxy/Build/Intermediates.noindex/ZIPFoundation.build/Debug-iphonesimulator/ZIPFoundation.build/Objects-normal/arm64/ExtractedAppShortcutsMetadata.stringsdata --source-file-list /Users/senaca/Library/Developer/Xcode/DerivedData/AudiobookPlayer-aqutoaiklelvyvayxmjgbonardxy/Build/Intermediates.noindex/ZIPFoundation.build/Debug-iphonesimulator/ZIPFoundation.build/Objects-normal/arm64/ZIPFoundation.SwiftFileList --metadata-file-list /Users/senaca/Library/Developer/Xcode/DerivedData/AudiobookPlayer-aqutoaiklelvyvayxmjgbonardxy/Build/Intermediates.noindex/ZIPFoundation.build/Debug-iphonesimulator/ZIPFoundation.build/ZIPFoundation.DependencyMetadataFileList --static-metadata-file-list /Users/senaca/Library/Developer/Xcode/DerivedData/AudiobookPlayer-aqutoaiklelvyvayxmjgbonardxy/Build/Intermediates.noindex/ZIPFoundation.build/Debug-iphonesimulator/ZIPFoundation.build/ZIPFoundation.DependencyStaticMetadataFileList --swift-const-vals-list /Users/senaca/Library/Developer/Xcode/DerivedData/AudiobookPlayer-aqutoaiklelvyvayxmjgbonardxy/Build/Intermediates.noindex/ZIPFoundation.build/Debug-iphonesimulator/ZIPFoundation.build/Objects-normal/arm64/ZIPFoundation.SwiftConstValuesFileList --force --compile-time-extraction --deployment-aware-processing --validate-assistant-intents --no-app-shortcuts-localization
2025-11-27 00:36:03.246 appintentsmetadataprocessor[50341:8476352] Starting appintentsmetadataprocessor export
2025-11-27 00:36:03.527 appintentsmetadataprocessor[50341:8476352] Extracted no relevant App Intents symbols, skipping writing output

MkDir /Users/senaca/Library/Developer/Xcode/DerivedData/AudiobookPlayer-aqutoaiklelvyvayxmjgbonardxy/Build/Intermediates.noindex/AudiobookPlayer.build/Debug-iphonesimulator/AudiobookPlayer.build/assetcatalog_output/unthinned (in target 'AudiobookPlayer' from project 'AudiobookPlayer')
    cd /Users/senaca/projects/audiobook-player
    /bin/mkdir -p /Users/senaca/Library/Developer/Xcode/DerivedData/AudiobookPlayer-aqutoaiklelvyvayxmjgbonardxy/Build/Intermediates.noindex/AudiobookPlayer.build/Debug-iphonesimulator/AudiobookPlayer.build/assetcatalog_output/unthinned

MkDir /Users/senaca/Library/Developer/Xcode/DerivedData/AudiobookPlayer-aqutoaiklelvyvayxmjgbonardxy/Build/Intermediates.noindex/AudiobookPlayer.build/Debug-iphonesimulator/AudiobookPlayer.build/assetcatalog_output/thinned (in target 'AudiobookPlayer' from project 'AudiobookPlayer')
    cd /Users/senaca/projects/audiobook-player
    /bin/mkdir -p /Users/senaca/Library/Developer/Xcode/DerivedData/AudiobookPlayer-aqutoaiklelvyvayxmjgbonardxy/Build/Intermediates.noindex/AudiobookPlayer.build/Debug-iphonesimulator/AudiobookPlayer.build/assetcatalog_output/thinned

GenerateAssetSymbols /Users/senaca/projects/audiobook-player/AudiobookPlayer/Assets.xcassets /Users/senaca/projects/audiobook-player/AudiobookPlayer/Preview\ Content/Preview\ Assets.xcassets (in target 'AudiobookPlayer' from project 'AudiobookPlayer')
    cd /Users/senaca/projects/audiobook-player
    /Applications/Xcode.app/Contents/Developer/usr/bin/actool /Users/senaca/projects/audiobook-player/AudiobookPlayer/Assets.xcassets /Users/senaca/projects/audiobook-player/AudiobookPlayer/Preview\ Content/Preview\ Assets.xcassets --compile /Users/senaca/Library/Developer/Xcode/DerivedData/AudiobookPlayer-aqutoaiklelvyvayxmjgbonardxy/Build/Products/Debug-iphonesimulator/HappyBear.app --output-format human-readable-text --notices --warnings --export-dependency-info /Users/senaca/Library/Developer/Xcode/DerivedData/AudiobookPlayer-aqutoaiklelvyvayxmjgbonardxy/Build/Intermediates.noindex/AudiobookPlayer.build/Debug-iphonesimulator/AudiobookPlayer.build/assetcatalog_dependencies --output-partial-info-plist /Users/senaca/Library/Developer/Xcode/DerivedData/AudiobookPlayer-aqutoaiklelvyvayxmjgbonardxy/Build/Intermediates.noindex/AudiobookPlayer.build/Debug-iphonesimulator/AudiobookPlayer.build/assetcatalog_generated_info.plist --app-icon AppIcon --accent-color AccentColor --compress-pngs --enable-on-demand-resources YES --development-region zh-Hans --target-device iphone --target-device ipad --minimum-deployment-target 17.6 --platform iphonesimulator --bundle-identifier com.wdh.happyBear --generate-swift-asset-symbol-extensions NO --generate-swift-asset-symbols /Users/senaca/Library/Developer/Xcode/DerivedData/AudiobookPlayer-aqutoaiklelvyvayxmjgbonardxy/Build/Intermediates.noindex/AudiobookPlayer.build/Debug-iphonesimulator/AudiobookPlayer.build/DerivedSources/GeneratedAssetSymbols.swift --generate-objc-asset-symbols /Users/senaca/Library/Developer/Xcode/DerivedData/AudiobookPlayer-aqutoaiklelvyvayxmjgbonardxy/Build/Intermediates.noindex/AudiobookPlayer.build/Debug-iphonesimulator/AudiobookPlayer.build/DerivedSources/GeneratedAssetSymbols.h --generate-asset-symbol-index /Users/senaca/Library/Developer/Xcode/DerivedData/AudiobookPlayer-aqutoaiklelvyvayxmjgbonardxy/Build/Intermediates.noindex/AudiobookPlayer.build/Debug-iphonesimulator/AudiobookPlayer.build/DerivedSources/GeneratedAssetSymbols-Index.plist
/* com.apple.actool.compilation-results */
/Users/senaca/Library/Developer/Xcode/DerivedData/AudiobookPlayer-aqutoaiklelvyvayxmjgbonardxy/Build/Intermediates.noindex/AudiobookPlayer.build/Debug-iphonesimulator/AudiobookPlayer.build/DerivedSources/GeneratedAssetSymbols-Index.plist
/Users/senaca/Library/Developer/Xcode/DerivedData/AudiobookPlayer-aqutoaiklelvyvayxmjgbonardxy/Build/Intermediates.noindex/AudiobookPlayer.build/Debug-iphonesimulator/AudiobookPlayer.build/DerivedSources/GeneratedAssetSymbols.h
/Users/senaca/Library/Developer/Xcode/DerivedData/AudiobookPlayer-aqutoaiklelvyvayxmjgbonardxy/Build/Intermediates.noindex/AudiobookPlayer.build/Debug-iphonesimulator/AudiobookPlayer.build/DerivedSources/GeneratedAssetSymbols.swift


CompileAssetCatalogVariant thinned /Users/senaca/Library/Developer/Xcode/DerivedData/AudiobookPlayer-aqutoaiklelvyvayxmjgbonardxy/Build/Products/Debug-iphonesimulator/HappyBear.app /Users/senaca/projects/audiobook-player/AudiobookPlayer/Assets.xcassets /Users/senaca/projects/audiobook-player/AudiobookPlayer/Preview\ Content/Preview\ Assets.xcassets (in target 'AudiobookPlayer' from project 'AudiobookPlayer')
    cd /Users/senaca/projects/audiobook-player
    /Applications/Xcode.app/Contents/Developer/usr/bin/actool /Users/senaca/projects/audiobook-player/AudiobookPlayer/Assets.xcassets /Users/senaca/projects/audiobook-player/AudiobookPlayer/Preview\ Content/Preview\ Assets.xcassets --compile /Users/senaca/Library/Developer/Xcode/DerivedData/AudiobookPlayer-aqutoaiklelvyvayxmjgbonardxy/Build/Intermediates.noindex/AudiobookPlayer.build/Debug-iphonesimulator/AudiobookPlayer.build/assetcatalog_output/thinned --output-format human-readable-text --notices --warnings --export-dependency-info /Users/senaca/Library/Developer/Xcode/DerivedData/AudiobookPlayer-aqutoaiklelvyvayxmjgbonardxy/Build/Intermediates.noindex/AudiobookPlayer.build/Debug-iphonesimulator/AudiobookPlayer.build/assetcatalog_dependencies_thinned --output-partial-info-plist /Users/senaca/Library/Developer/Xcode/DerivedData/AudiobookPlayer-aqutoaiklelvyvayxmjgbonardxy/Build/Intermediates.noindex/AudiobookPlayer.build/Debug-iphonesimulator/AudiobookPlayer.build/assetcatalog_generated_info.plist_thinned --app-icon AppIcon --accent-color AccentColor --compress-pngs --enable-on-demand-resources YES --filter-for-thinning-device-configuration iPhone18,3 --filter-for-device-os-version 26.0.1 --development-region zh-Hans --target-device iphone --target-device ipad --minimum-deployment-target 17.6 --platform iphonesimulator
objc[50354]: Class _NoAnimationDelegate is implemented in both /Library/Developer/CoreSimulator/Volumes/iOS_23A8464/Library/Developer/CoreSimulator/Profiles/Runtimes/iOS 26.0.simruntime/Contents/Resources/RuntimeRoot/System/Library/Frameworks/SwiftUICore.framework/SwiftUICore (0x145f4c130) and /Library/Developer/CoreSimulator/Volumes/iOS_23A8464/Library/Developer/CoreSimulator/Profiles/Runtimes/iOS 26.0.simruntime/Contents/Resources/RuntimeRoot/System/Library/PrivateFrameworks/UIKitCore.framework/UIKitCore (0x1430b5198). This may cause spurious casting failures and mysterious crashes. One of the duplicates must be removed or renamed.
/* com.apple.actool.compilation-results */
/Users/senaca/Library/Developer/Xcode/DerivedData/AudiobookPlayer-aqutoaiklelvyvayxmjgbonardxy/Build/Intermediates.noindex/AudiobookPlayer.build/Debug-iphonesimulator/AudiobookPlayer.build/assetcatalog_generated_info.plist_thinned
/Users/senaca/Library/Developer/Xcode/DerivedData/AudiobookPlayer-aqutoaiklelvyvayxmjgbonardxy/Build/Intermediates.noindex/AudiobookPlayer.build/Debug-iphonesimulator/AudiobookPlayer.build/assetcatalog_output/thinned/AppIcon60x60@2x.png
/Users/senaca/Library/Developer/Xcode/DerivedData/AudiobookPlayer-aqutoaiklelvyvayxmjgbonardxy/Build/Intermediates.noindex/AudiobookPlayer.build/Debug-iphonesimulator/AudiobookPlayer.build/assetcatalog_output/thinned/AppIcon76x76@2x~ipad.png
/Users/senaca/Library/Developer/Xcode/DerivedData/AudiobookPlayer-aqutoaiklelvyvayxmjgbonardxy/Build/Intermediates.noindex/AudiobookPlayer.build/Debug-iphonesimulator/AudiobookPlayer.build/assetcatalog_output/thinned/Assets.car


SwiftDriver AudiobookPlayer normal arm64 com.apple.xcode.tools.swift.compiler (in target 'AudiobookPlayer' from project 'AudiobookPlayer')
    cd /Users/senaca/projects/audiobook-player
    builtin-SwiftDriver -- /Applications/Xcode.app/Contents/Developer/Toolchains/XcodeDefault.xctoolchain/usr/bin/swiftc -module-name HappyBear -Onone -enforce-exclusivity\=checked @/Users/senaca/Library/Developer/Xcode/DerivedData/AudiobookPlayer-aqutoaiklelvyvayxmjgbonardxy/Build/Intermediates.noindex/AudiobookPlayer.build/Debug-iphonesimulator/AudiobookPlayer.build/Objects-normal/arm64/HappyBear.SwiftFileList -DDEBUG -Xcc -fmodule-map-file\=/Users/senaca/Library/Developer/Xcode/DerivedData/AudiobookPlayer-aqutoaiklelvyvayxmjgbonardxy/SourcePackages/checkouts/GRDB.swift/Sources/GRDBSQLite/module.modulemap -enable-bare-slash-regex -enable-experimental-feature DebugDescriptionMacro -sdk /Applications/Xcode.app/Contents/Developer/Platforms/iPhoneSimulator.platform/Developer/SDKs/iPhoneSimulator26.0.sdk -target arm64-apple-ios17.6-simulator -g -module-cache-path /Users/senaca/Library/Developer/Xcode/DerivedData/ModuleCache.noindex -Xfrontend -serialize-debugging-options -enable-testing -index-store-path /Users/senaca/Library/Developer/Xcode/DerivedData/AudiobookPlayer-aqutoaiklelvyvayxmjgbonardxy/Index.noindex/DataStore -Xcc -D_LIBCPP_HARDENING_MODE\=_LIBCPP_HARDENING_MODE_DEBUG -swift-version 5 -I /Users/senaca/Library/Developer/Xcode/DerivedData/AudiobookPlayer-aqutoaiklelvyvayxmjgbonardxy/Build/Products/Debug-iphonesimulator -F /Users/senaca/Library/Developer/Xcode/DerivedData/AudiobookPlayer-aqutoaiklelvyvayxmjgbonardxy/Build/Products/Debug-iphonesimulator/PackageFrameworks -F /Users/senaca/Library/Developer/Xcode/DerivedData/AudiobookPlayer-aqutoaiklelvyvayxmjgbonardxy/Build/Products/Debug-iphonesimulator/PackageFrameworks -F /Users/senaca/Library/Developer/Xcode/DerivedData/AudiobookPlayer-aqutoaiklelvyvayxmjgbonardxy/Build/Products/Debug-iphonesimulator -emit-localized-strings -emit-localized-strings-path /Users/senaca/Library/Developer/Xcode/DerivedData/AudiobookPlayer-aqutoaiklelvyvayxmjgbonardxy/Build/Intermediates.noindex/AudiobookPlayer.build/Debug-iphonesimulator/AudiobookPlayer.build/Objects-normal/arm64 -c -j8 -enable-batch-mode -incremental -Xcc -ivfsstatcache -Xcc /Users/senaca/Library/Developer/Xcode/DerivedData/SDKStatCaches.noindex/iphonesimulator26.0-23A339-26257891a6c027eb51374368541b8346.sdkstatcache -output-file-map /Users/senaca/Library/Developer/Xcode/DerivedData/AudiobookPlayer-aqutoaiklelvyvayxmjgbonardxy/Build/Intermediates.noindex/AudiobookPlayer.build/Debug-iphonesimulator/AudiobookPlayer.build/Objects-normal/arm64/AudiobookPlayer-OutputFileMap.json -use-frontend-parseable-output -save-temps -no-color-diagnostics -explicit-module-build -module-cache-path /Users/senaca/Library/Developer/Xcode/DerivedData/AudiobookPlayer-aqutoaiklelvyvayxmjgbonardxy/Build/Intermediates.noindex/SwiftExplicitPrecompiledModules -clang-scanner-module-cache-path /Users/senaca/Library/Developer/Xcode/DerivedData/ModuleCache.noindex -sdk-module-cache-path /Users/senaca/Library/Developer/Xcode/DerivedData/ModuleCache.noindex -serialize-diagnostics -emit-dependencies -emit-module -emit-module-path /Users/senaca/Library/Developer/Xcode/DerivedData/AudiobookPlayer-aqutoaiklelvyvayxmjgbonardxy/Build/Intermediates.noindex/AudiobookPlayer.build/Debug-iphonesimulator/AudiobookPlayer.build/Objects-normal/arm64/HappyBear.swiftmodule -validate-clang-modules-once -clang-build-session-file /Users/senaca/Library/Developer/Xcode/DerivedData/ModuleCache.noindex/Session.modulevalidation -Xcc -I/Users/senaca/Library/Developer/Xcode/DerivedData/AudiobookPlayer-aqutoaiklelvyvayxmjgbonardxy/Build/Intermediates.noindex/AudiobookPlayer.build/Debug-iphonesimulator/AudiobookPlayer.build/swift-overrides.hmap -emit-const-values -Xfrontend -const-gather-protocols-file -Xfrontend /Users/senaca/Library/Developer/Xcode/DerivedData/AudiobookPlayer-aqutoaiklelvyvayxmjgbonardxy/Build/Intermediates.noindex/AudiobookPlayer.build/Debug-iphonesimulator/AudiobookPlayer.build/Objects-normal/arm64/AudiobookPlayer_const_extract_protocols.json -Xcc -iquote -Xcc /Users/senaca/Library/Developer/Xcode/DerivedData/AudiobookPlayer-aqutoaiklelvyvayxmjgbonardxy/Build/Intermediates.noindex/AudiobookPlayer.build/Debug-iphonesimulator/AudiobookPlayer.build/HappyBear-generated-files.hmap -Xcc -I/Users/senaca/Library/Developer/Xcode/DerivedData/AudiobookPlayer-aqutoaiklelvyvayxmjgbonardxy/Build/Intermediates.noindex/AudiobookPlayer.build/Debug-iphonesimulator/AudiobookPlayer.build/HappyBear-own-target-headers.hmap -Xcc -I/Users/senaca/Library/Developer/Xcode/DerivedData/AudiobookPlayer-aqutoaiklelvyvayxmjgbonardxy/Build/Intermediates.noindex/AudiobookPlayer.build/Debug-iphonesimulator/AudiobookPlayer.build/HappyBear-all-non-framework-target-headers.hmap -Xcc -ivfsoverlay -Xcc /Users/senaca/Library/Developer/Xcode/DerivedData/AudiobookPlayer-aqutoaiklelvyvayxmjgbonardxy/Build/Intermediates.noindex/AudiobookPlayer.build/Debug-iphonesimulator/AudiobookPlayer-3becd422f5afba93f909cc0a8699f441-VFS-iphonesimulator/all-product-headers.yaml -Xcc -iquote -Xcc /Users/senaca/Library/Developer/Xcode/DerivedData/AudiobookPlayer-aqutoaiklelvyvayxmjgbonardxy/Build/Intermediates.noindex/AudiobookPlayer.build/Debug-iphonesimulator/AudiobookPlayer.build/HappyBear-project-headers.hmap -Xcc -I/Users/senaca/Library/Developer/Xcode/DerivedData/AudiobookPlayer-aqutoaiklelvyvayxmjgbonardxy/Build/Products/Debug-iphonesimulator/include -Xcc -I/Users/senaca/Library/Developer/Xcode/DerivedData/AudiobookPlayer-aqutoaiklelvyvayxmjgbonardxy/Build/Intermediates.noindex/AudiobookPlayer.build/Debug-iphonesimulator/AudiobookPlayer.build/DerivedSources-normal/arm64 -Xcc -I/Users/senaca/Library/Developer/Xcode/DerivedData/AudiobookPlayer-aqutoaiklelvyvayxmjgbonardxy/Build/Intermediates.noindex/AudiobookPlayer.build/Debug-iphonesimulator/AudiobookPlayer.build/DerivedSources/arm64 -Xcc -I/Users/senaca/Library/Developer/Xcode/DerivedData/AudiobookPlayer-aqutoaiklelvyvayxmjgbonardxy/Build/Intermediates.noindex/AudiobookPlayer.build/Debug-iphonesimulator/AudiobookPlayer.build/DerivedSources -Xcc -DDEBUG\=1 -emit-objc-header -emit-objc-header-path /Users/senaca/Library/Developer/Xcode/DerivedData/AudiobookPlayer-aqutoaiklelvyvayxmjgbonardxy/Build/Intermediates.noindex/AudiobookPlayer.build/Debug-iphonesimulator/AudiobookPlayer.build/Objects-normal/arm64/HappyBear-Swift.h -working-directory /Users/senaca/projects/audiobook-player -experimental-emit-module-separately -disable-cmo

SwiftDriverJobDiscovery normal arm64 Compiling NSData.swift, NSNull.swift, NSNumber.swift, NSString.swift, SQLiteDateParser.swift, URL.swift, UUID.swift, DatabaseValueConvertible+Decodable.swift, DatabaseValueConvertible+Encodable.swift, DatabaseValueConvertible+RawRepresentable.swift, JSONRequiredEncoder.swift, Optional.swift, StandardLibrary.swift, TransactionClock.swift, TransactionObserver.swift, WALSnapshot.swift, WALSnapshotTransaction.swift, Database+Dump.swift, DatabaseReader+dump.swift, DumpFormat.swift, DebugDumpFormat.swift (in target 'GRDB' from project 'GRDB')

RegisterExecutionPolicyException /Users/senaca/Library/Developer/Xcode/DerivedData/AudiobookPlayer-aqutoaiklelvyvayxmjgbonardxy/Build/Products/Debug-iphonesimulator/ZIPFoundation.o (in target 'ZIPFoundation' from project 'ZIPFoundation')
    cd /Users/senaca/Library/Developer/Xcode/DerivedData/AudiobookPlayer-aqutoaiklelvyvayxmjgbonardxy/SourcePackages/checkouts/ZIPFoundation
    builtin-RegisterExecutionPolicyException /Users/senaca/Library/Developer/Xcode/DerivedData/AudiobookPlayer-aqutoaiklelvyvayxmjgbonardxy/Build/Products/Debug-iphonesimulator/ZIPFoundation.o

SwiftExplicitDependencyGeneratePcm arm64 /Users/senaca/Library/Developer/Xcode/DerivedData/AudiobookPlayer-aqutoaiklelvyvayxmjgbonardxy/Build/Intermediates.noindex/SwiftExplicitPrecompiledModules/GRDBSQLite-9UT715S97SW597BXV2HF6G1QX.pcm

SwiftEmitModule normal arm64 Emitting\ module\ for\ HappyBear (in target 'AudiobookPlayer' from project 'AudiobookPlayer')

EmitSwiftModule normal arm64 (in target 'AudiobookPlayer' from project 'AudiobookPlayer')
    cd /Users/senaca/projects/audiobook-player
    
/Users/senaca/projects/audiobook-player/AudiobookPlayer/FavoriteTracksView.swift:304:6: warning: previewLayout is ignored in a #Preview macro. Use the `traits` argument of the macro to provide the desired layout, e.g. `.sizeThatFitsLayout. (from macro 'Preview')
    .previewLayout(.sizeThatFits)
     ^
/Users/senaca/projects/audiobook-player/AudiobookPlayer/AudiobookPlayerApp.swift:40:13: warning: non-'@objc' method 'application(_:handleEventsForBackgroundURLSession:completionHandler:)' does not satisfy optional requirement of '@objc' protocol 'UIApplicationDelegate'
final class AppDelegate: NSObject, UIApplicationDelegate {
            ^
/Users/senaca/projects/audiobook-player/AudiobookPlayer/BackgroundTranscriptionManager.swift:213:10: note: add '@objc' to expose this instance method to Objective-C
    func application(
         ^
    @objc 
/Users/senaca/projects/audiobook-player/AudiobookPlayer/BackgroundTranscriptionManager.swift:213:10: note: add '@nonobjc' to silence this warning
    func application(
         ^
    @nonobjc 
UIKit.UIApplicationDelegate.application:3:28: note: requirement 'application(_:handleEventsForBackgroundURLSession:completionHandler:)' declared here
  @MainActor optional func application(_ application: UIApplication, handleEventsForBackgroundURLSession identifier: String, completionHandler: @escaping () -> Void)}
                           ^

SwiftCompile normal arm64 Compiling\ AIGatewayKeychainStore.swift,\ SonioxAPI.swift,\ TranscriptionSheet.swift,\ TranscriptModels.swift,\ AIJobsListView.swift,\ AIModelsListView.swift,\ FloatingPlaybackBubbleView.swift,\ PlaybackSpeedControl.swift,\ BatchRenameView.swift,\ GRDBDatabaseManager.swift,\ AIGatewayModels.swift /Users/senaca/projects/audiobook-player/AudiobookPlayer/AIGatewayKeychainStore.swift /Users/senaca/projects/audiobook-player/AudiobookPlayer/SonioxAPI.swift /Users/senaca/projects/audiobook-player/AudiobookPlayer/TranscriptionSheet.swift /Users/senaca/projects/audiobook-player/AudiobookPlayer/TranscriptModels.swift /Users/senaca/projects/audiobook-player/AudiobookPlayer/AIJobsListView.swift /Users/senaca/projects/audiobook-player/AudiobookPlayer/AIModelsListView.swift /Users/senaca/projects/audiobook-player/AudiobookPlayer/FloatingPlaybackBubbleView.swift /Users/senaca/projects/audiobook-player/AudiobookPlayer/PlaybackSpeedControl.swift /Users/senaca/projects/audiobook-player/AudiobookPlayer/BatchRenameView.swift /Users/senaca/projects/audiobook-player/AudiobookPlayer/GRDBDatabaseManager.swift /Users/senaca/projects/audiobook-player/AudiobookPlayer/AIGatewayModels.swift (in target 'AudiobookPlayer' from project 'AudiobookPlayer')
SwiftCompile normal arm64 /Users/senaca/projects/audiobook-player/AudiobookPlayer/AIGatewayKeychainStore.swift (in target 'AudiobookPlayer' from project 'AudiobookPlayer')
    cd /Users/senaca/projects/audiobook-player
    

SwiftCompile normal arm64 /Users/senaca/projects/audiobook-player/AudiobookPlayer/SonioxAPI.swift (in target 'AudiobookPlayer' from project 'AudiobookPlayer')
    cd /Users/senaca/projects/audiobook-player
    
/Users/senaca/projects/audiobook-player/AudiobookPlayer/SonioxAPI.swift:178:13: warning: variable 'request' was never mutated; consider changing to 'let' constant
        var request = try self.makeMultipartRequest(
        ~~~ ^
        let

SwiftCompile normal arm64 /Users/senaca/projects/audiobook-player/AudiobookPlayer/TranscriptionSheet.swift (in target 'AudiobookPlayer' from project 'AudiobookPlayer')
    cd /Users/senaca/projects/audiobook-player
    
/Users/senaca/projects/audiobook-player/AudiobookPlayer/FavoriteTracksView.swift:304:6: warning: previewLayout is ignored in a #Preview macro. Use the `traits` argument of the macro to provide the desired layout, e.g. `.sizeThatFitsLayout. (from macro 'Preview')
    .previewLayout(.sizeThatFits)
     ^
/Users/senaca/projects/audiobook-player/AudiobookPlayer/TranscriptionSheet.swift:271:17: warning: no 'async' operations occur within 'await' expression
                await setStage(.uploading, reason: "Cache resolved; starting Soniox upload")
                ^
/Users/senaca/projects/audiobook-player/AudiobookPlayer/TranscriptionSheet.swift:508:13: warning: initialization of immutable value 'cacheURL' was never used; consider replacing with assignment to '_' or removing it
        let cacheURL = cacheManager.createCacheFile(
        ~~~~^~~~~~~~
        _

SwiftCompile normal arm64 /Users/senaca/projects/audiobook-player/AudiobookPlayer/TranscriptModels.swift (in target 'AudiobookPlayer' from project 'AudiobookPlayer')
    cd /Users/senaca/projects/audiobook-player
    

SwiftCompile normal arm64 /Users/senaca/projects/audiobook-player/AudiobookPlayer/AIJobsListView.swift (in target 'AudiobookPlayer' from project 'AudiobookPlayer')
    cd /Users/senaca/projects/audiobook-player
    

SwiftCompile normal arm64 /Users/senaca/projects/audiobook-player/AudiobookPlayer/AIModelsListView.swift (in target 'AudiobookPlayer' from project 'AudiobookPlayer')
    cd /Users/senaca/projects/audiobook-player
    
/Users/senaca/projects/audiobook-player/AudiobookPlayer/AIModelsListView.swift:101:10: warning: 'onChange(of:perform:)' was deprecated in iOS 17.0: Use `onChange` with a two or zero parameter action closure instead.
        .onChange(of: searchText) { newValue in
         ^

SwiftCompile normal arm64 /Users/senaca/projects/audiobook-player/AudiobookPlayer/FloatingPlaybackBubbleView.swift (in target 'AudiobookPlayer' from project 'AudiobookPlayer')
    cd /Users/senaca/projects/audiobook-player
    

SwiftCompile normal arm64 /Users/senaca/projects/audiobook-player/AudiobookPlayer/PlaybackSpeedControl.swift (in target 'AudiobookPlayer' from project 'AudiobookPlayer')
    cd /Users/senaca/projects/audiobook-player
    

SwiftCompile normal arm64 /Users/senaca/projects/audiobook-player/AudiobookPlayer/BatchRenameView.swift (in target 'AudiobookPlayer' from project 'AudiobookPlayer')
    cd /Users/senaca/projects/audiobook-player
    
/Users/senaca/projects/audiobook-player/AudiobookPlayer/BatchRenameView.swift:90:14: warning: 'onChange(of:perform:)' was deprecated in iOS 17.0: Use `onChange` with a two or zero parameter action closure instead.
            .onChange(of: searchText) { _ in updatePreview() }
             ^
/Users/senaca/projects/audiobook-player/AudiobookPlayer/BatchRenameView.swift:91:14: warning: 'onChange(of:perform:)' was deprecated in iOS 17.0: Use `onChange` with a two or zero parameter action closure instead.
            .onChange(of: replacementText) { _ in updatePreview() }
             ^
/Users/senaca/projects/audiobook-player/AudiobookPlayer/BatchRenameView.swift:92:14: warning: 'onChange(of:perform:)' was deprecated in iOS 17.0: Use `onChange` with a two or zero parameter action closure instead.
            .onChange(of: selectedMode) { _ in updatePreview() }
             ^

SwiftCompile normal arm64 /Users/senaca/projects/audiobook-player/AudiobookPlayer/GRDBDatabaseManager.swift (in target 'AudiobookPlayer' from project 'AudiobookPlayer')
    cd /Users/senaca/projects/audiobook-player
    
/Users/senaca/projects/audiobook-player/AudiobookPlayer/GRDBDatabaseManager.swift:129:21: warning: initialization of immutable value 'isFavStr' was never used; consider replacing with assignment to '_' or removing it
                let isFavStr = track.isFavorite ? "✓" : "✗"

SwiftCompile normal arm64 /Users/senaca/projects/audiobook-player/AudiobookPlayer/AIGatewayModels.swift (in target 'AudiobookPlayer' from project 'AudiobookPlayer')
    cd /Users/senaca/projects/audiobook-player
    

SwiftCompile normal arm64 Compiling\ SmartView.swift,\ TranscriptViewerSheet.swift,\ TranscriptionRetryManager.swift,\ TranscriptionJobManager.swift,\ TranscriptViewModel.swift,\ BaiduTokenStore.swift,\ BaiduOAuth.swift,\ AIGatewayReasoning.swift,\ LibraryModels.swift,\ BaiduAuthViewModel.swift /Users/senaca/projects/audiobook-player/AudiobookPlayer/SmartView.swift /Users/senaca/projects/audiobook-player/AudiobookPlayer/TranscriptViewerSheet.swift /Users/senaca/projects/audiobook-player/AudiobookPlayer/TranscriptionRetryManager.swift /Users/senaca/projects/audiobook-player/AudiobookPlayer/TranscriptionJobManager.swift /Users/senaca/projects/audiobook-player/AudiobookPlayer/TranscriptViewModel.swift /Users/senaca/projects/audiobook-player/AudiobookPlayer/BaiduTokenStore.swift /Users/senaca/projects/audiobook-player/AudiobookPlayer/BaiduOAuth.swift /Users/senaca/projects/audiobook-player/AudiobookPlayer/AIGatewayReasoning.swift /Users/senaca/projects/audiobook-player/AudiobookPlayer/LibraryModels.swift /Users/senaca/projects/audiobook-player/AudiobookPlayer/BaiduAuthViewModel.swift (in target 'AudiobookPlayer' from project 'AudiobookPlayer')
SwiftCompile normal arm64 /Users/senaca/projects/audiobook-player/AudiobookPlayer/SmartView.swift (in target 'AudiobookPlayer' from project 'AudiobookPlayer')
    cd /Users/senaca/projects/audiobook-player
    

SwiftCompile normal arm64 /Users/senaca/projects/audiobook-player/AudiobookPlayer/TranscriptViewerSheet.swift (in target 'AudiobookPlayer' from project 'AudiobookPlayer')
    cd /Users/senaca/projects/audiobook-player
    
/Users/senaca/projects/audiobook-player/AudiobookPlayer/FavoriteTracksView.swift:304:6: warning: previewLayout is ignored in a #Preview macro. Use the `traits` argument of the macro to provide the desired layout, e.g. `.sizeThatFitsLayout. (from macro 'Preview')
    .previewLayout(.sizeThatFits)
     ^
/Users/senaca/projects/audiobook-player/AudiobookPlayer/TranscriptViewerSheet.swift:73:10: warning: 'onChange(of:perform:)' was deprecated in iOS 17.0: Use `onChange` with a two or zero parameter action closure instead.
        .onChange(of: segmentIDs) { _ in
         ^
/Users/senaca/projects/audiobook-player/AudiobookPlayer/TranscriptViewerSheet.swift:77:10: warning: 'onChange(of:perform:)' was deprecated in iOS 17.0: Use `onChange` with a two or zero parameter action closure instead.
        .onChange(of: audioPlayer.currentTrack?.id) { _ in
         ^
/Users/senaca/projects/audiobook-player/AudiobookPlayer/TranscriptViewerSheet.swift:81:10: warning: 'onChange(of:perform:)' was deprecated in iOS 17.0: Use `onChange` with a two or zero parameter action closure instead.
        .onChange(of: audioPlayer.currentTime) { _ in
         ^
/Users/senaca/projects/audiobook-player/AudiobookPlayer/TranscriptViewerSheet.swift:84:10: warning: 'onChange(of:perform:)' was deprecated in iOS 17.0: Use `onChange` with a two or zero parameter action closure instead.
        .onChange(of: viewModel.searchText) { newValue in
         ^
/Users/senaca/projects/audiobook-player/AudiobookPlayer/TranscriptViewerSheet.swift:109:10: warning: 'onChange(of:perform:)' was deprecated in iOS 17.0: Use `onChange` with a two or zero parameter action closure instead.
        .onChange(of: hideRepairedSegments) { newValue in
         ^
/Users/senaca/projects/audiobook-player/AudiobookPlayer/TranscriptViewerSheet.swift:114:10: warning: 'onChange(of:perform:)' was deprecated in iOS 17.0: Use `onChange` with a two or zero parameter action closure instead.
        .onChange(of: viewModel.segments.count) { _ in
         ^
/Users/senaca/projects/audiobook-player/AudiobookPlayer/TranscriptViewerSheet.swift:117:10: warning: 'onChange(of:perform:)' was deprecated in iOS 17.0: Use `onChange` with a two or zero parameter action closure instead.
        .onChange(of: aiGenerationManager.recentJobs) { _ in
         ^
/Users/senaca/projects/audiobook-player/AudiobookPlayer/TranscriptViewerSheet.swift:121:10: warning: 'onChange(of:perform:)' was deprecated in iOS 17.0: Use `onChange` with a two or zero parameter action closure instead.
        .onChange(of: aiGenerationManager.activeJobs) { _ in
         ^
/Users/senaca/projects/audiobook-player/AudiobookPlayer/TranscriptViewerSheet.swift:387:18: warning: 'onChange(of:perform:)' was deprecated in iOS 17.0: Use `onChange` with a two or zero parameter action closure instead.
                .onChange(of: scrollTargetSegmentID) { target in
                 ^

SwiftCompile normal arm64 /Users/senaca/projects/audiobook-player/AudiobookPlayer/TranscriptionRetryManager.swift (in target 'AudiobookPlayer' from project 'AudiobookPlayer')
    cd /Users/senaca/projects/audiobook-player
    

SwiftCompile normal arm64 /Users/senaca/projects/audiobook-player/AudiobookPlayer/TranscriptionJobManager.swift (in target 'AudiobookPlayer' from project 'AudiobookPlayer')
    cd /Users/senaca/projects/audiobook-player
    

SwiftCompile normal arm64 /Users/senaca/projects/audiobook-player/AudiobookPlayer/TranscriptViewModel.swift (in target 'AudiobookPlayer' from project 'AudiobookPlayer')
    cd /Users/senaca/projects/audiobook-player
    

SwiftCompile normal arm64 /Users/senaca/projects/audiobook-player/AudiobookPlayer/BaiduTokenStore.swift (in target 'AudiobookPlayer' from project 'AudiobookPlayer')
    cd /Users/senaca/projects/audiobook-player
    

SwiftCompile normal arm64 /Users/senaca/projects/audiobook-player/AudiobookPlayer/BaiduOAuth.swift (in target 'AudiobookPlayer' from project 'AudiobookPlayer')
    cd /Users/senaca/projects/audiobook-player
    

SwiftCompile normal arm64 /Users/senaca/projects/audiobook-player/AudiobookPlayer/AIGatewayReasoning.swift (in target 'AudiobookPlayer' from project 'AudiobookPlayer')
    cd /Users/senaca/projects/audiobook-player
    

SwiftCompile normal arm64 /Users/senaca/projects/audiobook-player/AudiobookPlayer/LibraryModels.swift (in target 'AudiobookPlayer' from project 'AudiobookPlayer')
    cd /Users/senaca/projects/audiobook-player
    

SwiftCompile normal arm64 /Users/senaca/projects/audiobook-player/AudiobookPlayer/BaiduAuthViewModel.swift (in target 'AudiobookPlayer' from project 'AudiobookPlayer')
    cd /Users/senaca/projects/audiobook-player
    

SwiftDriverJobDiscovery normal arm64 Compiling TableRecord+QueryInterfaceRequest.swift, EncodableRecord+Encodable.swift, EncodableRecord.swift, FetchableRecord+Decodable.swift, FetchableRecord+TableRecord.swift, FetchableRecord.swift, MutablePersistableRecord+DAO.swift, MutablePersistableRecord+Delete.swift, MutablePersistableRecord+Insert.swift, MutablePersistableRecord+Save.swift, MutablePersistableRecord+Update.swift, MutablePersistableRecord+Upsert.swift, MutablePersistableRecord.swift, PersistableRecord+Insert.swift, PersistableRecord+Save.swift, PersistableRecord+Upsert.swift, PersistableRecord.swift, Record.swift, TableRecord.swift, CaseInsensitiveIdentifier.swift, Inflections+English.swift (in target 'GRDB' from project 'GRDB')

SwiftCompile normal arm64 Compiling\ LibraryView.swift,\ CreateCollectionView.swift,\ SonioxKeychainStore.swift,\ SonioxKeyViewModel.swift,\ CollectionBuilderViewModel.swift,\ TranscriptCorrectionsView.swift,\ UserDataBackupManager.swift,\ AITabView.swift,\ BaiduNetdiskBrowserViewModel.swift,\ AudiobookPlayerApp.swift,\ SourcesView.swift /Users/senaca/projects/audiobook-player/AudiobookPlayer/LibraryView.swift /Users/senaca/projects/audiobook-player/AudiobookPlayer/CreateCollectionView.swift /Users/senaca/projects/audiobook-player/AudiobookPlayer/SonioxKeychainStore.swift /Users/senaca/projects/audiobook-player/AudiobookPlayer/SonioxKeyViewModel.swift /Users/senaca/projects/audiobook-player/AudiobookPlayer/CollectionBuilderViewModel.swift /Users/senaca/projects/audiobook-player/AudiobookPlayer/TranscriptCorrectionsView.swift /Users/senaca/projects/audiobook-player/AudiobookPlayer/UserDataBackupManager.swift /Users/senaca/projects/audiobook-player/AudiobookPlayer/AITabView.swift /Users/senaca/projects/audiobook-player/AudiobookPlayer/BaiduNetdiskBrowserViewModel.swift /Users/senaca/projects/audiobook-player/AudiobookPlayer/AudiobookPlayerApp.swift /Users/senaca/projects/audiobook-player/AudiobookPlayer/SourcesView.swift (in target 'AudiobookPlayer' from project 'AudiobookPlayer')

SwiftCompile normal arm64 /Users/senaca/projects/audiobook-player/AudiobookPlayer/LibraryView.swift (in target 'AudiobookPlayer' from project 'AudiobookPlayer')
    cd /Users/senaca/projects/audiobook-player
    
/Users/senaca/projects/audiobook-player/AudiobookPlayer/LibraryView.swift:36:37: warning: 'init(isActive:destination:label:)' was deprecated in iOS 16.0: use NavigationLink(value:label:), or navigationDestination(isPresented:destination:), inside a NavigationStack or NavigationSplitView
                                    NavigationLink(
                                    ^
/Users/senaca/projects/audiobook-player/AudiobookPlayer/LibraryView.swift:331:10: warning: 'onChange(of:perform:)' was deprecated in iOS 17.0: Use `onChange` with a two or zero parameter action closure instead.
        .onChange(of: cover) { _ in refreshImageIfNeeded(force: true) }
         ^

SwiftCompile normal arm64 /Users/senaca/projects/audiobook-player/AudiobookPlayer/CreateCollectionView.swift (in target 'AudiobookPlayer' from project 'AudiobookPlayer')
    cd /Users/senaca/projects/audiobook-player
    
/Users/senaca/projects/audiobook-player/AudiobookPlayer/FavoriteTracksView.swift:304:6: warning: previewLayout is ignored in a #Preview macro. Use the `traits` argument of the macro to provide the desired layout, e.g. `.sizeThatFitsLayout. (from macro 'Preview')
    .previewLayout(.sizeThatFits)
     ^

SwiftCompile normal arm64 /Users/senaca/projects/audiobook-player/AudiobookPlayer/SonioxKeychainStore.swift (in target 'AudiobookPlayer' from project 'AudiobookPlayer')
    cd /Users/senaca/projects/audiobook-player
    

SwiftCompile normal arm64 /Users/senaca/projects/audiobook-player/AudiobookPlayer/SonioxKeyViewModel.swift (in target 'AudiobookPlayer' from project 'AudiobookPlayer')
    cd /Users/senaca/projects/audiobook-player
    

SwiftCompile normal arm64 /Users/senaca/projects/audiobook-player/AudiobookPlayer/CollectionBuilderViewModel.swift (in target 'AudiobookPlayer' from project 'AudiobookPlayer')
    cd /Users/senaca/projects/audiobook-player
    

SwiftCompile normal arm64 /Users/senaca/projects/audiobook-player/AudiobookPlayer/TranscriptCorrectionsView.swift (in target 'AudiobookPlayer' from project 'AudiobookPlayer')
    cd /Users/senaca/projects/audiobook-player
    

SwiftCompile normal arm64 /Users/senaca/projects/audiobook-player/AudiobookPlayer/UserDataBackupManager.swift (in target 'AudiobookPlayer' from project 'AudiobookPlayer')
    cd /Users/senaca/projects/audiobook-player
    
/Users/senaca/projects/audiobook-player/AudiobookPlayer/UserDataBackupManager.swift:428:29: warning: 'init(url:accessMode:preferredEncoding:)' is deprecated: Please use the throwing initializer.
        guard let archive = Archive(url: destinationURL, accessMode: .create) else {
                            ^
/Users/senaca/projects/audiobook-player/AudiobookPlayer/UserDataBackupManager.swift:462:29: warning: 'init(url:accessMode:preferredEncoding:)' is deprecated: Please use the throwing initializer.
        guard let archive = Archive(url: sourceURL, accessMode: .read) else {
                            ^

SwiftCompile normal arm64 /Users/senaca/projects/audiobook-player/AudiobookPlayer/AITabView.swift (in target 'AudiobookPlayer' from project 'AudiobookPlayer')
    cd /Users/senaca/projects/audiobook-player
    
/Users/senaca/projects/audiobook-player/AudiobookPlayer/AITabView.swift:51:14: warning: 'onChange(of:perform:)' was deprecated in iOS 17.0: Use `onChange` with a two or zero parameter action closure instead.
            .onChange(of: gateway.keyState) { state in
             ^
/Users/senaca/projects/audiobook-player/AudiobookPlayer/AITabView.swift:54:14: warning: 'onChange(of:perform:)' was deprecated in iOS 17.0: Use `onChange` with a two or zero parameter action closure instead.
            .onChange(of: focusedField) { newValue in
             ^
/Users/senaca/projects/audiobook-player/AudiobookPlayer/AITabView.swift:224:14: warning: 'onChange(of:perform:)' was deprecated in iOS 17.0: Use `onChange` with a two or zero parameter action closure instead.
            .onChange(of: gateway.apiKey) { newValue in
             ^

SwiftCompile normal arm64 /Users/senaca/projects/audiobook-player/AudiobookPlayer/BaiduNetdiskBrowserViewModel.swift (in target 'AudiobookPlayer' from project 'AudiobookPlayer')
    cd /Users/senaca/projects/audiobook-player
    

SwiftCompile normal arm64 /Users/senaca/projects/audiobook-player/AudiobookPlayer/AudiobookPlayerApp.swift (in target 'AudiobookPlayer' from project 'AudiobookPlayer')
    cd /Users/senaca/projects/audiobook-player
    
/Users/senaca/projects/audiobook-player/AudiobookPlayer/AudiobookPlayerApp.swift:40:13: warning: non-'@objc' method 'application(_:handleEventsForBackgroundURLSession:completionHandler:)' does not satisfy optional requirement of '@objc' protocol 'UIApplicationDelegate'
final class AppDelegate: NSObject, UIApplicationDelegate {
            ^
/Users/senaca/projects/audiobook-player/AudiobookPlayer/BackgroundTranscriptionManager.swift:213:10: note: add '@objc' to expose this instance method to Objective-C
    func application(
         ^
    @objc 
/Users/senaca/projects/audiobook-player/AudiobookPlayer/BackgroundTranscriptionManager.swift:213:10: note: add '@nonobjc' to silence this warning
    func application(
         ^
    @nonobjc 
UIKit.UIApplicationDelegate.application:3:28: note: requirement 'application(_:handleEventsForBackgroundURLSession:completionHandler:)' declared here
  @MainActor optional func application(_ application: UIApplication, handleEventsForBackgroundURLSession identifier: String, completionHandler: @escaping () -> Void)}
                           ^

SwiftCompile normal arm64 /Users/senaca/projects/audiobook-player/AudiobookPlayer/SourcesView.swift (in target 'AudiobookPlayer' from project 'AudiobookPlayer')
    cd /Users/senaca/projects/audiobook-player
    

SwiftDriverJobDiscovery normal arm64 Compiling SQLOrdering.swift, SQLRelation.swift, SQLSelection.swift, SQLSubquery.swift, Table.swift, SQLColumnGenerator.swift, SQLGenerationContext.swift, SQLIndexGenerator.swift, SQLQueryGenerator.swift, SQLTableAlterationGenerator.swift, SQLTableGenerator.swift, TableAlias.swift, SQLInterpolation+QueryInterface.swift, ColumnDefinition.swift, Database+SchemaDefinition.swift, ForeignKeyDefinition.swift, IndexDefinition.swift, TableAlteration.swift, TableDefinition.swift, VirtualTableModule.swift, TableRecord+Association.swift (in target 'GRDB' from project 'GRDB')

SwiftCompile normal arm64 Compiling\ DatabaseSchema.swift,\ TranscriptCorrectionsCard.swift,\ TranscriptionManager.swift,\ PreviewData.swift,\ AIGatewayViewModel.swift,\ LibraryStore.swift,\ BaiduNetdiskClient.swift,\ ContentView.swift,\ TranscriptionProgressOverlay.swift,\ PersonalView.swift /Users/senaca/projects/audiobook-player/AudiobookPlayer/DatabaseSchema.swift /Users/senaca/projects/audiobook-player/AudiobookPlayer/TranscriptCorrectionsCard.swift /Users/senaca/projects/audiobook-player/AudiobookPlayer/TranscriptionManager.swift /Users/senaca/projects/audiobook-player/AudiobookPlayer/PreviewData.swift /Users/senaca/projects/audiobook-player/AudiobookPlayer/AIGatewayViewModel.swift /Users/senaca/projects/audiobook-player/AudiobookPlayer/LibraryStore.swift /Users/senaca/projects/audiobook-player/AudiobookPlayer/BaiduNetdiskClient.swift /Users/senaca/projects/audiobook-player/AudiobookPlayer/ContentView.swift /Users/senaca/projects/audiobook-player/AudiobookPlayer/TranscriptionProgressOverlay.swift /Users/senaca/projects/audiobook-player/AudiobookPlayer/PersonalView.swift (in target 'AudiobookPlayer' from project 'AudiobookPlayer')
SwiftCompile normal arm64 /Users/senaca/projects/audiobook-player/AudiobookPlayer/DatabaseSchema.swift (in target 'AudiobookPlayer' from project 'AudiobookPlayer')
    cd /Users/senaca/projects/audiobook-player
    
@__swiftmacro_9HappyBear0022ContentViewswift_tiAIefMX1040_0_33_91841E46B9DA47AFFC48E99536288275Ll7PreviewfMf_.swift:107:33: warning: result of 'try?' is unused
                                try? await dbManager.persistTrackSummaryResult(
                                ^~~~~~~~~~~~~~~~~~~~~~~~~~~~~~~~~~~~~~~~~~~~~~~
/Users/senaca/projects/audiobook-player/AudiobookPlayer/ContentView.swift:1041:1: note: in expansion of macro 'Preview' here
#Preview {
^~~~~~~~~~
/Users/senaca/projects/audiobook-player/AudiobookPlayer/ContentView.swift:1041:1: note: in expansion of macro 'Preview' here
#Preview {
^~~~~~~~~~

SwiftCompile normal arm64 /Users/senaca/projects/audiobook-player/AudiobookPlayer/TranscriptCorrectionsCard.swift (in target 'AudiobookPlayer' from project 'AudiobookPlayer')
    cd /Users/senaca/projects/audiobook-player
    
@__swiftmacro_9HappyBear0022ContentViewswift_tiAIefMX1040_0_33_91841E46B9DA47AFFC48E99536288275Ll7PreviewfMf_.swift:107:33: warning: result of 'try?' is unused
                                try? await dbManager.persistTrackSummaryResult(
                                ^~~~~~~~~~~~~~~~~~~~~~~~~~~~~~~~~~~~~~~~~~~~~~~
/Users/senaca/projects/audiobook-player/AudiobookPlayer/ContentView.swift:1041:1: note: in expansion of macro 'Preview' here
#Preview {
^~~~~~~~~~
/Users/senaca/projects/audiobook-player/AudiobookPlayer/ContentView.swift:1041:1: note: in expansion of macro 'Preview' here
#Preview {
^~~~~~~~~~

SwiftCompile normal arm64 /Users/senaca/projects/audiobook-player/AudiobookPlayer/TranscriptionManager.swift (in target 'AudiobookPlayer' from project 'AudiobookPlayer')
    cd /Users/senaca/projects/audiobook-player
    
@__swiftmacro_9HappyBear0022ContentViewswift_tiAIefMX1040_0_33_91841E46B9DA47AFFC48E99536288275Ll7PreviewfMf_.swift:107:33: warning: result of 'try?' is unused
                                try? await dbManager.persistTrackSummaryResult(
                                ^~~~~~~~~~~~~~~~~~~~~~~~~~~~~~~~~~~~~~~~~~~~~~~
/Users/senaca/projects/audiobook-player/AudiobookPlayer/ContentView.swift:1041:1: note: in expansion of macro 'Preview' here
#Preview {
^~~~~~~~~~
/Users/senaca/projects/audiobook-player/AudiobookPlayer/ContentView.swift:1041:1: note: in expansion of macro 'Preview' here
#Preview {
^~~~~~~~~~

SwiftCompile normal arm64 /Users/senaca/projects/audiobook-player/AudiobookPlayer/PreviewData.swift (in target 'AudiobookPlayer' from project 'AudiobookPlayer')
    cd /Users/senaca/projects/audiobook-player
    
@__swiftmacro_9HappyBear0022ContentViewswift_tiAIefMX1040_0_33_91841E46B9DA47AFFC48E99536288275Ll7PreviewfMf_.swift:107:33: warning: result of 'try?' is unused
                                try? await dbManager.persistTrackSummaryResult(
                                ^~~~~~~~~~~~~~~~~~~~~~~~~~~~~~~~~~~~~~~~~~~~~~~
/Users/senaca/projects/audiobook-player/AudiobookPlayer/ContentView.swift:1041:1: note: in expansion of macro 'Preview' here
#Preview {
^~~~~~~~~~
/Users/senaca/projects/audiobook-player/AudiobookPlayer/ContentView.swift:1041:1: note: in expansion of macro 'Preview' here
#Preview {
^~~~~~~~~~

SwiftCompile normal arm64 /Users/senaca/projects/audiobook-player/AudiobookPlayer/AIGatewayViewModel.swift (in target 'AudiobookPlayer' from project 'AudiobookPlayer')
    cd /Users/senaca/projects/audiobook-player
    
@__swiftmacro_9HappyBear0022ContentViewswift_tiAIefMX1040_0_33_91841E46B9DA47AFFC48E99536288275Ll7PreviewfMf_.swift:107:33: warning: result of 'try?' is unused
                                try? await dbManager.persistTrackSummaryResult(
                                ^~~~~~~~~~~~~~~~~~~~~~~~~~~~~~~~~~~~~~~~~~~~~~~
/Users/senaca/projects/audiobook-player/AudiobookPlayer/ContentView.swift:1041:1: note: in expansion of macro 'Preview' here
#Preview {
^~~~~~~~~~
/Users/senaca/projects/audiobook-player/AudiobookPlayer/ContentView.swift:1041:1: note: in expansion of macro 'Preview' here
#Preview {
^~~~~~~~~~

SwiftCompile normal arm64 /Users/senaca/projects/audiobook-player/AudiobookPlayer/LibraryStore.swift (in target 'AudiobookPlayer' from project 'AudiobookPlayer')
    cd /Users/senaca/projects/audiobook-player
    
@__swiftmacro_9HappyBear0022ContentViewswift_tiAIefMX1040_0_33_91841E46B9DA47AFFC48E99536288275Ll7PreviewfMf_.swift:107:33: warning: result of 'try?' is unused
                                try? await dbManager.persistTrackSummaryResult(
                                ^~~~~~~~~~~~~~~~~~~~~~~~~~~~~~~~~~~~~~~~~~~~~~~
/Users/senaca/projects/audiobook-player/AudiobookPlayer/ContentView.swift:1041:1: note: in expansion of macro 'Preview' here
#Preview {
^~~~~~~~~~
/Users/senaca/projects/audiobook-player/AudiobookPlayer/ContentView.swift:1041:1: note: in expansion of macro 'Preview' here
#Preview {
^~~~~~~~~~

SwiftCompile normal arm64 /Users/senaca/projects/audiobook-player/AudiobookPlayer/BaiduNetdiskClient.swift (in target 'AudiobookPlayer' from project 'AudiobookPlayer')
    cd /Users/senaca/projects/audiobook-player
    
@__swiftmacro_9HappyBear0022ContentViewswift_tiAIefMX1040_0_33_91841E46B9DA47AFFC48E99536288275Ll7PreviewfMf_.swift:107:33: warning: result of 'try?' is unused
                                try? await dbManager.persistTrackSummaryResult(
                                ^~~~~~~~~~~~~~~~~~~~~~~~~~~~~~~~~~~~~~~~~~~~~~~
/Users/senaca/projects/audiobook-player/AudiobookPlayer/ContentView.swift:1041:1: note: in expansion of macro 'Preview' here
#Preview {
^~~~~~~~~~
/Users/senaca/projects/audiobook-player/AudiobookPlayer/ContentView.swift:1041:1: note: in expansion of macro 'Preview' here
#Preview {
^~~~~~~~~~

SwiftCompile normal arm64 /Users/senaca/projects/audiobook-player/AudiobookPlayer/ContentView.swift (in target 'AudiobookPlayer' from project 'AudiobookPlayer')
    cd /Users/senaca/projects/audiobook-player
    
/Users/senaca/projects/audiobook-player/AudiobookPlayer/FavoriteTracksView.swift:304:6: warning: previewLayout is ignored in a #Preview macro. Use the `traits` argument of the macro to provide the desired layout, e.g. `.sizeThatFitsLayout. (from macro 'Preview')
    .previewLayout(.sizeThatFits)
     ^
/Users/senaca/projects/audiobook-player/AudiobookPlayer/ContentView.swift:262:10: warning: 'onChange(of:perform:)' was deprecated in iOS 17.0: Use `onChange` with a two or zero parameter action closure instead.
        .onChange(of: audioPlayer.currentTrack?.id) { _ in
         ^
/Users/senaca/projects/audiobook-player/AudiobookPlayer/ContentView.swift:268:10: warning: 'onChange(of:perform:)' was deprecated in iOS 17.0: Use `onChange` with a two or zero parameter action closure instead.
        .onChange(of: audioPlayer.currentTime) { _ in
         ^
/Users/senaca/projects/audiobook-player/AudiobookPlayer/ContentView.swift:271:10: warning: 'onChange(of:perform:)' was deprecated in iOS 17.0: Use `onChange` with a two or zero parameter action closure instead.
        .onChange(of: library.isLoading) { isLoading in
         ^
/Users/senaca/projects/audiobook-player/AudiobookPlayer/ContentView.swift:276:10: warning: 'onChange(of:perform:)' was deprecated in iOS 17.0: Use `onChange` with a two or zero parameter action closure instead.
        .onChange(of: aiGenerationManager.activeJobs) { jobs in
         ^
/Users/senaca/projects/audiobook-player/AudiobookPlayer/ContentView.swift:282:10: warning: 'onChange(of:perform:)' was deprecated in iOS 17.0: Use `onChange` with a two or zero parameter action closure instead.
        .onChange(of: aiGenerationManager.recentJobs) { jobs in
         ^
/Users/senaca/projects/audiobook-player/AudiobookPlayer/ContentView.swift:1130:21: warning: result of 'try?' is unused
                    try? await dbManager.persistTrackSummaryResult(
                    ^~~~~~~~~~~~~~~~~~~~~~~~~~~~~~~~~~~~~~~~~~~~~~~
@__swiftmacro_9HappyBear0022ContentViewswift_tiAIefMX1040_0_33_91841E46B9DA47AFFC48E99536288275Ll7PreviewfMf_.swift:107:33: warning: result of 'try?' is unused
                                try? await dbManager.persistTrackSummaryResult(
                                ^~~~~~~~~~~~~~~~~~~~~~~~~~~~~~~~~~~~~~~~~~~~~~~
/Users/senaca/projects/audiobook-player/AudiobookPlayer/ContentView.swift:1041:1: note: in expansion of macro 'Preview' here
#Preview {
^~~~~~~~~~
/Users/senaca/projects/audiobook-player/AudiobookPlayer/ContentView.swift:1041:1: note: in expansion of macro 'Preview' here
#Preview {
^~~~~~~~~~

SwiftCompile normal arm64 /Users/senaca/projects/audiobook-player/AudiobookPlayer/TranscriptionProgressOverlay.swift (in target 'AudiobookPlayer' from project 'AudiobookPlayer')
    cd /Users/senaca/projects/audiobook-player
    
@__swiftmacro_9HappyBear0022ContentViewswift_tiAIefMX1040_0_33_91841E46B9DA47AFFC48E99536288275Ll7PreviewfMf_.swift:107:33: warning: result of 'try?' is unused
                                try? await dbManager.persistTrackSummaryResult(
                                ^~~~~~~~~~~~~~~~~~~~~~~~~~~~~~~~~~~~~~~~~~~~~~~
/Users/senaca/projects/audiobook-player/AudiobookPlayer/ContentView.swift:1041:1: note: in expansion of macro 'Preview' here
#Preview {
^~~~~~~~~~
/Users/senaca/projects/audiobook-player/AudiobookPlayer/ContentView.swift:1041:1: note: in expansion of macro 'Preview' here
#Preview {
^~~~~~~~~~
/Users/senaca/projects/audiobook-player/AudiobookPlayer/TranscriptionProgressOverlay.swift:170:14: warning: literal value is already handled by previous pattern; consider removing it
        case "uploading", "transcribing", "processing":
             ^~~~~~~~~~~
/Users/senaca/projects/audiobook-player/AudiobookPlayer/TranscriptionProgressOverlay.swift:168:29: note: first occurrence of identical literal pattern is here
        case "downloading", "uploading":
                            ^~~~~~~~~~~

SwiftCompile normal arm64 /Users/senaca/projects/audiobook-player/AudiobookPlayer/PersonalView.swift (in target 'AudiobookPlayer' from project 'AudiobookPlayer')
    cd /Users/senaca/projects/audiobook-player
    
@__swiftmacro_9HappyBear0022ContentViewswift_tiAIefMX1040_0_33_91841E46B9DA47AFFC48E99536288275Ll7PreviewfMf_.swift:107:33: warning: result of 'try?' is unused
                                try? await dbManager.persistTrackSummaryResult(
                                ^~~~~~~~~~~~~~~~~~~~~~~~~~~~~~~~~~~~~~~~~~~~~~~
/Users/senaca/projects/audiobook-player/AudiobookPlayer/ContentView.swift:1041:1: note: in expansion of macro 'Preview' here
#Preview {
^~~~~~~~~~
/Users/senaca/projects/audiobook-player/AudiobookPlayer/ContentView.swift:1041:1: note: in expansion of macro 'Preview' here
#Preview {
^~~~~~~~~~

SwiftDriverJobDiscovery normal arm64 Compiling FTS5+QueryInterface.swift, ForeignKey.swift, Association.swift, AssociationAggregate.swift, BelongsToAssociation.swift, HasManyAssociation.swift, HasManyThroughAssociation.swift, HasOneAssociation.swift, HasOneThroughAssociation.swift, JoinAssociation.swift, CommonTableExpression.swift, QueryInterfaceRequest.swift, RequestProtocols.swift, Column.swift, DatabasePromise.swift, SQLAssociation.swift, SQLCollection.swift, SQLExpression.swift, SQLForeignKeyRequest.swift, SQLFunctions.swift, SQLOperators.swift (in target 'GRDB' from project 'GRDB')

SwiftCompile normal arm64 Compiling\ TTSJobsListView.swift,\ TTSTabView.swift,\ TemporaryPlaybackContext.swift,\ AudioPlayerViewModel.swift,\ AudioCacheManager.swift,\ CachedAudioAsset.swift,\ CloudKitLibrarySync.swift,\ ListeningStatistic.swift,\ ListeningStatisticsView.swift,\ GeneratedAssetSymbols.swift /Users/senaca/projects/audiobook-player/AudiobookPlayer/TTSJobsListView.swift /Users/senaca/projects/audiobook-player/AudiobookPlayer/TTSTabView.swift /Users/senaca/projects/audiobook-player/AudiobookPlayer/TemporaryPlaybackContext.swift /Users/senaca/projects/audiobook-player/AudiobookPlayer/AudioPlayerViewModel.swift /Users/senaca/projects/audiobook-player/AudiobookPlayer/AudioCacheManager.swift /Users/senaca/projects/audiobook-player/AudiobookPlayer/CachedAudioAsset.swift /Users/senaca/projects/audiobook-player/AudiobookPlayer/CloudKitLibrarySync.swift /Users/senaca/projects/audiobook-player/AudiobookPlayer/ListeningStatistic.swift /Users/senaca/projects/audiobook-player/AudiobookPlayer/ListeningStatisticsView.swift /Users/senaca/Library/Developer/Xcode/DerivedData/AudiobookPlayer-aqutoaiklelvyvayxmjgbonardxy/Build/Intermediates.noindex/AudiobookPlayer.build/Debug-iphonesimulator/AudiobookPlayer.build/DerivedSources/GeneratedAssetSymbols.swift (in target 'AudiobookPlayer' from project 'AudiobookPlayer')

SwiftCompile normal arm64 /Users/senaca/projects/audiobook-player/AudiobookPlayer/TTSJobsListView.swift (in target 'AudiobookPlayer' from project 'AudiobookPlayer')
    cd /Users/senaca/projects/audiobook-player
    
/Users/senaca/projects/audiobook-player/AudiobookPlayer/FavoriteTracksView.swift:304:6: warning: previewLayout is ignored in a #Preview macro. Use the `traits` argument of the macro to provide the desired layout, e.g. `.sizeThatFitsLayout. (from macro 'Preview')
    .previewLayout(.sizeThatFits)
     ^

SwiftCompile normal arm64 /Users/senaca/projects/audiobook-player/AudiobookPlayer/TTSTabView.swift (in target 'AudiobookPlayer' from project 'AudiobookPlayer')
    cd /Users/senaca/projects/audiobook-player
    
/Users/senaca/projects/audiobook-player/AudiobookPlayer/TTSTabView.swift:108:10: warning: 'onChange(of:perform:)' was deprecated in iOS 17.0: Use `onChange` with a two or zero parameter action closure instead.
        .onChange(of: sonioxViewModel.keyExists) { exists in
         ^
/Users/senaca/projects/audiobook-player/AudiobookPlayer/TTSTabView.swift:111:10: warning: 'onChange(of:perform:)' was deprecated in iOS 17.0: Use `onChange` with a two or zero parameter action closure instead.
        .onChange(of: sonioxViewModel.statusMessage) { _ in
         ^
/Users/senaca/projects/audiobook-player/AudiobookPlayer/TTSTabView.swift:117:10: warning: 'onChange(of:perform:)' was deprecated in iOS 17.0: Use `onChange` with a two or zero parameter action closure instead.
        .onChange(of: isKeyFieldFocused) { isFocused in
         ^

SwiftCompile normal arm64 /Users/senaca/projects/audiobook-player/AudiobookPlayer/TemporaryPlaybackContext.swift (in target 'AudiobookPlayer' from project 'AudiobookPlayer')
    cd /Users/senaca/projects/audiobook-player
    

SwiftCompile normal arm64 /Users/senaca/projects/audiobook-player/AudiobookPlayer/AudioPlayerViewModel.swift (in target 'AudiobookPlayer' from project 'AudiobookPlayer')
    cd /Users/senaca/projects/audiobook-player
    
/Users/senaca/projects/audiobook-player/AudiobookPlayer/AudioPlayerViewModel.swift:351:23: warning: call to main actor-isolated instance method 'handleSleepTimerTick()' in a synchronous nonisolated context
                self?.handleSleepTimerTick()
                      ^
/Users/senaca/projects/audiobook-player/AudiobookPlayer/AudioPlayerViewModel.swift:358:18: note: calls to instance method 'handleSleepTimerTick()' from outside of its actor context are implicitly asynchronous
    private func handleSleepTimerTick() {
                 ^
/Users/senaca/projects/audiobook-player/AudiobookPlayer/AudioPlayerViewModel.swift:373:18: warning: main actor-isolated property 'currentTime' can not be mutated from a Sendable closure
            self.currentTime = time
                 ^
/Users/senaca/projects/audiobook-player/AudiobookPlayer/AudioPlayerViewModel.swift:11:20: note: mutation of this property is only permitted within the actor
    @Published var currentTime: Double = 0
                   ^
/Users/senaca/projects/audiobook-player/AudiobookPlayer/AudioPlayerViewModel.swift:375:18: warning: call to main actor-isolated instance method 'updateNowPlayingElapsedTime()' in a synchronous nonisolated context
            self.updateNowPlayingElapsedTime()
                 ^
/Users/senaca/projects/audiobook-player/AudiobookPlayer/AudioPlayerViewModel.swift:1142:10: note: calls to instance method 'updateNowPlayingElapsedTime()' from outside of its actor context are implicitly asynchronous
    func updateNowPlayingElapsedTime() {
         ^
/Users/senaca/projects/audiobook-player/AudiobookPlayer/AudioPlayerViewModel.swift:631:22: warning: main actor-isolated property 'currentTime' can not be mutated from a Sendable closure
                self.currentTime = initialPosition
                     ^
/Users/senaca/projects/audiobook-player/AudiobookPlayer/AudioPlayerViewModel.swift:11:20: note: mutation of this property is only permitted within the actor
    @Published var currentTime: Double = 0
                   ^
/Users/senaca/projects/audiobook-player/AudiobookPlayer/AudioPlayerViewModel.swift:633:26: warning: call to main actor-isolated instance method 'startPlaybackImmediately()' in a synchronous nonisolated context
                    self.startPlaybackImmediately()
                         ^
/Users/senaca/projects/audiobook-player/AudiobookPlayer/AudioPlayerViewModel.swift:741:10: note: calls to instance method 'startPlaybackImmediately()' from outside of its actor context are implicitly asynchronous
    func startPlaybackImmediately() {
         ^
/Users/senaca/projects/audiobook-player/AudiobookPlayer/AudioPlayerViewModel.swift:634:26: warning: main actor-isolated property 'isPlaying' can not be mutated from a Sendable closure
                    self.isPlaying = true
                         ^
/Users/senaca/projects/audiobook-player/AudiobookPlayer/AudioPlayerViewModel.swift:10:20: note: mutation of this property is only permitted within the actor
    @Published var isPlaying = false
                   ^
/Users/senaca/projects/audiobook-player/AudiobookPlayer/AudioPlayerViewModel.swift:635:26: warning: call to main actor-isolated instance method 'applyPlaybackRateToPlayer()' in a synchronous nonisolated context
                    self.applyPlaybackRateToPlayer()
                         ^
/Users/senaca/projects/audiobook-player/AudiobookPlayer/AudioPlayerViewModel.swift:428:18: note: calls to instance method 'applyPlaybackRateToPlayer()' from outside of its actor context are implicitly asynchronous
    private func applyPlaybackRateToPlayer() {
                 ^
/Users/senaca/projects/audiobook-player/AudiobookPlayer/AudioPlayerViewModel.swift:636:26: warning: call to main actor-isolated instance method 'startListeningSession()' in a synchronous nonisolated context
                    self.startListeningSession()
                         ^
/Users/senaca/projects/audiobook-player/AudiobookPlayer/AudioPlayerViewModel.swift:1182:18: note: calls to instance method 'startListeningSession()' from outside of its actor context are implicitly asynchronous
    private func startListeningSession() {
                 ^
/Users/senaca/projects/audiobook-player/AudiobookPlayer/AudioPlayerViewModel.swift:662:19: warning: call to main actor-isolated instance method 'handlePlaybackFinished()' in a synchronous nonisolated context
            self?.handlePlaybackFinished()
                  ^
/Users/senaca/projects/audiobook-player/AudiobookPlayer/AudioPlayerViewModel.swift:666:10: note: calls to instance method 'handlePlaybackFinished()' from outside of its actor context are implicitly asynchronous
    func handlePlaybackFinished() {
         ^
/Users/senaca/projects/audiobook-player/AudiobookPlayer/AudioPlayerViewModel.swift:709:18: warning: main actor-isolated property 'currentTime' can not be mutated from a Sendable closure
            self.currentTime = time.seconds.isFinite ? time.seconds : 0
                 ^
/Users/senaca/projects/audiobook-player/AudiobookPlayer/AudioPlayerViewModel.swift:11:20: note: mutation of this property is only permitted within the actor
    @Published var currentTime: Double = 0
                   ^
/Users/senaca/projects/audiobook-player/AudiobookPlayer/AudioPlayerViewModel.swift:710:40: warning: main actor-isolated property 'player' can not be referenced from a Sendable closure
            if let itemDuration = self.player?.currentItem?.duration.seconds, itemDuration.isFinite {
                                       ^
/Users/senaca/projects/audiobook-player/AudiobookPlayer/AudioPlayerViewModel.swift:39:17: note: property declared here
    private var player: AVPlayer?
                ^
/Users/senaca/projects/audiobook-player/AudiobookPlayer/AudioPlayerViewModel.swift:711:22: warning: main actor-isolated property 'duration' can not be mutated from a Sendable closure
                self.duration = max(self.duration, itemDuration)
                     ^
/Users/senaca/projects/audiobook-player/AudiobookPlayer/AudioPlayerViewModel.swift:12:20: note: mutation of this property is only permitted within the actor
    @Published var duration: Double = 0
                   ^
/Users/senaca/projects/audiobook-player/AudiobookPlayer/AudioPlayerViewModel.swift:711:42: warning: main actor-isolated property 'duration' can not be referenced from a Sendable closure
                self.duration = max(self.duration, itemDuration)
                                         ^
/Users/senaca/projects/audiobook-player/AudiobookPlayer/AudioPlayerViewModel.swift:12:20: note: property declared here
    @Published var duration: Double = 0
                   ^
/Users/senaca/projects/audiobook-player/AudiobookPlayer/AudioPlayerViewModel.swift:1007:13: warning: initialization of immutable value 'commandCenter' was never used; consider replacing with assignment to '_' or removing it
        let commandCenter = MPRemoteCommandCenter.shared()
        ~~~~^~~~~~~~~~~~~
        _
/Users/senaca/projects/audiobook-player/AudiobookPlayer/AudioPlayerViewModel.swift:1072:18: warning: main actor-isolated property 'currentTime' can not be mutated from a Sendable closure
            self.currentTime = clampedTime
                 ^
/Users/senaca/projects/audiobook-player/AudiobookPlayer/AudioPlayerViewModel.swift:11:20: note: mutation of this property is only permitted within the actor
    @Published var currentTime: Double = 0
                   ^
/Users/senaca/projects/audiobook-player/AudiobookPlayer/AudioPlayerViewModel.swift:1074:18: warning: call to main actor-isolated instance method 'updateNowPlayingElapsedTime()' in a synchronous nonisolated context
            self.updateNowPlayingElapsedTime()
                 ^
/Users/senaca/projects/audiobook-player/AudiobookPlayer/AudioPlayerViewModel.swift:1142:10: note: calls to instance method 'updateNowPlayingElapsedTime()' from outside of its actor context are implicitly asynchronous
    func updateNowPlayingElapsedTime() {
         ^

SwiftCompile normal arm64 /Users/senaca/projects/audiobook-player/AudiobookPlayer/AudioCacheManager.swift (in target 'AudiobookPlayer' from project 'AudiobookPlayer')
    cd /Users/senaca/projects/audiobook-player
    

SwiftCompile normal arm64 /Users/senaca/projects/audiobook-player/AudiobookPlayer/CachedAudioAsset.swift (in target 'AudiobookPlayer' from project 'AudiobookPlayer')
    cd /Users/senaca/projects/audiobook-player
    

SwiftCompile normal arm64 /Users/senaca/projects/audiobook-player/AudiobookPlayer/CloudKitLibrarySync.swift (in target 'AudiobookPlayer' from project 'AudiobookPlayer')
    cd /Users/senaca/projects/audiobook-player
    

SwiftCompile normal arm64 /Users/senaca/projects/audiobook-player/AudiobookPlayer/ListeningStatistic.swift (in target 'AudiobookPlayer' from project 'AudiobookPlayer')
    cd /Users/senaca/projects/audiobook-player
    

SwiftCompile normal arm64 /Users/senaca/projects/audiobook-player/AudiobookPlayer/ListeningStatisticsView.swift (in target 'AudiobookPlayer' from project 'AudiobookPlayer')
    cd /Users/senaca/projects/audiobook-player
    

SwiftCompile normal arm64 /Users/senaca/Library/Developer/Xcode/DerivedData/AudiobookPlayer-aqutoaiklelvyvayxmjgbonardxy/Build/Intermediates.noindex/AudiobookPlayer.build/Debug-iphonesimulator/AudiobookPlayer.build/DerivedSources/GeneratedAssetSymbols.swift (in target 'AudiobookPlayer' from project 'AudiobookPlayer')
    cd /Users/senaca/projects/audiobook-player
    

SwiftDriverJobDiscovery normal arm64 Compiling DatabaseValueConvertible.swift, DatabaseWriter.swift, DispatchQueueActor.swift, FetchRequest.swift, Row.swift, RowAdapter.swift, RowDecodingError.swift, SQL.swift, SQLInterpolation.swift, SQLRequest.swift, SchedulingWatchdog.swift, SerializedDatabase.swift, Statement.swift, StatementAuthorizer.swift, StatementColumnConvertible.swift, CGFloat.swift, Data.swift, DatabaseDateComponents.swift, DatabaseValueConvertible+ReferenceConvertible.swift, Date.swift, Decimal.swift (in target 'GRDB' from project 'GRDB')

SwiftCompile normal arm64 Compiling\ AIGenerationJobManager.swift,\ AIGenerationJobExecutor.swift,\ ListeningHistory.swift,\ AIGenerationManager.swift,\ AIGenerationJobDetailView.swift,\ AITranscriptRepair.swift,\ TrackSummaryStore.swift,\ TrackSummaryViewModel.swift,\ TrackSummaryCard.swift,\ TrackSummaryGenerator.swift,\ TrackSummaryDatabaseSchema.swift /Users/senaca/projects/audiobook-player/AudiobookPlayer/AIGenerationJobManager.swift /Users/senaca/projects/audiobook-player/AudiobookPlayer/AIGenerationJobExecutor.swift /Users/senaca/projects/audiobook-player/AudiobookPlayer/ListeningHistory.swift /Users/senaca/projects/audiobook-player/AudiobookPlayer/AIGenerationManager.swift /Users/senaca/projects/audiobook-player/AudiobookPlayer/AIGenerationJobDetailView.swift /Users/senaca/projects/audiobook-player/AudiobookPlayer/AITranscriptRepair.swift /Users/senaca/projects/audiobook-player/AudiobookPlayer/TrackSummaryStore.swift /Users/senaca/projects/audiobook-player/AudiobookPlayer/TrackSummaryViewModel.swift /Users/senaca/projects/audiobook-player/AudiobookPlayer/TrackSummaryCard.swift /Users/senaca/projects/audiobook-player/AudiobookPlayer/TrackSummaryGenerator.swift /Users/senaca/projects/audiobook-player/AudiobookPlayer/TrackSummaryDatabaseSchema.swift (in target 'AudiobookPlayer' from project 'AudiobookPlayer')

SwiftCompile normal arm64 /Users/senaca/projects/audiobook-player/AudiobookPlayer/AIGenerationJobManager.swift (in target 'AudiobookPlayer' from project 'AudiobookPlayer')
    cd /Users/senaca/projects/audiobook-player
    
@__swiftmacro_9HappyBear0027TrackSummaryCardswift_ovFAhfMX393_0_33_1FABA55B4023C2ACB1E0006EAB3E5E70Ll7PreviewfMf_.swift:70:29: warning: result of 'try?' is unused
                            try? await dbManager.persistTrackSummaryResult(
                            ^~~~~~~~~~~~~~~~~~~~~~~~~~~~~~~~~~~~~~~~~~~~~~~
/Users/senaca/projects/audiobook-player/AudiobookPlayer/TrackSummaryCard.swift:394:1: note: in expansion of macro 'Preview' here
#Preview {
^~~~~~~~~~
/Users/senaca/projects/audiobook-player/AudiobookPlayer/TrackSummaryCard.swift:394:1: note: in expansion of macro 'Preview' here
#Preview {
^~~~~~~~~~

SwiftCompile normal arm64 /Users/senaca/projects/audiobook-player/AudiobookPlayer/AIGenerationJobExecutor.swift (in target 'AudiobookPlayer' from project 'AudiobookPlayer')
    cd /Users/senaca/projects/audiobook-player
    
/Users/senaca/projects/audiobook-player/AudiobookPlayer/AIGenerationJobExecutor.swift:59:25: warning: no 'async' operations occur within 'await' expression
                        await self.logger.error("AI job \(job.id, privacy: .public) failed: \(error.localizedDescription, privacy: .public)")
                        ^
/Users/senaca/projects/audiobook-player/AudiobookPlayer/AIGenerationJobExecutor.swift:103:32: warning: no 'async' operations occur within 'await' expression
        guard let apiKey = try await keyStore.loadKey(), !apiKey.isEmpty else {
                               ^
/Users/senaca/projects/audiobook-player/AudiobookPlayer/AIGenerationJobExecutor.swift:171:32: warning: no 'async' operations occur within 'await' expression
        guard let apiKey = try await keyStore.loadKey(), !apiKey.isEmpty else {
                               ^
/Users/senaca/projects/audiobook-player/AudiobookPlayer/AIGenerationJobExecutor.swift:227:32: warning: no 'async' operations occur within 'await' expression
        guard let apiKey = try await keyStore.loadKey(), !apiKey.isEmpty else {
                               ^
@__swiftmacro_9HappyBear0027TrackSummaryCardswift_ovFAhfMX393_0_33_1FABA55B4023C2ACB1E0006EAB3E5E70Ll7PreviewfMf_.swift:70:29: warning: result of 'try?' is unused
                            try? await dbManager.persistTrackSummaryResult(
                            ^~~~~~~~~~~~~~~~~~~~~~~~~~~~~~~~~~~~~~~~~~~~~~~
/Users/senaca/projects/audiobook-player/AudiobookPlayer/TrackSummaryCard.swift:394:1: note: in expansion of macro 'Preview' here
#Preview {
^~~~~~~~~~
/Users/senaca/projects/audiobook-player/AudiobookPlayer/TrackSummaryCard.swift:394:1: note: in expansion of macro 'Preview' here
#Preview {
^~~~~~~~~~

SwiftCompile normal arm64 /Users/senaca/projects/audiobook-player/AudiobookPlayer/ListeningHistory.swift (in target 'AudiobookPlayer' from project 'AudiobookPlayer')
    cd /Users/senaca/projects/audiobook-player
    
@__swiftmacro_9HappyBear0027TrackSummaryCardswift_ovFAhfMX393_0_33_1FABA55B4023C2ACB1E0006EAB3E5E70Ll7PreviewfMf_.swift:70:29: warning: result of 'try?' is unused
                            try? await dbManager.persistTrackSummaryResult(
                            ^~~~~~~~~~~~~~~~~~~~~~~~~~~~~~~~~~~~~~~~~~~~~~~
/Users/senaca/projects/audiobook-player/AudiobookPlayer/TrackSummaryCard.swift:394:1: note: in expansion of macro 'Preview' here
#Preview {
^~~~~~~~~~
/Users/senaca/projects/audiobook-player/AudiobookPlayer/TrackSummaryCard.swift:394:1: note: in expansion of macro 'Preview' here
#Preview {
^~~~~~~~~~

SwiftCompile normal arm64 /Users/senaca/projects/audiobook-player/AudiobookPlayer/AIGenerationManager.swift (in target 'AudiobookPlayer' from project 'AudiobookPlayer')
    cd /Users/senaca/projects/audiobook-player
    
@__swiftmacro_9HappyBear0027TrackSummaryCardswift_ovFAhfMX393_0_33_1FABA55B4023C2ACB1E0006EAB3E5E70Ll7PreviewfMf_.swift:70:29: warning: result of 'try?' is unused
                            try? await dbManager.persistTrackSummaryResult(
                            ^~~~~~~~~~~~~~~~~~~~~~~~~~~~~~~~~~~~~~~~~~~~~~~
/Users/senaca/projects/audiobook-player/AudiobookPlayer/TrackSummaryCard.swift:394:1: note: in expansion of macro 'Preview' here
#Preview {
^~~~~~~~~~
/Users/senaca/projects/audiobook-player/AudiobookPlayer/TrackSummaryCard.swift:394:1: note: in expansion of macro 'Preview' here
#Preview {
^~~~~~~~~~

SwiftCompile normal arm64 /Users/senaca/projects/audiobook-player/AudiobookPlayer/AIGenerationJobDetailView.swift (in target 'AudiobookPlayer' from project 'AudiobookPlayer')
    cd /Users/senaca/projects/audiobook-player
    
@__swiftmacro_9HappyBear0027TrackSummaryCardswift_ovFAhfMX393_0_33_1FABA55B4023C2ACB1E0006EAB3E5E70Ll7PreviewfMf_.swift:70:29: warning: result of 'try?' is unused
                            try? await dbManager.persistTrackSummaryResult(
                            ^~~~~~~~~~~~~~~~~~~~~~~~~~~~~~~~~~~~~~~~~~~~~~~
/Users/senaca/projects/audiobook-player/AudiobookPlayer/TrackSummaryCard.swift:394:1: note: in expansion of macro 'Preview' here
#Preview {
^~~~~~~~~~
/Users/senaca/projects/audiobook-player/AudiobookPlayer/TrackSummaryCard.swift:394:1: note: in expansion of macro 'Preview' here
#Preview {
^~~~~~~~~~

SwiftCompile normal arm64 /Users/senaca/projects/audiobook-player/AudiobookPlayer/AITranscriptRepair.swift (in target 'AudiobookPlayer' from project 'AudiobookPlayer')
    cd /Users/senaca/projects/audiobook-player
    
@__swiftmacro_9HappyBear0027TrackSummaryCardswift_ovFAhfMX393_0_33_1FABA55B4023C2ACB1E0006EAB3E5E70Ll7PreviewfMf_.swift:70:29: warning: result of 'try?' is unused
                            try? await dbManager.persistTrackSummaryResult(
                            ^~~~~~~~~~~~~~~~~~~~~~~~~~~~~~~~~~~~~~~~~~~~~~~
/Users/senaca/projects/audiobook-player/AudiobookPlayer/TrackSummaryCard.swift:394:1: note: in expansion of macro 'Preview' here
#Preview {
^~~~~~~~~~
/Users/senaca/projects/audiobook-player/AudiobookPlayer/TrackSummaryCard.swift:394:1: note: in expansion of macro 'Preview' here
#Preview {
^~~~~~~~~~

SwiftCompile normal arm64 /Users/senaca/projects/audiobook-player/AudiobookPlayer/TrackSummaryStore.swift (in target 'AudiobookPlayer' from project 'AudiobookPlayer')
    cd /Users/senaca/projects/audiobook-player
    
@__swiftmacro_9HappyBear0027TrackSummaryCardswift_ovFAhfMX393_0_33_1FABA55B4023C2ACB1E0006EAB3E5E70Ll7PreviewfMf_.swift:70:29: warning: result of 'try?' is unused
                            try? await dbManager.persistTrackSummaryResult(
                            ^~~~~~~~~~~~~~~~~~~~~~~~~~~~~~~~~~~~~~~~~~~~~~~
/Users/senaca/projects/audiobook-player/AudiobookPlayer/TrackSummaryCard.swift:394:1: note: in expansion of macro 'Preview' here
#Preview {
^~~~~~~~~~
/Users/senaca/projects/audiobook-player/AudiobookPlayer/TrackSummaryCard.swift:394:1: note: in expansion of macro 'Preview' here
#Preview {
^~~~~~~~~~

SwiftCompile normal arm64 /Users/senaca/projects/audiobook-player/AudiobookPlayer/TrackSummaryViewModel.swift (in target 'AudiobookPlayer' from project 'AudiobookPlayer')
    cd /Users/senaca/projects/audiobook-player
    
@__swiftmacro_9HappyBear0027TrackSummaryCardswift_ovFAhfMX393_0_33_1FABA55B4023C2ACB1E0006EAB3E5E70Ll7PreviewfMf_.swift:70:29: warning: result of 'try?' is unused
                            try? await dbManager.persistTrackSummaryResult(
                            ^~~~~~~~~~~~~~~~~~~~~~~~~~~~~~~~~~~~~~~~~~~~~~~
/Users/senaca/projects/audiobook-player/AudiobookPlayer/TrackSummaryCard.swift:394:1: note: in expansion of macro 'Preview' here
#Preview {
^~~~~~~~~~
/Users/senaca/projects/audiobook-player/AudiobookPlayer/TrackSummaryCard.swift:394:1: note: in expansion of macro 'Preview' here
#Preview {
^~~~~~~~~~

SwiftCompile normal arm64 /Users/senaca/projects/audiobook-player/AudiobookPlayer/TrackSummaryCard.swift (in target 'AudiobookPlayer' from project 'AudiobookPlayer')
    cd /Users/senaca/projects/audiobook-player
    
/Users/senaca/projects/audiobook-player/AudiobookPlayer/FavoriteTracksView.swift:304:6: warning: previewLayout is ignored in a #Preview macro. Use the `traits` argument of the macro to provide the desired layout, e.g. `.sizeThatFitsLayout. (from macro 'Preview')
    .previewLayout(.sizeThatFits)
     ^
/Users/senaca/projects/audiobook-player/AudiobookPlayer/TrackSummaryCard.swift:36:10: warning: 'onChange(of:perform:)' was deprecated in iOS 17.0: Use `onChange` with a two or zero parameter action closure instead.
        .onChange(of: viewModel.activeJob?.status) { _ in
         ^
/Users/senaca/projects/audiobook-player/AudiobookPlayer/TrackSummaryCard.swift:39:10: warning: 'onChange(of:perform:)' was deprecated in iOS 17.0: Use `onChange` with a two or zero parameter action closure instead.
        .onChange(of: viewModel.summary?.id) { _ in
         ^
/Users/senaca/projects/audiobook-player/AudiobookPlayer/TrackSummaryCard.swift:445:17: warning: result of 'try?' is unused
                try? await dbManager.persistTrackSummaryResult(
                ^~~~~~~~~~~~~~~~~~~~~~~~~~~~~~~~~~~~~~~~~~~~~~~
@__swiftmacro_9HappyBear0027TrackSummaryCardswift_ovFAhfMX393_0_33_1FABA55B4023C2ACB1E0006EAB3E5E70Ll7PreviewfMf_.swift:70:29: warning: result of 'try?' is unused
                            try? await dbManager.persistTrackSummaryResult(
                            ^~~~~~~~~~~~~~~~~~~~~~~~~~~~~~~~~~~~~~~~~~~~~~~
/Users/senaca/projects/audiobook-player/AudiobookPlayer/TrackSummaryCard.swift:394:1: note: in expansion of macro 'Preview' here
#Preview {
^~~~~~~~~~
/Users/senaca/projects/audiobook-player/AudiobookPlayer/TrackSummaryCard.swift:394:1: note: in expansion of macro 'Preview' here
#Preview {
^~~~~~~~~~

SwiftCompile normal arm64 /Users/senaca/projects/audiobook-player/AudiobookPlayer/TrackSummaryGenerator.swift (in target 'AudiobookPlayer' from project 'AudiobookPlayer')
    cd /Users/senaca/projects/audiobook-player
    
@__swiftmacro_9HappyBear0027TrackSummaryCardswift_ovFAhfMX393_0_33_1FABA55B4023C2ACB1E0006EAB3E5E70Ll7PreviewfMf_.swift:70:29: warning: result of 'try?' is unused
                            try? await dbManager.persistTrackSummaryResult(
                            ^~~~~~~~~~~~~~~~~~~~~~~~~~~~~~~~~~~~~~~~~~~~~~~
/Users/senaca/projects/audiobook-player/AudiobookPlayer/TrackSummaryCard.swift:394:1: note: in expansion of macro 'Preview' here
#Preview {
^~~~~~~~~~
/Users/senaca/projects/audiobook-player/AudiobookPlayer/TrackSummaryCard.swift:394:1: note: in expansion of macro 'Preview' here
#Preview {
^~~~~~~~~~

SwiftCompile normal arm64 /Users/senaca/projects/audiobook-player/AudiobookPlayer/TrackSummaryDatabaseSchema.swift (in target 'AudiobookPlayer' from project 'AudiobookPlayer')
    cd /Users/senaca/projects/audiobook-player
    
@__swiftmacro_9HappyBear0027TrackSummaryCardswift_ovFAhfMX393_0_33_1FABA55B4023C2ACB1E0006EAB3E5E70Ll7PreviewfMf_.swift:70:29: warning: result of 'try?' is unused
                            try? await dbManager.persistTrackSummaryResult(
                            ^~~~~~~~~~~~~~~~~~~~~~~~~~~~~~~~~~~~~~~~~~~~~~~
/Users/senaca/projects/audiobook-player/AudiobookPlayer/TrackSummaryCard.swift:394:1: note: in expansion of macro 'Preview' here
#Preview {
^~~~~~~~~~
/Users/senaca/projects/audiobook-player/AudiobookPlayer/TrackSummaryCard.swift:394:1: note: in expansion of macro 'Preview' here
#Preview {
^~~~~~~~~~

SwiftDriverJobDiscovery normal arm64 Emitting module for HappyBear (in target 'AudiobookPlayer' from project 'AudiobookPlayer')

SwiftDriver\ Compilation\ Requirements AudiobookPlayer normal arm64 com.apple.xcode.tools.swift.compiler (in target 'AudiobookPlayer' from project 'AudiobookPlayer')
    cd /Users/senaca/projects/audiobook-player
    builtin-Swift-Compilation-Requirements -- /Applications/Xcode.app/Contents/Developer/Toolchains/XcodeDefault.xctoolchain/usr/bin/swiftc -module-name HappyBear -Onone -enforce-exclusivity\=checked @/Users/senaca/Library/Developer/Xcode/DerivedData/AudiobookPlayer-aqutoaiklelvyvayxmjgbonardxy/Build/Intermediates.noindex/AudiobookPlayer.build/Debug-iphonesimulator/AudiobookPlayer.build/Objects-normal/arm64/HappyBear.SwiftFileList -DDEBUG -Xcc -fmodule-map-file\=/Users/senaca/Library/Developer/Xcode/DerivedData/AudiobookPlayer-aqutoaiklelvyvayxmjgbonardxy/SourcePackages/checkouts/GRDB.swift/Sources/GRDBSQLite/module.modulemap -enable-bare-slash-regex -enable-experimental-feature DebugDescriptionMacro -sdk /Applications/Xcode.app/Contents/Developer/Platforms/iPhoneSimulator.platform/Developer/SDKs/iPhoneSimulator26.0.sdk -target arm64-apple-ios17.6-simulator -g -module-cache-path /Users/senaca/Library/Developer/Xcode/DerivedData/ModuleCache.noindex -Xfrontend -serialize-debugging-options -enable-testing -index-store-path /Users/senaca/Library/Developer/Xcode/DerivedData/AudiobookPlayer-aqutoaiklelvyvayxmjgbonardxy/Index.noindex/DataStore -Xcc -D_LIBCPP_HARDENING_MODE\=_LIBCPP_HARDENING_MODE_DEBUG -swift-version 5 -I /Users/senaca/Library/Developer/Xcode/DerivedData/AudiobookPlayer-aqutoaiklelvyvayxmjgbonardxy/Build/Products/Debug-iphonesimulator -F /Users/senaca/Library/Developer/Xcode/DerivedData/AudiobookPlayer-aqutoaiklelvyvayxmjgbonardxy/Build/Products/Debug-iphonesimulator/PackageFrameworks -F /Users/senaca/Library/Developer/Xcode/DerivedData/AudiobookPlayer-aqutoaiklelvyvayxmjgbonardxy/Build/Products/Debug-iphonesimulator/PackageFrameworks -F /Users/senaca/Library/Developer/Xcode/DerivedData/AudiobookPlayer-aqutoaiklelvyvayxmjgbonardxy/Build/Products/Debug-iphonesimulator -emit-localized-strings -emit-localized-strings-path /Users/senaca/Library/Developer/Xcode/DerivedData/AudiobookPlayer-aqutoaiklelvyvayxmjgbonardxy/Build/Intermediates.noindex/AudiobookPlayer.build/Debug-iphonesimulator/AudiobookPlayer.build/Objects-normal/arm64 -c -j8 -enable-batch-mode -incremental -Xcc -ivfsstatcache -Xcc /Users/senaca/Library/Developer/Xcode/DerivedData/SDKStatCaches.noindex/iphonesimulator26.0-23A339-26257891a6c027eb51374368541b8346.sdkstatcache -output-file-map /Users/senaca/Library/Developer/Xcode/DerivedData/AudiobookPlayer-aqutoaiklelvyvayxmjgbonardxy/Build/Intermediates.noindex/AudiobookPlayer.build/Debug-iphonesimulator/AudiobookPlayer.build/Objects-normal/arm64/AudiobookPlayer-OutputFileMap.json -use-frontend-parseable-output -save-temps -no-color-diagnostics -explicit-module-build -module-cache-path /Users/senaca/Library/Developer/Xcode/DerivedData/AudiobookPlayer-aqutoaiklelvyvayxmjgbonardxy/Build/Intermediates.noindex/SwiftExplicitPrecompiledModules -clang-scanner-module-cache-path /Users/senaca/Library/Developer/Xcode/DerivedData/ModuleCache.noindex -sdk-module-cache-path /Users/senaca/Library/Developer/Xcode/DerivedData/ModuleCache.noindex -serialize-diagnostics -emit-dependencies -emit-module -emit-module-path /Users/senaca/Library/Developer/Xcode/DerivedData/AudiobookPlayer-aqutoaiklelvyvayxmjgbonardxy/Build/Intermediates.noindex/AudiobookPlayer.build/Debug-iphonesimulator/AudiobookPlayer.build/Objects-normal/arm64/HappyBear.swiftmodule -validate-clang-modules-once -clang-build-session-file /Users/senaca/Library/Developer/Xcode/DerivedData/ModuleCache.noindex/Session.modulevalidation -Xcc -I/Users/senaca/Library/Developer/Xcode/DerivedData/AudiobookPlayer-aqutoaiklelvyvayxmjgbonardxy/Build/Intermediates.noindex/AudiobookPlayer.build/Debug-iphonesimulator/AudiobookPlayer.build/swift-overrides.hmap -emit-const-values -Xfrontend -const-gather-protocols-file -Xfrontend /Users/senaca/Library/Developer/Xcode/DerivedData/AudiobookPlayer-aqutoaiklelvyvayxmjgbonardxy/Build/Intermediates.noindex/AudiobookPlayer.build/Debug-iphonesimulator/AudiobookPlayer.build/Objects-normal/arm64/AudiobookPlayer_const_extract_protocols.json -Xcc -iquote -Xcc /Users/senaca/Library/Developer/Xcode/DerivedData/AudiobookPlayer-aqutoaiklelvyvayxmjgbonardxy/Build/Intermediates.noindex/AudiobookPlayer.build/Debug-iphonesimulator/AudiobookPlayer.build/HappyBear-generated-files.hmap -Xcc -I/Users/senaca/Library/Developer/Xcode/DerivedData/AudiobookPlayer-aqutoaiklelvyvayxmjgbonardxy/Build/Intermediates.noindex/AudiobookPlayer.build/Debug-iphonesimulator/AudiobookPlayer.build/HappyBear-own-target-headers.hmap -Xcc -I/Users/senaca/Library/Developer/Xcode/DerivedData/AudiobookPlayer-aqutoaiklelvyvayxmjgbonardxy/Build/Intermediates.noindex/AudiobookPlayer.build/Debug-iphonesimulator/AudiobookPlayer.build/HappyBear-all-non-framework-target-headers.hmap -Xcc -ivfsoverlay -Xcc /Users/senaca/Library/Developer/Xcode/DerivedData/AudiobookPlayer-aqutoaiklelvyvayxmjgbonardxy/Build/Intermediates.noindex/AudiobookPlayer.build/Debug-iphonesimulator/AudiobookPlayer-3becd422f5afba93f909cc0a8699f441-VFS-iphonesimulator/all-product-headers.yaml -Xcc -iquote -Xcc /Users/senaca/Library/Developer/Xcode/DerivedData/AudiobookPlayer-aqutoaiklelvyvayxmjgbonardxy/Build/Intermediates.noindex/AudiobookPlayer.build/Debug-iphonesimulator/AudiobookPlayer.build/HappyBear-project-headers.hmap -Xcc -I/Users/senaca/Library/Developer/Xcode/DerivedData/AudiobookPlayer-aqutoaiklelvyvayxmjgbonardxy/Build/Products/Debug-iphonesimulator/include -Xcc -I/Users/senaca/Library/Developer/Xcode/DerivedData/AudiobookPlayer-aqutoaiklelvyvayxmjgbonardxy/Build/Intermediates.noindex/AudiobookPlayer.build/Debug-iphonesimulator/AudiobookPlayer.build/DerivedSources-normal/arm64 -Xcc -I/Users/senaca/Library/Developer/Xcode/DerivedData/AudiobookPlayer-aqutoaiklelvyvayxmjgbonardxy/Build/Intermediates.noindex/AudiobookPlayer.build/Debug-iphonesimulator/AudiobookPlayer.build/DerivedSources/arm64 -Xcc -I/Users/senaca/Library/Developer/Xcode/DerivedData/AudiobookPlayer-aqutoaiklelvyvayxmjgbonardxy/Build/Intermediates.noindex/AudiobookPlayer.build/Debug-iphonesimulator/AudiobookPlayer.build/DerivedSources -Xcc -DDEBUG\=1 -emit-objc-header -emit-objc-header-path /Users/senaca/Library/Developer/Xcode/DerivedData/AudiobookPlayer-aqutoaiklelvyvayxmjgbonardxy/Build/Intermediates.noindex/AudiobookPlayer.build/Debug-iphonesimulator/AudiobookPlayer.build/Objects-normal/arm64/HappyBear-Swift.h -working-directory /Users/senaca/projects/audiobook-player -experimental-emit-module-separately -disable-cmo

SwiftDriverJobDiscovery normal arm64 Compiling resource_bundle_accessor.swift, Configuration.swift, Cursor.swift, Database+Schema.swift, Database+Statements.swift, Database.swift, DatabaseBackupProgress.swift, DatabaseCollation.swift, DatabaseError.swift, DatabaseFunction.swift, DatabasePool.swift, DatabasePublishers.swift, DatabaseQueue.swift, DatabaseReader.swift, DatabaseRegion.swift, DatabaseRegionObservation.swift, DatabaseSchemaCache.swift, DatabaseSchemaSource.swift, DatabaseSnapshot.swift, DatabaseSnapshotPool.swift, DatabaseValue.swift (in target 'GRDB' from project 'GRDB')

SwiftCompile normal arm64 Compiling\ BaiduNetdiskBrowserView.swift,\ CacheProgressTracker.swift,\ AudioCacheDownloadManager.swift,\ TrackPickerView.swift,\ SettingsTabView.swift,\ FloatingPlaybackBubbleViewModel.swift,\ DownloadButton.swift,\ CacheManagementView.swift,\ CollectionDetailView.swift,\ FavoriteToggleButton.swift,\ FavoriteTracksView.swift /Users/senaca/projects/audiobook-player/AudiobookPlayer/BaiduNetdiskBrowserView.swift /Users/senaca/projects/audiobook-player/AudiobookPlayer/CacheProgressTracker.swift /Users/senaca/projects/audiobook-player/AudiobookPlayer/AudioCacheDownloadManager.swift /Users/senaca/projects/audiobook-player/AudiobookPlayer/TrackPickerView.swift /Users/senaca/projects/audiobook-player/AudiobookPlayer/SettingsTabView.swift /Users/senaca/projects/audiobook-player/AudiobookPlayer/FloatingPlaybackBubbleViewModel.swift /Users/senaca/projects/audiobook-player/AudiobookPlayer/DownloadButton.swift /Users/senaca/projects/audiobook-player/AudiobookPlayer/CacheManagementView.swift /Users/senaca/projects/audiobook-player/AudiobookPlayer/CollectionDetailView.swift /Users/senaca/projects/audiobook-player/AudiobookPlayer/FavoriteToggleButton.swift /Users/senaca/projects/audiobook-player/AudiobookPlayer/FavoriteTracksView.swift (in target 'AudiobookPlayer' from project 'AudiobookPlayer')
SwiftCompile normal arm64 /Users/senaca/projects/audiobook-player/AudiobookPlayer/BaiduNetdiskBrowserView.swift (in target 'AudiobookPlayer' from project 'AudiobookPlayer')
    cd /Users/senaca/projects/audiobook-player
    
/Users/senaca/projects/audiobook-player/AudiobookPlayer/BaiduNetdiskBrowserView.swift:102:10: warning: 'onChange(of:perform:)' was deprecated in iOS 17.0: Use `onChange` with a two or zero parameter action closure instead.
        .onChange(of: searchText) { newValue in
         ^

SwiftCompile normal arm64 /Users/senaca/projects/audiobook-player/AudiobookPlayer/CacheProgressTracker.swift (in target 'AudiobookPlayer' from project 'AudiobookPlayer')
    cd /Users/senaca/projects/audiobook-player
    
/Users/senaca/projects/audiobook-player/AudiobookPlayer/CacheProgressTracker.swift:105:29: warning: result of call to 'run(resultType:body:)' is unused
            await MainActor.run {
                            ^   ~

SwiftCompile normal arm64 /Users/senaca/projects/audiobook-player/AudiobookPlayer/AudioCacheDownloadManager.swift (in target 'AudiobookPlayer' from project 'AudiobookPlayer')
    cd /Users/senaca/projects/audiobook-player
    

SwiftCompile normal arm64 /Users/senaca/projects/audiobook-player/AudiobookPlayer/TrackPickerView.swift (in target 'AudiobookPlayer' from project 'AudiobookPlayer')
    cd /Users/senaca/projects/audiobook-player
    

SwiftCompile normal arm64 /Users/senaca/projects/audiobook-player/AudiobookPlayer/SettingsTabView.swift (in target 'AudiobookPlayer' from project 'AudiobookPlayer')
    cd /Users/senaca/projects/audiobook-player
    

SwiftCompile normal arm64 /Users/senaca/projects/audiobook-player/AudiobookPlayer/FloatingPlaybackBubbleViewModel.swift (in target 'AudiobookPlayer' from project 'AudiobookPlayer')
    cd /Users/senaca/projects/audiobook-player
    

SwiftCompile normal arm64 /Users/senaca/projects/audiobook-player/AudiobookPlayer/DownloadButton.swift (in target 'AudiobookPlayer' from project 'AudiobookPlayer')
    cd /Users/senaca/projects/audiobook-player
    

SwiftCompile normal arm64 /Users/senaca/projects/audiobook-player/AudiobookPlayer/CacheManagementView.swift (in target 'AudiobookPlayer' from project 'AudiobookPlayer')
    cd /Users/senaca/projects/audiobook-player
    
/Users/senaca/projects/audiobook-player/AudiobookPlayer/CacheManagementView.swift:30:18: warning: 'onChange(of:perform:)' was deprecated in iOS 17.0: Use `onChange` with a two or zero parameter action closure instead.
                .onChange(of: retentionDays) { newValue in
                 ^

SwiftCompile normal arm64 /Users/senaca/projects/audiobook-player/AudiobookPlayer/CollectionDetailView.swift (in target 'AudiobookPlayer' from project 'AudiobookPlayer')
    cd /Users/senaca/projects/audiobook-player
    
/Users/senaca/projects/audiobook-player/AudiobookPlayer/CollectionDetailView.swift:307:14: warning: 'onChange(of:perform:)' was deprecated in iOS 17.0: Use `onChange` with a two or zero parameter action closure instead.
            .onChange(of: audioPlayer.currentTrack?.id) { _ in
             ^
/Users/senaca/projects/audiobook-player/AudiobookPlayer/CollectionDetailView.swift:321:14: warning: 'onChange(of:perform:)' was deprecated in iOS 17.0: Use `onChange` with a two or zero parameter action closure instead.
            .onChange(of: audioPlayer.currentTime) { newValue in
             ^
/Users/senaca/projects/audiobook-player/AudiobookPlayer/CollectionDetailView.swift:336:14: warning: 'onChange(of:perform:)' was deprecated in iOS 17.0: Use `onChange` with a two or zero parameter action closure instead.
            .onChange(of: trackToRename) { newValue in
             ^
/Users/senaca/projects/audiobook-player/AudiobookPlayer/CollectionDetailView.swift:341:14: warning: 'onChange(of:perform:)' was deprecated in iOS 17.0: Use `onChange` with a two or zero parameter action closure instead.
            .onChange(of: showCollectionInfoSheet) { newValue in
             ^
/Users/senaca/projects/audiobook-player/AudiobookPlayer/CollectionDetailView.swift:347:14: warning: 'onChange(of:perform:)' was deprecated in iOS 17.0: Use `onChange` with a two or zero parameter action closure instead.
            .onChange(of: collectionID) { _ in
             ^
/Users/senaca/projects/audiobook-player/AudiobookPlayer/CollectionDetailView.swift:353:14: warning: 'onChange(of:perform:)' was deprecated in iOS 17.0: Use `onChange` with a two or zero parameter action closure instead.
            .onChange(of: collection?.tracks.map(\.id) ?? []) { _ in
             ^
/Users/senaca/projects/audiobook-player/AudiobookPlayer/CollectionDetailView.swift:357:14: warning: 'onChange(of:perform:)' was deprecated in iOS 17.0: Use `onChange` with a two or zero parameter action closure instead.
            .onChange(of: audioPlayer.activeCollection?.id) { _ in
             ^
/Users/senaca/projects/audiobook-player/AudiobookPlayer/CollectionDetailView.swift:360:14: warning: 'onChange(of:perform:)' was deprecated in iOS 17.0: Use `onChange` with a two or zero parameter action closure instead.
            .onChange(of: coverPhotoItem) { newItem in
             ^
/Users/senaca/projects/audiobook-player/AudiobookPlayer/CollectionDetailView.swift:374:14: warning: 'onChange(of:perform:)' was deprecated in iOS 17.0: Use `onChange` with a two or zero parameter action closure instead.
            .onChange(of: aiGenerationManager.activeJobs) { jobs in
             ^
/Users/senaca/projects/audiobook-player/AudiobookPlayer/CollectionDetailView.swift:384:14: warning: 'onChange(of:perform:)' was deprecated in iOS 17.0: Use `onChange` with a two or zero parameter action closure instead.
            .onChange(of: aiGenerationManager.recentJobs) { jobs in
             ^
/Users/senaca/projects/audiobook-player/AudiobookPlayer/CollectionDetailView.swift:433:14: warning: 'onChange(of:perform:)' was deprecated in iOS 17.0: Use `onChange` with a two or zero parameter action closure instead.
            .onChange(of: pendingAutoFocusTrackId) { _ in
             ^
/Users/senaca/projects/audiobook-player/AudiobookPlayer/CollectionDetailView.swift:436:14: warning: 'onChange(of:perform:)' was deprecated in iOS 17.0: Use `onChange` with a two or zero parameter action closure instead.
            .onChange(of: filteredTracks.map(\.id)) { _ in
             ^
/Users/senaca/projects/audiobook-player/AudiobookPlayer/CollectionDetailView.swift:768:39: warning: reference to captured var 'readyTrackIds' in concurrently-executing code; this is an error in the Swift 6 language mode
                tracksWithSummaries = readyTrackIds
                                      ^
/Users/senaca/projects/audiobook-player/AudiobookPlayer/CollectionDetailView.swift:1203:26: warning: 'onChange(of:perform:)' was deprecated in iOS 17.0: Use `onChange` with a two or zero parameter action closure instead.
                        .onChange(of: name) { newValue in
                         ^
/Users/senaca/projects/audiobook-player/AudiobookPlayer/CollectionDetailView.swift:1213:26: warning: 'onChange(of:perform:)' was deprecated in iOS 17.0: Use `onChange` with a two or zero parameter action closure instead.
                        .onChange(of: description) { newValue in
                         ^
/Users/senaca/projects/audiobook-player/AudiobookPlayer/CollectionDetailView.swift:1272:26: warning: 'onChange(of:perform:)' was deprecated in iOS 17.0: Use `onChange` with a two or zero parameter action closure instead.
                        .onChange(of: text) { newValue in
                         ^

SwiftCompile normal arm64 /Users/senaca/projects/audiobook-player/AudiobookPlayer/FavoriteToggleButton.swift (in target 'AudiobookPlayer' from project 'AudiobookPlayer')
    cd /Users/senaca/projects/audiobook-player
    

SwiftCompile normal arm64 /Users/senaca/projects/audiobook-player/AudiobookPlayer/FavoriteTracksView.swift (in target 'AudiobookPlayer' from project 'AudiobookPlayer')
    cd /Users/senaca/projects/audiobook-player
    
/Users/senaca/projects/audiobook-player/AudiobookPlayer/FavoriteTracksView.swift:304:6: warning: previewLayout is ignored in a #Preview macro. Use the `traits` argument of the macro to provide the desired layout, e.g. `.sizeThatFitsLayout. (from macro 'Preview')
    .previewLayout(.sizeThatFits)
     ^
/Users/senaca/projects/audiobook-player/AudiobookPlayer/FavoriteTracksView.swift:181:13: warning: variable 'sciFi' was never mutated; consider changing to 'let' constant
        var sciFi = makeTrack(
        ~~~ ^
        let

SwiftMergeGeneratedHeaders /Users/senaca/Library/Developer/Xcode/DerivedData/AudiobookPlayer-aqutoaiklelvyvayxmjgbonardxy/Build/Intermediates.noindex/AudiobookPlayer.build/Debug-iphonesimulator/AudiobookPlayer.build/DerivedSources/HappyBear-Swift.h /Users/senaca/Library/Developer/Xcode/DerivedData/AudiobookPlayer-aqutoaiklelvyvayxmjgbonardxy/Build/Intermediates.noindex/AudiobookPlayer.build/Debug-iphonesimulator/AudiobookPlayer.build/Objects-normal/arm64/HappyBear-Swift.h (in target 'AudiobookPlayer' from project 'AudiobookPlayer')
    cd /Users/senaca/projects/audiobook-player
    builtin-swiftHeaderTool -arch arm64 /Users/senaca/Library/Developer/Xcode/DerivedData/AudiobookPlayer-aqutoaiklelvyvayxmjgbonardxy/Build/Intermediates.noindex/AudiobookPlayer.build/Debug-iphonesimulator/AudiobookPlayer.build/Objects-normal/arm64/HappyBear-Swift.h -o /Users/senaca/Library/Developer/Xcode/DerivedData/AudiobookPlayer-aqutoaiklelvyvayxmjgbonardxy/Build/Intermediates.noindex/AudiobookPlayer.build/Debug-iphonesimulator/AudiobookPlayer.build/DerivedSources/HappyBear-Swift.h

Copy /Users/senaca/Library/Developer/Xcode/DerivedData/AudiobookPlayer-aqutoaiklelvyvayxmjgbonardxy/Build/Products/Debug-iphonesimulator/HappyBear.swiftmodule/arm64-apple-ios-simulator.swiftmodule /Users/senaca/Library/Developer/Xcode/DerivedData/AudiobookPlayer-aqutoaiklelvyvayxmjgbonardxy/Build/Intermediates.noindex/AudiobookPlayer.build/Debug-iphonesimulator/AudiobookPlayer.build/Objects-normal/arm64/HappyBear.swiftmodule (in target 'AudiobookPlayer' from project 'AudiobookPlayer')
    cd /Users/senaca/projects/audiobook-player
    builtin-copy -exclude .DS_Store -exclude CVS -exclude .svn -exclude .git -exclude .hg -resolve-src-symlinks -rename /Users/senaca/Library/Developer/Xcode/DerivedData/AudiobookPlayer-aqutoaiklelvyvayxmjgbonardxy/Build/Intermediates.noindex/AudiobookPlayer.build/Debug-iphonesimulator/AudiobookPlayer.build/Objects-normal/arm64/HappyBear.swiftmodule /Users/senaca/Library/Developer/Xcode/DerivedData/AudiobookPlayer-aqutoaiklelvyvayxmjgbonardxy/Build/Products/Debug-iphonesimulator/HappyBear.swiftmodule/arm64-apple-ios-simulator.swiftmodule

Copy /Users/senaca/Library/Developer/Xcode/DerivedData/AudiobookPlayer-aqutoaiklelvyvayxmjgbonardxy/Build/Products/Debug-iphonesimulator/HappyBear.swiftmodule/arm64-apple-ios-simulator.swiftdoc /Users/senaca/Library/Developer/Xcode/DerivedData/AudiobookPlayer-aqutoaiklelvyvayxmjgbonardxy/Build/Intermediates.noindex/AudiobookPlayer.build/Debug-iphonesimulator/AudiobookPlayer.build/Objects-normal/arm64/HappyBear.swiftdoc (in target 'AudiobookPlayer' from project 'AudiobookPlayer')
    cd /Users/senaca/projects/audiobook-player
    builtin-copy -exclude .DS_Store -exclude CVS -exclude .svn -exclude .git -exclude .hg -resolve-src-symlinks -rename /Users/senaca/Library/Developer/Xcode/DerivedData/AudiobookPlayer-aqutoaiklelvyvayxmjgbonardxy/Build/Intermediates.noindex/AudiobookPlayer.build/Debug-iphonesimulator/AudiobookPlayer.build/Objects-normal/arm64/HappyBear.swiftdoc /Users/senaca/Library/Developer/Xcode/DerivedData/AudiobookPlayer-aqutoaiklelvyvayxmjgbonardxy/Build/Products/Debug-iphonesimulator/HappyBear.swiftmodule/arm64-apple-ios-simulator.swiftdoc

Copy /Users/senaca/Library/Developer/Xcode/DerivedData/AudiobookPlayer-aqutoaiklelvyvayxmjgbonardxy/Build/Products/Debug-iphonesimulator/HappyBear.swiftmodule/arm64-apple-ios-simulator.abi.json /Users/senaca/Library/Developer/Xcode/DerivedData/AudiobookPlayer-aqutoaiklelvyvayxmjgbonardxy/Build/Intermediates.noindex/AudiobookPlayer.build/Debug-iphonesimulator/AudiobookPlayer.build/Objects-normal/arm64/HappyBear.abi.json (in target 'AudiobookPlayer' from project 'AudiobookPlayer')
    cd /Users/senaca/projects/audiobook-player
    builtin-copy -exclude .DS_Store -exclude CVS -exclude .svn -exclude .git -exclude .hg -resolve-src-symlinks -rename /Users/senaca/Library/Developer/Xcode/DerivedData/AudiobookPlayer-aqutoaiklelvyvayxmjgbonardxy/Build/Intermediates.noindex/AudiobookPlayer.build/Debug-iphonesimulator/AudiobookPlayer.build/Objects-normal/arm64/HappyBear.abi.json /Users/senaca/Library/Developer/Xcode/DerivedData/AudiobookPlayer-aqutoaiklelvyvayxmjgbonardxy/Build/Products/Debug-iphonesimulator/HappyBear.swiftmodule/arm64-apple-ios-simulator.abi.json

Copy /Users/senaca/Library/Developer/Xcode/DerivedData/AudiobookPlayer-aqutoaiklelvyvayxmjgbonardxy/Build/Products/Debug-iphonesimulator/HappyBear.swiftmodule/Project/arm64-apple-ios-simulator.swiftsourceinfo /Users/senaca/Library/Developer/Xcode/DerivedData/AudiobookPlayer-aqutoaiklelvyvayxmjgbonardxy/Build/Intermediates.noindex/AudiobookPlayer.build/Debug-iphonesimulator/AudiobookPlayer.build/Objects-normal/arm64/HappyBear.swiftsourceinfo (in target 'AudiobookPlayer' from project 'AudiobookPlayer')
    cd /Users/senaca/projects/audiobook-player
    builtin-copy -exclude .DS_Store -exclude CVS -exclude .svn -exclude .git -exclude .hg -resolve-src-symlinks -rename /Users/senaca/Library/Developer/Xcode/DerivedData/AudiobookPlayer-aqutoaiklelvyvayxmjgbonardxy/Build/Intermediates.noindex/AudiobookPlayer.build/Debug-iphonesimulator/AudiobookPlayer.build/Objects-normal/arm64/HappyBear.swiftsourceinfo /Users/senaca/Library/Developer/Xcode/DerivedData/AudiobookPlayer-aqutoaiklelvyvayxmjgbonardxy/Build/Products/Debug-iphonesimulator/HappyBear.swiftmodule/Project/arm64-apple-ios-simulator.swiftsourceinfo

SwiftDriver\ Compilation GRDB normal arm64 com.apple.xcode.tools.swift.compiler (in target 'GRDB' from project 'GRDB')
    cd /Users/senaca/projects/audiobook-player/AudiobookPlayer.xcodeproj
    builtin-Swift-Compilation -- /Applications/Xcode.app/Contents/Developer/Toolchains/XcodeDefault.xctoolchain/usr/bin/swiftc -module-name GRDB -Onone -enforce-exclusivity\=checked @/Users/senaca/Library/Developer/Xcode/DerivedData/AudiobookPlayer-aqutoaiklelvyvayxmjgbonardxy/Build/Intermediates.noindex/GRDB.build/Debug-iphonesimulator/GRDB.build/Objects-normal/arm64/GRDB.SwiftFileList -DSWIFT_PACKAGE -DDEBUG -DSWIFT_MODULE_RESOURCE_BUNDLE_AVAILABLE -DSQLITE_ENABLE_FTS5 -Xcc -fmodule-map-file\=/Users/senaca/Library/Developer/Xcode/DerivedData/AudiobookPlayer-aqutoaiklelvyvayxmjgbonardxy/SourcePackages/checkouts/GRDB.swift/Sources/GRDBSQLite/module.modulemap -DXcode -plugin-path /Applications/Xcode.app/Contents/Developer/Toolchains/XcodeDefault.xctoolchain/usr/lib/swift/host/plugins/testing -enable-experimental-feature DebugDescriptionMacro -sdk /Applications/Xcode.app/Contents/Developer/Platforms/iPhoneSimulator.platform/Developer/SDKs/iPhoneSimulator26.0.sdk -target arm64-apple-ios13.0-simulator -g -module-cache-path /Users/senaca/Library/Developer/Xcode/DerivedData/ModuleCache.noindex -Xfrontend -serialize-debugging-options -enable-testing -suppress-warnings -index-store-path /Users/senaca/Library/Developer/Xcode/DerivedData/AudiobookPlayer-aqutoaiklelvyvayxmjgbonardxy/Index.noindex/DataStore -Xcc -D_LIBCPP_HARDENING_MODE\=_LIBCPP_HARDENING_MODE_DEBUG -swift-version 6 -I /Users/senaca/Library/Developer/Xcode/DerivedData/AudiobookPlayer-aqutoaiklelvyvayxmjgbonardxy/Build/Products/Debug-iphonesimulator -Isystem /Applications/Xcode.app/Contents/Developer/Platforms/iPhoneSimulator.platform/Developer/usr/lib -F /Users/senaca/Library/Developer/Xcode/DerivedData/AudiobookPlayer-aqutoaiklelvyvayxmjgbonardxy/Build/Products/Debug-iphonesimulator -F /Applications/Xcode.app/Contents/Developer/Platforms/iPhoneSimulator.platform/Developer/Library/Frameworks -F /Applications/Xcode.app/Contents/Developer/Platforms/iPhoneSimulator.platform/Developer/SDKs/iPhoneSimulator26.0.sdk/Developer/Library/Frameworks -emit-localized-strings -emit-localized-strings-path /Users/senaca/Library/Developer/Xcode/DerivedData/AudiobookPlayer-aqutoaiklelvyvayxmjgbonardxy/Build/Intermediates.noindex/GRDB.build/Debug-iphonesimulator/GRDB.build/Objects-normal/arm64 -c -j8 -enable-batch-mode -incremental -Xcc -ivfsstatcache -Xcc /Users/senaca/Library/Developer/Xcode/DerivedData/SDKStatCaches.noindex/iphonesimulator26.0-23A339-26257891a6c027eb51374368541b8346.sdkstatcache -output-file-map /Users/senaca/Library/Developer/Xcode/DerivedData/AudiobookPlayer-aqutoaiklelvyvayxmjgbonardxy/Build/Intermediates.noindex/GRDB.build/Debug-iphonesimulator/GRDB.build/Objects-normal/arm64/GRDB-OutputFileMap.json -use-frontend-parseable-output -save-temps -no-color-diagnostics -explicit-module-build -module-cache-path /Users/senaca/Library/Developer/Xcode/DerivedData/AudiobookPlayer-aqutoaiklelvyvayxmjgbonardxy/Build/Intermediates.noindex/SwiftExplicitPrecompiledModules -clang-scanner-module-cache-path /Users/senaca/Library/Developer/Xcode/DerivedData/ModuleCache.noindex -sdk-module-cache-path /Users/senaca/Library/Developer/Xcode/DerivedData/ModuleCache.noindex -serialize-diagnostics -emit-dependencies -emit-module -emit-module-path /Users/senaca/Library/Developer/Xcode/DerivedData/AudiobookPlayer-aqutoaiklelvyvayxmjgbonardxy/Build/Intermediates.noindex/GRDB.build/Debug-iphonesimulator/GRDB.build/Objects-normal/arm64/GRDB.swiftmodule -user-module-version 7.8.0 -validate-clang-modules-once -clang-build-session-file /Users/senaca/Library/Developer/Xcode/DerivedData/ModuleCache.noindex/Session.modulevalidation -package-name grdb_swift -Xcc -I/Users/senaca/Library/Developer/Xcode/DerivedData/AudiobookPlayer-aqutoaiklelvyvayxmjgbonardxy/Build/Intermediates.noindex/GRDB.build/Debug-iphonesimulator/GRDB.build/swift-overrides.hmap -emit-const-values -Xfrontend -const-gather-protocols-file -Xfrontend /Users/senaca/Library/Developer/Xcode/DerivedData/AudiobookPlayer-aqutoaiklelvyvayxmjgbonardxy/Build/Intermediates.noindex/GRDB.build/Debug-iphonesimulator/GRDB.build/Objects-normal/arm64/GRDB_const_extract_protocols.json -Xcc -I/Users/senaca/Library/Developer/Xcode/DerivedData/AudiobookPlayer-aqutoaiklelvyvayxmjgbonardxy/Build/Products/Debug-iphonesimulator/include -Xcc -I/Users/senaca/Library/Developer/Xcode/DerivedData/AudiobookPlayer-aqutoaiklelvyvayxmjgbonardxy/Build/Intermediates.noindex/GRDB.build/Debug-iphonesimulator/GRDB.build/DerivedSources-normal/arm64 -Xcc -I/Users/senaca/Library/Developer/Xcode/DerivedData/AudiobookPlayer-aqutoaiklelvyvayxmjgbonardxy/Build/Intermediates.noindex/GRDB.build/Debug-iphonesimulator/GRDB.build/DerivedSources/arm64 -Xcc -I/Users/senaca/Library/Developer/Xcode/DerivedData/AudiobookPlayer-aqutoaiklelvyvayxmjgbonardxy/Build/Intermediates.noindex/GRDB.build/Debug-iphonesimulator/GRDB.build/DerivedSources -Xcc -DSWIFT_PACKAGE -Xcc -DDEBUG\=1 -emit-objc-header -emit-objc-header-path /Users/senaca/Library/Developer/Xcode/DerivedData/AudiobookPlayer-aqutoaiklelvyvayxmjgbonardxy/Build/Intermediates.noindex/GRDB.build/Debug-iphonesimulator/GRDB.build/Objects-normal/arm64/GRDB-Swift.h -working-directory /Users/senaca/projects/audiobook-player/AudiobookPlayer.xcodeproj -experimental-emit-module-separately -disable-cmo

LinkAssetCatalog /Users/senaca/projects/audiobook-player/AudiobookPlayer/Assets.xcassets /Users/senaca/projects/audiobook-player/AudiobookPlayer/Preview\ Content/Preview\ Assets.xcassets (in target 'AudiobookPlayer' from project 'AudiobookPlayer')
    cd /Users/senaca/projects/audiobook-player
    builtin-linkAssetCatalog --thinned /Users/senaca/Library/Developer/Xcode/DerivedData/AudiobookPlayer-aqutoaiklelvyvayxmjgbonardxy/Build/Intermediates.noindex/AudiobookPlayer.build/Debug-iphonesimulator/AudiobookPlayer.build/assetcatalog_output/thinned --thinned-dependencies /Users/senaca/Library/Developer/Xcode/DerivedData/AudiobookPlayer-aqutoaiklelvyvayxmjgbonardxy/Build/Intermediates.noindex/AudiobookPlayer.build/Debug-iphonesimulator/AudiobookPlayer.build/assetcatalog_dependencies_thinned --thinned-info-plist-content /Users/senaca/Library/Developer/Xcode/DerivedData/AudiobookPlayer-aqutoaiklelvyvayxmjgbonardxy/Build/Intermediates.noindex/AudiobookPlayer.build/Debug-iphonesimulator/AudiobookPlayer.build/assetcatalog_generated_info.plist_thinned --unthinned /Users/senaca/Library/Developer/Xcode/DerivedData/AudiobookPlayer-aqutoaiklelvyvayxmjgbonardxy/Build/Intermediates.noindex/AudiobookPlayer.build/Debug-iphonesimulator/AudiobookPlayer.build/assetcatalog_output/unthinned --unthinned-dependencies /Users/senaca/Library/Developer/Xcode/DerivedData/AudiobookPlayer-aqutoaiklelvyvayxmjgbonardxy/Build/Intermediates.noindex/AudiobookPlayer.build/Debug-iphonesimulator/AudiobookPlayer.build/assetcatalog_dependencies_unthinned --unthinned-info-plist-content /Users/senaca/Library/Developer/Xcode/DerivedData/AudiobookPlayer-aqutoaiklelvyvayxmjgbonardxy/Build/Intermediates.noindex/AudiobookPlayer.build/Debug-iphonesimulator/AudiobookPlayer.build/assetcatalog_generated_info.plist_unthinned --output /Users/senaca/Library/Developer/Xcode/DerivedData/AudiobookPlayer-aqutoaiklelvyvayxmjgbonardxy/Build/Products/Debug-iphonesimulator/HappyBear.app --plist-output /Users/senaca/Library/Developer/Xcode/DerivedData/AudiobookPlayer-aqutoaiklelvyvayxmjgbonardxy/Build/Intermediates.noindex/AudiobookPlayer.build/Debug-iphonesimulator/AudiobookPlayer.build/assetcatalog_generated_info.plist
note: Emplaced /Users/senaca/Library/Developer/Xcode/DerivedData/AudiobookPlayer-aqutoaiklelvyvayxmjgbonardxy/Build/Products/Debug-iphonesimulator/HappyBear.app/AppIcon60x60@2x.png (in target 'AudiobookPlayer' from project 'AudiobookPlayer')
note: Emplaced /Users/senaca/Library/Developer/Xcode/DerivedData/AudiobookPlayer-aqutoaiklelvyvayxmjgbonardxy/Build/Products/Debug-iphonesimulator/HappyBear.app/Assets.car (in target 'AudiobookPlayer' from project 'AudiobookPlayer')
note: Emplaced /Users/senaca/Library/Developer/Xcode/DerivedData/AudiobookPlayer-aqutoaiklelvyvayxmjgbonardxy/Build/Products/Debug-iphonesimulator/HappyBear.app/AppIcon76x76@2x~ipad.png (in target 'AudiobookPlayer' from project 'AudiobookPlayer')

SwiftCompile normal arm64 Compiling\ DatabaseConfig.swift,\ TranscriptSegmentManager.swift,\ TranscriptCorrectionStore.swift,\ TranscriptCorrectionViewModel.swift,\ ProviderIconView.swift,\ Color+Hex.swift,\ AIGatewayClient.swift,\ BackgroundTranscriptionManager.swift,\ TranscriptionDatabaseSchema.swift,\ AIGenerationDatabaseSchema.swift,\ AIGenerationJob.swift /Users/senaca/projects/audiobook-player/AudiobookPlayer/DatabaseConfig.swift /Users/senaca/projects/audiobook-player/AudiobookPlayer/TranscriptSegmentManager.swift /Users/senaca/projects/audiobook-player/AudiobookPlayer/TranscriptCorrectionStore.swift /Users/senaca/projects/audiobook-player/AudiobookPlayer/TranscriptCorrectionViewModel.swift /Users/senaca/projects/audiobook-player/AudiobookPlayer/ProviderIconView.swift /Users/senaca/projects/audiobook-player/AudiobookPlayer/Color+Hex.swift /Users/senaca/projects/audiobook-player/AudiobookPlayer/AIGatewayClient.swift /Users/senaca/projects/audiobook-player/AudiobookPlayer/BackgroundTranscriptionManager.swift /Users/senaca/projects/audiobook-player/AudiobookPlayer/TranscriptionDatabaseSchema.swift /Users/senaca/projects/audiobook-player/AudiobookPlayer/AIGenerationDatabaseSchema.swift /Users/senaca/projects/audiobook-player/AudiobookPlayer/AIGenerationJob.swift (in target 'AudiobookPlayer' from project 'AudiobookPlayer')

SwiftCompile normal arm64 /Users/senaca/projects/audiobook-player/AudiobookPlayer/DatabaseConfig.swift (in target 'AudiobookPlayer' from project 'AudiobookPlayer')
    cd /Users/senaca/projects/audiobook-player
    

SwiftCompile normal arm64 /Users/senaca/projects/audiobook-player/AudiobookPlayer/TranscriptSegmentManager.swift (in target 'AudiobookPlayer' from project 'AudiobookPlayer')
    cd /Users/senaca/projects/audiobook-player
    
/Users/senaca/projects/audiobook-player/AudiobookPlayer/TranscriptSegmentManager.swift:9:13: warning: no 'async' operations occur within 'await' expression
        try await initializeDatabase()
            ^
/Users/senaca/projects/audiobook-player/AudiobookPlayer/TranscriptSegmentManager.swift:59:13: warning: no 'async' operations occur within 'await' expression
        try await initializeDatabase()
            ^
/Users/senaca/projects/audiobook-player/AudiobookPlayer/TranscriptSegmentManager.swift:76:13: warning: no 'async' operations occur within 'await' expression
        try await initializeDatabase()
            ^

SwiftCompile normal arm64 /Users/senaca/projects/audiobook-player/AudiobookPlayer/TranscriptCorrectionStore.swift (in target 'AudiobookPlayer' from project 'AudiobookPlayer')
    cd /Users/senaca/projects/audiobook-player
    
/Users/senaca/projects/audiobook-player/AudiobookPlayer/TranscriptCorrectionStore.swift:9:13: warning: no 'async' operations occur within 'await' expression
        try await initializeDatabase()
            ^
/Users/senaca/projects/audiobook-player/AudiobookPlayer/TranscriptCorrectionStore.swift:67:13: warning: no 'async' operations occur within 'await' expression
        try await initializeDatabase()
            ^
/Users/senaca/projects/audiobook-player/AudiobookPlayer/TranscriptCorrectionStore.swift:99:13: warning: no 'async' operations occur within 'await' expression
        try await initializeDatabase()
            ^
/Users/senaca/projects/audiobook-player/AudiobookPlayer/TranscriptCorrectionStore.swift:121:13: warning: no 'async' operations occur within 'await' expression
        try await initializeDatabase()
            ^

SwiftCompile normal arm64 /Users/senaca/projects/audiobook-player/AudiobookPlayer/TranscriptCorrectionViewModel.swift (in target 'AudiobookPlayer' from project 'AudiobookPlayer')
    cd /Users/senaca/projects/audiobook-player
    

SwiftCompile normal arm64 /Users/senaca/projects/audiobook-player/AudiobookPlayer/ProviderIconView.swift (in target 'AudiobookPlayer' from project 'AudiobookPlayer')
    cd /Users/senaca/projects/audiobook-player
    
/Users/senaca/projects/audiobook-player/AudiobookPlayer/FavoriteTracksView.swift:304:6: warning: previewLayout is ignored in a #Preview macro. Use the `traits` argument of the macro to provide the desired layout, e.g. `.sizeThatFitsLayout. (from macro 'Preview')
    .previewLayout(.sizeThatFits)
     ^

SwiftCompile normal arm64 /Users/senaca/projects/audiobook-player/AudiobookPlayer/Color+Hex.swift (in target 'AudiobookPlayer' from project 'AudiobookPlayer')
    cd /Users/senaca/projects/audiobook-player
    

SwiftCompile normal arm64 /Users/senaca/projects/audiobook-player/AudiobookPlayer/AIGatewayClient.swift (in target 'AudiobookPlayer' from project 'AudiobookPlayer')
    cd /Users/senaca/projects/audiobook-player
    

SwiftCompile normal arm64 /Users/senaca/projects/audiobook-player/AudiobookPlayer/BackgroundTranscriptionManager.swift (in target 'AudiobookPlayer' from project 'AudiobookPlayer')
    cd /Users/senaca/projects/audiobook-player
    
/Users/senaca/projects/audiobook-player/AudiobookPlayer/BackgroundTranscriptionManager.swift:118:64: warning: conditional downcast from '(any UIApplicationDelegate)?' to 'any UIApplicationDelegate' does nothing
            if let appDelegate = UIApplication.shared.delegate as? UIApplicationDelegate,
                                 ~~~~~~~~~~~~~~~~~~~~~~~~~~~~~~^~~~~~~~~~~~~~~~~~~~~~~~~
                                                              
/Users/senaca/projects/audiobook-player/AudiobookPlayer/BackgroundTranscriptionManager.swift:119:20: warning: immutable value 'completionHandler' was never used; consider replacing with '_' or removing it
               let completionHandler = appDelegate.application?(
               ~~~~^~~~~~~~~~~~~~~~~
               _

SwiftCompile normal arm64 /Users/senaca/projects/audiobook-player/AudiobookPlayer/TranscriptionDatabaseSchema.swift (in target 'AudiobookPlayer' from project 'AudiobookPlayer')
    cd /Users/senaca/projects/audiobook-player
    

SwiftCompile normal arm64 /Users/senaca/projects/audiobook-player/AudiobookPlayer/AIGenerationDatabaseSchema.swift (in target 'AudiobookPlayer' from project 'AudiobookPlayer')
    cd /Users/senaca/projects/audiobook-player
    

SwiftCompile normal arm64 /Users/senaca/projects/audiobook-player/AudiobookPlayer/AIGenerationJob.swift (in target 'AudiobookPlayer' from project 'AudiobookPlayer')
    cd /Users/senaca/projects/audiobook-player
    

Ld /Users/senaca/Library/Developer/Xcode/DerivedData/AudiobookPlayer-aqutoaiklelvyvayxmjgbonardxy/Build/Products/Debug-iphonesimulator/GRDB.o normal (in target 'GRDB' from project 'GRDB')
    cd /Users/senaca/Library/Developer/Xcode/DerivedData/AudiobookPlayer-aqutoaiklelvyvayxmjgbonardxy/SourcePackages/checkouts/GRDB.swift
    /Applications/Xcode.app/Contents/Developer/Toolchains/XcodeDefault.xctoolchain/usr/bin/clang -Xlinker -reproducible -target arm64-apple-ios13.0-simulator -r -isysroot /Applications/Xcode.app/Contents/Developer/Platforms/iPhoneSimulator.platform/Developer/SDKs/iPhoneSimulator26.0.sdk -O0 -w -L/Users/senaca/Library/Developer/Xcode/DerivedData/AudiobookPlayer-aqutoaiklelvyvayxmjgbonardxy/Build/Intermediates.noindex/EagerLinkingTBDs/Debug-iphonesimulator -L/Users/senaca/Library/Developer/Xcode/DerivedData/AudiobookPlayer-aqutoaiklelvyvayxmjgbonardxy/Build/Products/Debug-iphonesimulator -L/Applications/Xcode.app/Contents/Developer/Platforms/iPhoneSimulator.platform/Developer/usr/lib -F/Users/senaca/Library/Developer/Xcode/DerivedData/AudiobookPlayer-aqutoaiklelvyvayxmjgbonardxy/Build/Intermediates.noindex/EagerLinkingTBDs/Debug-iphonesimulator -F/Users/senaca/Library/Developer/Xcode/DerivedData/AudiobookPlayer-aqutoaiklelvyvayxmjgbonardxy/Build/Products/Debug-iphonesimulator -iframework /Applications/Xcode.app/Contents/Developer/Platforms/iPhoneSimulator.platform/Developer/Library/Frameworks -iframework /Applications/Xcode.app/Contents/Developer/Platforms/iPhoneSimulator.platform/Developer/SDKs/iPhoneSimulator26.0.sdk/Developer/Library/Frameworks -filelist /Users/senaca/Library/Developer/Xcode/DerivedData/AudiobookPlayer-aqutoaiklelvyvayxmjgbonardxy/Build/Intermediates.noindex/GRDB.build/Debug-iphonesimulator/GRDB.build/Objects-normal/arm64/GRDB.LinkFileList -nostdlib -Xlinker -object_path_lto -Xlinker /Users/senaca/Library/Developer/Xcode/DerivedData/AudiobookPlayer-aqutoaiklelvyvayxmjgbonardxy/Build/Intermediates.noindex/GRDB.build/Debug-iphonesimulator/GRDB.build/Objects-normal/arm64/GRDB_lto.o -rdynamic -Xlinker -no_deduplicate -Xlinker -objc_abi_version -Xlinker 2 -Xlinker -dependency_info -Xlinker /Users/senaca/Library/Developer/Xcode/DerivedData/AudiobookPlayer-aqutoaiklelvyvayxmjgbonardxy/Build/Intermediates.noindex/GRDB.build/Debug-iphonesimulator/GRDB.build/Objects-normal/arm64/GRDB_dependency_info.dat -fobjc-link-runtime -L/Applications/Xcode.app/Contents/Developer/Toolchains/XcodeDefault.xctoolchain/usr/lib/swift/iphonesimulator -L/usr/lib/swift -Xlinker -add_ast_path -Xlinker /Users/senaca/Library/Developer/Xcode/DerivedData/AudiobookPlayer-aqutoaiklelvyvayxmjgbonardxy/Build/Intermediates.noindex/GRDB.build/Debug-iphonesimulator/GRDB.build/Objects-normal/arm64/GRDB.swiftmodule @/Users/senaca/Library/Developer/Xcode/DerivedData/AudiobookPlayer-aqutoaiklelvyvayxmjgbonardxy/Build/Intermediates.noindex/GRDB.build/Debug-iphonesimulator/GRDB.build/Objects-normal/arm64/GRDB-linker-args.resp -o /Users/senaca/Library/Developer/Xcode/DerivedData/AudiobookPlayer-aqutoaiklelvyvayxmjgbonardxy/Build/Products/Debug-iphonesimulator/GRDB.o

SwiftDriverJobDiscovery normal arm64 Compiling AIGatewayKeychainStore.swift, SonioxAPI.swift, TranscriptionSheet.swift, TranscriptModels.swift, AIJobsListView.swift, AIModelsListView.swift, FloatingPlaybackBubbleView.swift, PlaybackSpeedControl.swift, BatchRenameView.swift, GRDBDatabaseManager.swift, AIGatewayModels.swift (in target 'AudiobookPlayer' from project 'AudiobookPlayer')

SwiftDriverJobDiscovery normal arm64 Compiling LibraryView.swift, CreateCollectionView.swift, SonioxKeychainStore.swift, SonioxKeyViewModel.swift, CollectionBuilderViewModel.swift, TranscriptCorrectionsView.swift, UserDataBackupManager.swift, AITabView.swift, BaiduNetdiskBrowserViewModel.swift, AudiobookPlayerApp.swift, SourcesView.swift (in target 'AudiobookPlayer' from project 'AudiobookPlayer')

SwiftDriverJobDiscovery normal arm64 Compiling SmartView.swift, TranscriptViewerSheet.swift, TranscriptionRetryManager.swift, TranscriptionJobManager.swift, TranscriptViewModel.swift, BaiduTokenStore.swift, BaiduOAuth.swift, AIGatewayReasoning.swift, LibraryModels.swift, BaiduAuthViewModel.swift (in target 'AudiobookPlayer' from project 'AudiobookPlayer')

SwiftDriverJobDiscovery normal arm64 Compiling AIGenerationJobManager.swift, AIGenerationJobExecutor.swift, ListeningHistory.swift, AIGenerationManager.swift, AIGenerationJobDetailView.swift, AITranscriptRepair.swift, TrackSummaryStore.swift, TrackSummaryViewModel.swift, TrackSummaryCard.swift, TrackSummaryGenerator.swift, TrackSummaryDatabaseSchema.swift (in target 'AudiobookPlayer' from project 'AudiobookPlayer')

SwiftDriverJobDiscovery normal arm64 Compiling DatabaseConfig.swift, TranscriptSegmentManager.swift, TranscriptCorrectionStore.swift, TranscriptCorrectionViewModel.swift, ProviderIconView.swift, Color+Hex.swift, AIGatewayClient.swift, BackgroundTranscriptionManager.swift, TranscriptionDatabaseSchema.swift, AIGenerationDatabaseSchema.swift, AIGenerationJob.swift (in target 'AudiobookPlayer' from project 'AudiobookPlayer')

SwiftDriverJobDiscovery normal arm64 Compiling TTSJobsListView.swift, TTSTabView.swift, TemporaryPlaybackContext.swift, AudioPlayerViewModel.swift, AudioCacheManager.swift, CachedAudioAsset.swift, CloudKitLibrarySync.swift, ListeningStatistic.swift, ListeningStatisticsView.swift, GeneratedAssetSymbols.swift (in target 'AudiobookPlayer' from project 'AudiobookPlayer')

ExtractAppIntentsMetadata (in target 'GRDB' from project 'GRDB')
    cd /Users/senaca/Library/Developer/Xcode/DerivedData/AudiobookPlayer-aqutoaiklelvyvayxmjgbonardxy/SourcePackages/checkouts/GRDB.swift
    /Applications/Xcode.app/Contents/Developer/Toolchains/XcodeDefault.xctoolchain/usr/bin/appintentsmetadataprocessor --toolchain-dir /Applications/Xcode.app/Contents/Developer/Toolchains/XcodeDefault.xctoolchain --module-name GRDB --sdk-root /Applications/Xcode.app/Contents/Developer/Platforms/iPhoneSimulator.platform/Developer/SDKs/iPhoneSimulator26.0.sdk --xcode-version 17A400 --platform-family iOS --deployment-target 13.0 --bundle-identifier grdb.swift.GRDB --output /Users/senaca/Library/Developer/Xcode/DerivedData/AudiobookPlayer-aqutoaiklelvyvayxmjgbonardxy/Build/Products/Debug-iphonesimulator/GRDB.appintents --target-triple arm64-apple-ios13.0-simulator --binary-file /Users/senaca/Library/Developer/Xcode/DerivedData/AudiobookPlayer-aqutoaiklelvyvayxmjgbonardxy/Build/Products/Debug-iphonesimulator/GRDB.o --dependency-file /Users/senaca/Library/Developer/Xcode/DerivedData/AudiobookPlayer-aqutoaiklelvyvayxmjgbonardxy/Build/Intermediates.noindex/GRDB.build/Debug-iphonesimulator/GRDB.build/Objects-normal/arm64/GRDB_dependency_info.dat --stringsdata-file /Users/senaca/Library/Developer/Xcode/DerivedData/AudiobookPlayer-aqutoaiklelvyvayxmjgbonardxy/Build/Intermediates.noindex/GRDB.build/Debug-iphonesimulator/GRDB.build/Objects-normal/arm64/ExtractedAppShortcutsMetadata.stringsdata --source-file-list /Users/senaca/Library/Developer/Xcode/DerivedData/AudiobookPlayer-aqutoaiklelvyvayxmjgbonardxy/Build/Intermediates.noindex/GRDB.build/Debug-iphonesimulator/GRDB.build/Objects-normal/arm64/GRDB.SwiftFileList --metadata-file-list /Users/senaca/Library/Developer/Xcode/DerivedData/AudiobookPlayer-aqutoaiklelvyvayxmjgbonardxy/Build/Intermediates.noindex/GRDB.build/Debug-iphonesimulator/GRDB.build/GRDB.DependencyMetadataFileList --static-metadata-file-list /Users/senaca/Library/Developer/Xcode/DerivedData/AudiobookPlayer-aqutoaiklelvyvayxmjgbonardxy/Build/Intermediates.noindex/GRDB.build/Debug-iphonesimulator/GRDB.build/GRDB.DependencyStaticMetadataFileList --swift-const-vals-list /Users/senaca/Library/Developer/Xcode/DerivedData/AudiobookPlayer-aqutoaiklelvyvayxmjgbonardxy/Build/Intermediates.noindex/GRDB.build/Debug-iphonesimulator/GRDB.build/Objects-normal/arm64/GRDB.SwiftConstValuesFileList --force --compile-time-extraction --deployment-aware-processing --validate-assistant-intents --no-app-shortcuts-localization
2025-11-27 00:36:19.478 appintentsmetadataprocessor[51059:8478504] Starting appintentsmetadataprocessor export
2025-11-27 00:36:19.625 appintentsmetadataprocessor[51059:8478504] Extracted no relevant App Intents symbols, skipping writing output

RegisterExecutionPolicyException /Users/senaca/Library/Developer/Xcode/DerivedData/AudiobookPlayer-aqutoaiklelvyvayxmjgbonardxy/Build/Products/Debug-iphonesimulator/GRDB.o (in target 'GRDB' from project 'GRDB')
    cd /Users/senaca/Library/Developer/Xcode/DerivedData/AudiobookPlayer-aqutoaiklelvyvayxmjgbonardxy/SourcePackages/checkouts/GRDB.swift
    builtin-RegisterExecutionPolicyException /Users/senaca/Library/Developer/Xcode/DerivedData/AudiobookPlayer-aqutoaiklelvyvayxmjgbonardxy/Build/Products/Debug-iphonesimulator/GRDB.o

ValidateDevelopmentAssets /Users/senaca/Library/Developer/Xcode/DerivedData/AudiobookPlayer-aqutoaiklelvyvayxmjgbonardxy/Build/Intermediates.noindex/AudiobookPlayer.build/Debug-iphonesimulator/AudiobookPlayer.build (in target 'AudiobookPlayer' from project 'AudiobookPlayer')
    cd /Users/senaca/projects/audiobook-player
    builtin-validate-development-assets --validate YES_ERROR /Users/senaca/projects/audiobook-player/AudiobookPlayer/Preview\ Content

CpResource /Users/senaca/Library/Developer/Xcode/DerivedData/AudiobookPlayer-aqutoaiklelvyvayxmjgbonardxy/Build/Products/Debug-iphonesimulator/HappyBear.app/test-1min.mp3 /Users/senaca/projects/audiobook-player/AudiobookPlayer/test-1min.mp3 (in target 'AudiobookPlayer' from project 'AudiobookPlayer')
    cd /Users/senaca/projects/audiobook-player
    builtin-copy -exclude .DS_Store -exclude CVS -exclude .svn -exclude .git -exclude .hg -resolve-src-symlinks /Users/senaca/projects/audiobook-player/AudiobookPlayer/test-1min.mp3 /Users/senaca/Library/Developer/Xcode/DerivedData/AudiobookPlayer-aqutoaiklelvyvayxmjgbonardxy/Build/Products/Debug-iphonesimulator/HappyBear.app

Ld /Users/senaca/Library/Developer/Xcode/DerivedData/AudiobookPlayer-aqutoaiklelvyvayxmjgbonardxy/Build/Products/Debug-iphonesimulator/HappyBear.app/__preview.dylib normal (in target 'AudiobookPlayer' from project 'AudiobookPlayer')
    cd /Users/senaca/projects/audiobook-player
    /Applications/Xcode.app/Contents/Developer/Toolchains/XcodeDefault.xctoolchain/usr/bin/clang -Xlinker -reproducible -target arm64-apple-ios17.6-simulator -dynamiclib -isysroot /Applications/Xcode.app/Contents/Developer/Platforms/iPhoneSimulator.platform/Developer/SDKs/iPhoneSimulator26.0.sdk -O0 -L/Users/senaca/Library/Developer/Xcode/DerivedData/AudiobookPlayer-aqutoaiklelvyvayxmjgbonardxy/Build/Products/Debug-iphonesimulator -F/Users/senaca/Library/Developer/Xcode/DerivedData/AudiobookPlayer-aqutoaiklelvyvayxmjgbonardxy/Build/Products/Debug-iphonesimulator/PackageFrameworks -F/Users/senaca/Library/Developer/Xcode/DerivedData/AudiobookPlayer-aqutoaiklelvyvayxmjgbonardxy/Build/Products/Debug-iphonesimulator/PackageFrameworks -F/Users/senaca/Library/Developer/Xcode/DerivedData/AudiobookPlayer-aqutoaiklelvyvayxmjgbonardxy/Build/Products/Debug-iphonesimulator -install_name @rpath/HappyBear.debug.dylib -dead_strip -rdynamic -Xlinker -no_deduplicate -Xlinker -objc_abi_version -Xlinker 2 -Xlinker -dependency_info -Xlinker /Users/senaca/Library/Developer/Xcode/DerivedData/AudiobookPlayer-aqutoaiklelvyvayxmjgbonardxy/Build/Intermediates.noindex/AudiobookPlayer.build/Debug-iphonesimulator/AudiobookPlayer.build/Objects-normal/arm64/HappyBear_dependency_info.dat -Xlinker -sectcreate -Xlinker __TEXT -Xlinker __entitlements -Xlinker /Users/senaca/Library/Developer/Xcode/DerivedData/AudiobookPlayer-aqutoaiklelvyvayxmjgbonardxy/Build/Intermediates.noindex/AudiobookPlayer.build/Debug-iphonesimulator/AudiobookPlayer.build/HappyBear.app-Simulated.xcent -Xlinker -sectcreate -Xlinker __TEXT -Xlinker __ents_der -Xlinker /Users/senaca/Library/Developer/Xcode/DerivedData/AudiobookPlayer-aqutoaiklelvyvayxmjgbonardxy/Build/Intermediates.noindex/AudiobookPlayer.build/Debug-iphonesimulator/AudiobookPlayer.build/HappyBear.app-Simulated.xcent.der -Xlinker -no_adhoc_codesign -o /Users/senaca/Library/Developer/Xcode/DerivedData/AudiobookPlayer-aqutoaiklelvyvayxmjgbonardxy/Build/Products/Debug-iphonesimulator/HappyBear.app/__preview.dylib

CopyStringsFile /Users/senaca/Library/Developer/Xcode/DerivedData/AudiobookPlayer-aqutoaiklelvyvayxmjgbonardxy/Build/Products/Debug-iphonesimulator/HappyBear.app/en.lproj/InfoPlist.strings /Users/senaca/projects/audiobook-player/AudiobookPlayer/en.lproj/InfoPlist.strings (in target 'AudiobookPlayer' from project 'AudiobookPlayer')
    cd /Users/senaca/projects/audiobook-player
    builtin-copyStrings --validate --outputencoding binary --outfilename InfoPlist.strings --outdir /Users/senaca/Library/Developer/Xcode/DerivedData/AudiobookPlayer-aqutoaiklelvyvayxmjgbonardxy/Build/Products/Debug-iphonesimulator/HappyBear.app/en.lproj -- /Users/senaca/projects/audiobook-player/AudiobookPlayer/en.lproj/InfoPlist.strings
/Users/senaca/projects/audiobook-player/AudiobookPlayer/en.lproj/InfoPlist.strings:1:1: note: detected encoding of input file as Unicode (UTF-8) (in target 'AudiobookPlayer' from project 'AudiobookPlayer')

Copy /Users/senaca/Library/Developer/Xcode/DerivedData/AudiobookPlayer-aqutoaiklelvyvayxmjgbonardxy/Build/Products/Debug-iphonesimulator/HappyBear.app/ZIPFoundation_ZIPFoundation.bundle /Users/senaca/Library/Developer/Xcode/DerivedData/AudiobookPlayer-aqutoaiklelvyvayxmjgbonardxy/Build/Products/Debug-iphonesimulator/ZIPFoundation_ZIPFoundation.bundle (in target 'AudiobookPlayer' from project 'AudiobookPlayer')
    cd /Users/senaca/projects/audiobook-player
    builtin-copy -exclude .DS_Store -exclude CVS -exclude .svn -exclude .git -exclude .hg -resolve-src-symlinks /Users/senaca/Library/Developer/Xcode/DerivedData/AudiobookPlayer-aqutoaiklelvyvayxmjgbonardxy/Build/Products/Debug-iphonesimulator/ZIPFoundation_ZIPFoundation.bundle /Users/senaca/Library/Developer/Xcode/DerivedData/AudiobookPlayer-aqutoaiklelvyvayxmjgbonardxy/Build/Products/Debug-iphonesimulator/HappyBear.app

CopyStringsFile /Users/senaca/Library/Developer/Xcode/DerivedData/AudiobookPlayer-aqutoaiklelvyvayxmjgbonardxy/Build/Products/Debug-iphonesimulator/HappyBear.app/zh-Hans.lproj/InfoPlist.strings /Users/senaca/projects/audiobook-player/AudiobookPlayer/zh-Hans.lproj/InfoPlist.strings (in target 'AudiobookPlayer' from project 'AudiobookPlayer')
    cd /Users/senaca/projects/audiobook-player
    builtin-copyStrings --validate --outputencoding binary --outfilename InfoPlist.strings --outdir /Users/senaca/Library/Developer/Xcode/DerivedData/AudiobookPlayer-aqutoaiklelvyvayxmjgbonardxy/Build/Products/Debug-iphonesimulator/HappyBear.app/zh-Hans.lproj -- /Users/senaca/projects/audiobook-player/AudiobookPlayer/zh-Hans.lproj/InfoPlist.strings
/Users/senaca/projects/audiobook-player/AudiobookPlayer/zh-Hans.lproj/InfoPlist.strings:1:1: note: detected encoding of input file as Unicode (UTF-8) (in target 'AudiobookPlayer' from project 'AudiobookPlayer')

Copy /Users/senaca/Library/Developer/Xcode/DerivedData/AudiobookPlayer-aqutoaiklelvyvayxmjgbonardxy/Build/Products/Debug-iphonesimulator/HappyBear.app/GRDB_GRDB.bundle /Users/senaca/Library/Developer/Xcode/DerivedData/AudiobookPlayer-aqutoaiklelvyvayxmjgbonardxy/Build/Products/Debug-iphonesimulator/GRDB_GRDB.bundle (in target 'AudiobookPlayer' from project 'AudiobookPlayer')
    cd /Users/senaca/projects/audiobook-player
    builtin-copy -exclude .DS_Store -exclude CVS -exclude .svn -exclude .git -exclude .hg -resolve-src-symlinks /Users/senaca/Library/Developer/Xcode/DerivedData/AudiobookPlayer-aqutoaiklelvyvayxmjgbonardxy/Build/Products/Debug-iphonesimulator/GRDB_GRDB.bundle /Users/senaca/Library/Developer/Xcode/DerivedData/AudiobookPlayer-aqutoaiklelvyvayxmjgbonardxy/Build/Products/Debug-iphonesimulator/HappyBear.app

CompileXCStrings /Users/senaca/Library/Developer/Xcode/DerivedData/AudiobookPlayer-aqutoaiklelvyvayxmjgbonardxy/Build/Intermediates.noindex/AudiobookPlayer.build/Debug-iphonesimulator/AudiobookPlayer.build/ /Users/senaca/projects/audiobook-player/AudiobookPlayer/Localizable.xcstrings (in target 'AudiobookPlayer' from project 'AudiobookPlayer')
    cd /Users/senaca/projects/audiobook-player
    /Applications/Xcode.app/Contents/Developer/usr/bin/xcstringstool compile --output-directory /Users/senaca/Library/Developer/Xcode/DerivedData/AudiobookPlayer-aqutoaiklelvyvayxmjgbonardxy/Build/Intermediates.noindex/AudiobookPlayer.build/Debug-iphonesimulator/AudiobookPlayer.build /Users/senaca/projects/audiobook-player/AudiobookPlayer/Localizable.xcstrings

ProcessInfoPlistFile /Users/senaca/Library/Developer/Xcode/DerivedData/AudiobookPlayer-aqutoaiklelvyvayxmjgbonardxy/Build/Products/Debug-iphonesimulator/HappyBear.app/Info.plist /Users/senaca/projects/audiobook-player/AudiobookPlayer/Info.plist (in target 'AudiobookPlayer' from project 'AudiobookPlayer')
    cd /Users/senaca/projects/audiobook-player
    builtin-infoPlistUtility /Users/senaca/projects/audiobook-player/AudiobookPlayer/Info.plist -producttype com.apple.product-type.application -genpkginfo /Users/senaca/Library/Developer/Xcode/DerivedData/AudiobookPlayer-aqutoaiklelvyvayxmjgbonardxy/Build/Products/Debug-iphonesimulator/HappyBear.app/PkgInfo -expandbuildsettings -format binary -platform iphonesimulator -additionalcontentfile /Users/senaca/Library/Developer/Xcode/DerivedData/AudiobookPlayer-aqutoaiklelvyvayxmjgbonardxy/Build/Intermediates.noindex/AudiobookPlayer.build/Debug-iphonesimulator/AudiobookPlayer.build/assetcatalog_generated_info.plist -scanforprivacyfile /Users/senaca/Library/Developer/Xcode/DerivedData/AudiobookPlayer-aqutoaiklelvyvayxmjgbonardxy/Build/Products/Debug-iphonesimulator/HappyBear.app/GRDB_GRDB.bundle -scanforprivacyfile /Users/senaca/Library/Developer/Xcode/DerivedData/AudiobookPlayer-aqutoaiklelvyvayxmjgbonardxy/Build/Products/Debug-iphonesimulator/HappyBear.app/ZIPFoundation_ZIPFoundation.bundle -o /Users/senaca/Library/Developer/Xcode/DerivedData/AudiobookPlayer-aqutoaiklelvyvayxmjgbonardxy/Build/Products/Debug-iphonesimulator/HappyBear.app/Info.plist

CopyStringsFile /Users/senaca/Library/Developer/Xcode/DerivedData/AudiobookPlayer-aqutoaiklelvyvayxmjgbonardxy/Build/Products/Debug-iphonesimulator/HappyBear.app/en.lproj/Localizable.strings /Users/senaca/Library/Developer/Xcode/DerivedData/AudiobookPlayer-aqutoaiklelvyvayxmjgbonardxy/Build/Intermediates.noindex/AudiobookPlayer.build/Debug-iphonesimulator/AudiobookPlayer.build/en.lproj/Localizable.strings (in target 'AudiobookPlayer' from project 'AudiobookPlayer')
    cd /Users/senaca/projects/audiobook-player
    builtin-copyStrings --validate --outputencoding binary --outfilename Localizable.strings --outdir /Users/senaca/Library/Developer/Xcode/DerivedData/AudiobookPlayer-aqutoaiklelvyvayxmjgbonardxy/Build/Products/Debug-iphonesimulator/HappyBear.app/en.lproj -- /Users/senaca/Library/Developer/Xcode/DerivedData/AudiobookPlayer-aqutoaiklelvyvayxmjgbonardxy/Build/Intermediates.noindex/AudiobookPlayer.build/Debug-iphonesimulator/AudiobookPlayer.build/en.lproj/Localizable.strings
/Users/senaca/Library/Developer/Xcode/DerivedData/AudiobookPlayer-aqutoaiklelvyvayxmjgbonardxy/Build/Intermediates.noindex/AudiobookPlayer.build/Debug-iphonesimulator/AudiobookPlayer.build/en.lproj/Localizable.strings:1:1: note: detected encoding of input file as Unicode (UTF-8) (in target 'AudiobookPlayer' from project 'AudiobookPlayer')

CopyStringsFile /Users/senaca/Library/Developer/Xcode/DerivedData/AudiobookPlayer-aqutoaiklelvyvayxmjgbonardxy/Build/Products/Debug-iphonesimulator/HappyBear.app/zh-Hans.lproj/Localizable.strings /Users/senaca/Library/Developer/Xcode/DerivedData/AudiobookPlayer-aqutoaiklelvyvayxmjgbonardxy/Build/Intermediates.noindex/AudiobookPlayer.build/Debug-iphonesimulator/AudiobookPlayer.build/zh-Hans.lproj/Localizable.strings (in target 'AudiobookPlayer' from project 'AudiobookPlayer')
    cd /Users/senaca/projects/audiobook-player
    builtin-copyStrings --validate --outputencoding binary --outfilename Localizable.strings --outdir /Users/senaca/Library/Developer/Xcode/DerivedData/AudiobookPlayer-aqutoaiklelvyvayxmjgbonardxy/Build/Products/Debug-iphonesimulator/HappyBear.app/zh-Hans.lproj -- /Users/senaca/Library/Developer/Xcode/DerivedData/AudiobookPlayer-aqutoaiklelvyvayxmjgbonardxy/Build/Intermediates.noindex/AudiobookPlayer.build/Debug-iphonesimulator/AudiobookPlayer.build/zh-Hans.lproj/Localizable.strings
/Users/senaca/Library/Developer/Xcode/DerivedData/AudiobookPlayer-aqutoaiklelvyvayxmjgbonardxy/Build/Intermediates.noindex/AudiobookPlayer.build/Debug-iphonesimulator/AudiobookPlayer.build/zh-Hans.lproj/Localizable.strings:1:1: note: detected encoding of input file as Unicode (UTF-8) (in target 'AudiobookPlayer' from project 'AudiobookPlayer')

SwiftDriverJobDiscovery normal arm64 Compiling DatabaseSchema.swift, TranscriptCorrectionsCard.swift, TranscriptionManager.swift, PreviewData.swift, AIGatewayViewModel.swift, LibraryStore.swift, BaiduNetdiskClient.swift, ContentView.swift, TranscriptionProgressOverlay.swift, PersonalView.swift (in target 'AudiobookPlayer' from project 'AudiobookPlayer')

SwiftDriverJobDiscovery normal arm64 Compiling BaiduNetdiskBrowserView.swift, CacheProgressTracker.swift, AudioCacheDownloadManager.swift, TrackPickerView.swift, SettingsTabView.swift, FloatingPlaybackBubbleViewModel.swift, DownloadButton.swift, CacheManagementView.swift, CollectionDetailView.swift, FavoriteToggleButton.swift, FavoriteTracksView.swift (in target 'AudiobookPlayer' from project 'AudiobookPlayer')

SwiftDriver\ Compilation AudiobookPlayer normal arm64 com.apple.xcode.tools.swift.compiler (in target 'AudiobookPlayer' from project 'AudiobookPlayer')
    cd /Users/senaca/projects/audiobook-player
    builtin-Swift-Compilation -- /Applications/Xcode.app/Contents/Developer/Toolchains/XcodeDefault.xctoolchain/usr/bin/swiftc -module-name HappyBear -Onone -enforce-exclusivity\=checked @/Users/senaca/Library/Developer/Xcode/DerivedData/AudiobookPlayer-aqutoaiklelvyvayxmjgbonardxy/Build/Intermediates.noindex/AudiobookPlayer.build/Debug-iphonesimulator/AudiobookPlayer.build/Objects-normal/arm64/HappyBear.SwiftFileList -DDEBUG -Xcc -fmodule-map-file\=/Users/senaca/Library/Developer/Xcode/DerivedData/AudiobookPlayer-aqutoaiklelvyvayxmjgbonardxy/SourcePackages/checkouts/GRDB.swift/Sources/GRDBSQLite/module.modulemap -enable-bare-slash-regex -enable-experimental-feature DebugDescriptionMacro -sdk /Applications/Xcode.app/Contents/Developer/Platforms/iPhoneSimulator.platform/Developer/SDKs/iPhoneSimulator26.0.sdk -target arm64-apple-ios17.6-simulator -g -module-cache-path /Users/senaca/Library/Developer/Xcode/DerivedData/ModuleCache.noindex -Xfrontend -serialize-debugging-options -enable-testing -index-store-path /Users/senaca/Library/Developer/Xcode/DerivedData/AudiobookPlayer-aqutoaiklelvyvayxmjgbonardxy/Index.noindex/DataStore -Xcc -D_LIBCPP_HARDENING_MODE\=_LIBCPP_HARDENING_MODE_DEBUG -swift-version 5 -I /Users/senaca/Library/Developer/Xcode/DerivedData/AudiobookPlayer-aqutoaiklelvyvayxmjgbonardxy/Build/Products/Debug-iphonesimulator -F /Users/senaca/Library/Developer/Xcode/DerivedData/AudiobookPlayer-aqutoaiklelvyvayxmjgbonardxy/Build/Products/Debug-iphonesimulator/PackageFrameworks -F /Users/senaca/Library/Developer/Xcode/DerivedData/AudiobookPlayer-aqutoaiklelvyvayxmjgbonardxy/Build/Products/Debug-iphonesimulator/PackageFrameworks -F /Users/senaca/Library/Developer/Xcode/DerivedData/AudiobookPlayer-aqutoaiklelvyvayxmjgbonardxy/Build/Products/Debug-iphonesimulator -emit-localized-strings -emit-localized-strings-path /Users/senaca/Library/Developer/Xcode/DerivedData/AudiobookPlayer-aqutoaiklelvyvayxmjgbonardxy/Build/Intermediates.noindex/AudiobookPlayer.build/Debug-iphonesimulator/AudiobookPlayer.build/Objects-normal/arm64 -c -j8 -enable-batch-mode -incremental -Xcc -ivfsstatcache -Xcc /Users/senaca/Library/Developer/Xcode/DerivedData/SDKStatCaches.noindex/iphonesimulator26.0-23A339-26257891a6c027eb51374368541b8346.sdkstatcache -output-file-map /Users/senaca/Library/Developer/Xcode/DerivedData/AudiobookPlayer-aqutoaiklelvyvayxmjgbonardxy/Build/Intermediates.noindex/AudiobookPlayer.build/Debug-iphonesimulator/AudiobookPlayer.build/Objects-normal/arm64/AudiobookPlayer-OutputFileMap.json -use-frontend-parseable-output -save-temps -no-color-diagnostics -explicit-module-build -module-cache-path /Users/senaca/Library/Developer/Xcode/DerivedData/AudiobookPlayer-aqutoaiklelvyvayxmjgbonardxy/Build/Intermediates.noindex/SwiftExplicitPrecompiledModules -clang-scanner-module-cache-path /Users/senaca/Library/Developer/Xcode/DerivedData/ModuleCache.noindex -sdk-module-cache-path /Users/senaca/Library/Developer/Xcode/DerivedData/ModuleCache.noindex -serialize-diagnostics -emit-dependencies -emit-module -emit-module-path /Users/senaca/Library/Developer/Xcode/DerivedData/AudiobookPlayer-aqutoaiklelvyvayxmjgbonardxy/Build/Intermediates.noindex/AudiobookPlayer.build/Debug-iphonesimulator/AudiobookPlayer.build/Objects-normal/arm64/HappyBear.swiftmodule -validate-clang-modules-once -clang-build-session-file /Users/senaca/Library/Developer/Xcode/DerivedData/ModuleCache.noindex/Session.modulevalidation -Xcc -I/Users/senaca/Library/Developer/Xcode/DerivedData/AudiobookPlayer-aqutoaiklelvyvayxmjgbonardxy/Build/Intermediates.noindex/AudiobookPlayer.build/Debug-iphonesimulator/AudiobookPlayer.build/swift-overrides.hmap -emit-const-values -Xfrontend -const-gather-protocols-file -Xfrontend /Users/senaca/Library/Developer/Xcode/DerivedData/AudiobookPlayer-aqutoaiklelvyvayxmjgbonardxy/Build/Intermediates.noindex/AudiobookPlayer.build/Debug-iphonesimulator/AudiobookPlayer.build/Objects-normal/arm64/AudiobookPlayer_const_extract_protocols.json -Xcc -iquote -Xcc /Users/senaca/Library/Developer/Xcode/DerivedData/AudiobookPlayer-aqutoaiklelvyvayxmjgbonardxy/Build/Intermediates.noindex/AudiobookPlayer.build/Debug-iphonesimulator/AudiobookPlayer.build/HappyBear-generated-files.hmap -Xcc -I/Users/senaca/Library/Developer/Xcode/DerivedData/AudiobookPlayer-aqutoaiklelvyvayxmjgbonardxy/Build/Intermediates.noindex/AudiobookPlayer.build/Debug-iphonesimulator/AudiobookPlayer.build/HappyBear-own-target-headers.hmap -Xcc -I/Users/senaca/Library/Developer/Xcode/DerivedData/AudiobookPlayer-aqutoaiklelvyvayxmjgbonardxy/Build/Intermediates.noindex/AudiobookPlayer.build/Debug-iphonesimulator/AudiobookPlayer.build/HappyBear-all-non-framework-target-headers.hmap -Xcc -ivfsoverlay -Xcc /Users/senaca/Library/Developer/Xcode/DerivedData/AudiobookPlayer-aqutoaiklelvyvayxmjgbonardxy/Build/Intermediates.noindex/AudiobookPlayer.build/Debug-iphonesimulator/AudiobookPlayer-3becd422f5afba93f909cc0a8699f441-VFS-iphonesimulator/all-product-headers.yaml -Xcc -iquote -Xcc /Users/senaca/Library/Developer/Xcode/DerivedData/AudiobookPlayer-aqutoaiklelvyvayxmjgbonardxy/Build/Intermediates.noindex/AudiobookPlayer.build/Debug-iphonesimulator/AudiobookPlayer.build/HappyBear-project-headers.hmap -Xcc -I/Users/senaca/Library/Developer/Xcode/DerivedData/AudiobookPlayer-aqutoaiklelvyvayxmjgbonardxy/Build/Products/Debug-iphonesimulator/include -Xcc -I/Users/senaca/Library/Developer/Xcode/DerivedData/AudiobookPlayer-aqutoaiklelvyvayxmjgbonardxy/Build/Intermediates.noindex/AudiobookPlayer.build/Debug-iphonesimulator/AudiobookPlayer.build/DerivedSources-normal/arm64 -Xcc -I/Users/senaca/Library/Developer/Xcode/DerivedData/AudiobookPlayer-aqutoaiklelvyvayxmjgbonardxy/Build/Intermediates.noindex/AudiobookPlayer.build/Debug-iphonesimulator/AudiobookPlayer.build/DerivedSources/arm64 -Xcc -I/Users/senaca/Library/Developer/Xcode/DerivedData/AudiobookPlayer-aqutoaiklelvyvayxmjgbonardxy/Build/Intermediates.noindex/AudiobookPlayer.build/Debug-iphonesimulator/AudiobookPlayer.build/DerivedSources -Xcc -DDEBUG\=1 -emit-objc-header -emit-objc-header-path /Users/senaca/Library/Developer/Xcode/DerivedData/AudiobookPlayer-aqutoaiklelvyvayxmjgbonardxy/Build/Intermediates.noindex/AudiobookPlayer.build/Debug-iphonesimulator/AudiobookPlayer.build/Objects-normal/arm64/HappyBear-Swift.h -working-directory /Users/senaca/projects/audiobook-player -experimental-emit-module-separately -disable-cmo

Ld /Users/senaca/Library/Developer/Xcode/DerivedData/AudiobookPlayer-aqutoaiklelvyvayxmjgbonardxy/Build/Products/Debug-iphonesimulator/HappyBear.app/HappyBear.debug.dylib normal (in target 'AudiobookPlayer' from project 'AudiobookPlayer')
    cd /Users/senaca/projects/audiobook-player
    /Applications/Xcode.app/Contents/Developer/Toolchains/XcodeDefault.xctoolchain/usr/bin/clang -Xlinker -reproducible -target arm64-apple-ios17.6-simulator -dynamiclib -isysroot /Applications/Xcode.app/Contents/Developer/Platforms/iPhoneSimulator.platform/Developer/SDKs/iPhoneSimulator26.0.sdk -O0 -L/Users/senaca/Library/Developer/Xcode/DerivedData/AudiobookPlayer-aqutoaiklelvyvayxmjgbonardxy/Build/Intermediates.noindex/EagerLinkingTBDs/Debug-iphonesimulator -L/Users/senaca/Library/Developer/Xcode/DerivedData/AudiobookPlayer-aqutoaiklelvyvayxmjgbonardxy/Build/Products/Debug-iphonesimulator -F/Users/senaca/Library/Developer/Xcode/DerivedData/AudiobookPlayer-aqutoaiklelvyvayxmjgbonardxy/Build/Intermediates.noindex/EagerLinkingTBDs/Debug-iphonesimulator -F/Users/senaca/Library/Developer/Xcode/DerivedData/AudiobookPlayer-aqutoaiklelvyvayxmjgbonardxy/Build/Products/Debug-iphonesimulator/PackageFrameworks -F/Users/senaca/Library/Developer/Xcode/DerivedData/AudiobookPlayer-aqutoaiklelvyvayxmjgbonardxy/Build/Products/Debug-iphonesimulator/PackageFrameworks -F/Users/senaca/Library/Developer/Xcode/DerivedData/AudiobookPlayer-aqutoaiklelvyvayxmjgbonardxy/Build/Products/Debug-iphonesimulator -filelist /Users/senaca/Library/Developer/Xcode/DerivedData/AudiobookPlayer-aqutoaiklelvyvayxmjgbonardxy/Build/Intermediates.noindex/AudiobookPlayer.build/Debug-iphonesimulator/AudiobookPlayer.build/Objects-normal/arm64/HappyBear.LinkFileList -install_name @rpath/HappyBear.debug.dylib -Xlinker -rpath -Xlinker /usr/lib/swift -Xlinker -rpath -Xlinker /Users/senaca/Library/Developer/Xcode/DerivedData/AudiobookPlayer-aqutoaiklelvyvayxmjgbonardxy/Build/Products/Debug-iphonesimulator/PackageFrameworks -Xlinker -rpath -Xlinker @executable_path/Frameworks -dead_strip -Xlinker -object_path_lto -Xlinker /Users/senaca/Library/Developer/Xcode/DerivedData/AudiobookPlayer-aqutoaiklelvyvayxmjgbonardxy/Build/Intermediates.noindex/AudiobookPlayer.build/Debug-iphonesimulator/AudiobookPlayer.build/Objects-normal/arm64/HappyBear_lto.o -rdynamic -Xlinker -no_deduplicate -Xlinker -objc_abi_version -Xlinker 2 -Xlinker -dependency_info -Xlinker /Users/senaca/Library/Developer/Xcode/DerivedData/AudiobookPlayer-aqutoaiklelvyvayxmjgbonardxy/Build/Intermediates.noindex/AudiobookPlayer.build/Debug-iphonesimulator/AudiobookPlayer.build/Objects-normal/arm64/HappyBear_dependency_info.dat -fobjc-link-runtime -L/Applications/Xcode.app/Contents/Developer/Toolchains/XcodeDefault.xctoolchain/usr/lib/swift/iphonesimulator -L/usr/lib/swift -Xlinker -add_ast_path -Xlinker /Users/senaca/Library/Developer/Xcode/DerivedData/AudiobookPlayer-aqutoaiklelvyvayxmjgbonardxy/Build/Intermediates.noindex/AudiobookPlayer.build/Debug-iphonesimulator/AudiobookPlayer.build/Objects-normal/arm64/HappyBear.swiftmodule @/Users/senaca/Library/Developer/Xcode/DerivedData/AudiobookPlayer-aqutoaiklelvyvayxmjgbonardxy/Build/Intermediates.noindex/AudiobookPlayer.build/Debug-iphonesimulator/AudiobookPlayer.build/Objects-normal/arm64/HappyBear-linker-args.resp -Wl,-no_warn_duplicate_libraries -Wl,-no_warn_duplicate_libraries -Xlinker -alias -Xlinker _main -Xlinker ___debug_main_executable_dylib_entry_point -framework AVFoundation -Xlinker -no_adhoc_codesign -o /Users/senaca/Library/Developer/Xcode/DerivedData/AudiobookPlayer-aqutoaiklelvyvayxmjgbonardxy/Build/Products/Debug-iphonesimulator/HappyBear.app/HappyBear.debug.dylib -Xlinker -add_ast_path -Xlinker /Users/senaca/Library/Developer/Xcode/DerivedData/AudiobookPlayer-aqutoaiklelvyvayxmjgbonardxy/Build/Intermediates.noindex/GRDB.build/Debug-iphonesimulator/GRDB.build/Objects-normal/arm64/GRDB.swiftmodule @/Users/senaca/Library/Developer/Xcode/DerivedData/AudiobookPlayer-aqutoaiklelvyvayxmjgbonardxy/Build/Intermediates.noindex/GRDB.build/Debug-iphonesimulator/GRDB.build/Objects-normal/arm64/GRDB-linker-args.resp -Xlinker -add_ast_path -Xlinker /Users/senaca/Library/Developer/Xcode/DerivedData/AudiobookPlayer-aqutoaiklelvyvayxmjgbonardxy/Build/Intermediates.noindex/ZIPFoundation.build/Debug-iphonesimulator/ZIPFoundation.build/Objects-normal/arm64/ZIPFoundation.swiftmodule @/Users/senaca/Library/Developer/Xcode/DerivedData/AudiobookPlayer-aqutoaiklelvyvayxmjgbonardxy/Build/Intermediates.noindex/ZIPFoundation.build/Debug-iphonesimulator/ZIPFoundation.build/Objects-normal/arm64/ZIPFoundation-linker-args.resp

ConstructStubExecutorLinkFileList /Users/senaca/Library/Developer/Xcode/DerivedData/AudiobookPlayer-aqutoaiklelvyvayxmjgbonardxy/Build/Intermediates.noindex/AudiobookPlayer.build/Debug-iphonesimulator/AudiobookPlayer.build/HappyBear-ExecutorLinkFileList-normal-arm64.txt (in target 'AudiobookPlayer' from project 'AudiobookPlayer')
    cd /Users/senaca/projects/audiobook-player
    construct-stub-executor-link-file-list /Users/senaca/Library/Developer/Xcode/DerivedData/AudiobookPlayer-aqutoaiklelvyvayxmjgbonardxy/Build/Products/Debug-iphonesimulator/HappyBear.app/HappyBear.debug.dylib /Applications/Xcode.app/Contents/Developer/Platforms/iPhoneSimulator.platform/Developer/usr/lib/libPreviewsJITStubExecutor_no_swift_entry_point.a /Applications/Xcode.app/Contents/Developer/Platforms/iPhoneSimulator.platform/Developer/usr/lib/libPreviewsJITStubExecutor.a --output /Users/senaca/Library/Developer/Xcode/DerivedData/AudiobookPlayer-aqutoaiklelvyvayxmjgbonardxy/Build/Intermediates.noindex/AudiobookPlayer.build/Debug-iphonesimulator/AudiobookPlayer.build/HappyBear-ExecutorLinkFileList-normal-arm64.txt
note: Using stub executor library with Swift entry point. (in target 'AudiobookPlayer' from project 'AudiobookPlayer')

Ld /Users/senaca/Library/Developer/Xcode/DerivedData/AudiobookPlayer-aqutoaiklelvyvayxmjgbonardxy/Build/Products/Debug-iphonesimulator/HappyBear.app/HappyBear normal (in target 'AudiobookPlayer' from project 'AudiobookPlayer')
    cd /Users/senaca/projects/audiobook-player
    /Applications/Xcode.app/Contents/Developer/Toolchains/XcodeDefault.xctoolchain/usr/bin/clang -Xlinker -reproducible -target arm64-apple-ios17.6-simulator -isysroot /Applications/Xcode.app/Contents/Developer/Platforms/iPhoneSimulator.platform/Developer/SDKs/iPhoneSimulator26.0.sdk -O0 -L/Users/senaca/Library/Developer/Xcode/DerivedData/AudiobookPlayer-aqutoaiklelvyvayxmjgbonardxy/Build/Products/Debug-iphonesimulator -F/Users/senaca/Library/Developer/Xcode/DerivedData/AudiobookPlayer-aqutoaiklelvyvayxmjgbonardxy/Build/Products/Debug-iphonesimulator/PackageFrameworks -F/Users/senaca/Library/Developer/Xcode/DerivedData/AudiobookPlayer-aqutoaiklelvyvayxmjgbonardxy/Build/Products/Debug-iphonesimulator/PackageFrameworks -F/Users/senaca/Library/Developer/Xcode/DerivedData/AudiobookPlayer-aqutoaiklelvyvayxmjgbonardxy/Build/Products/Debug-iphonesimulator -Xlinker -rpath -Xlinker @executable_path -Xlinker -rpath -Xlinker /Users/senaca/Library/Developer/Xcode/DerivedData/AudiobookPlayer-aqutoaiklelvyvayxmjgbonardxy/Build/Products/Debug-iphonesimulator/PackageFrameworks -Xlinker -rpath -Xlinker @executable_path/Frameworks -rdynamic -Xlinker -no_deduplicate -Xlinker -objc_abi_version -Xlinker 2 -e ___debug_blank_executor_main -Xlinker -sectcreate -Xlinker __TEXT -Xlinker __debug_dylib -Xlinker /Users/senaca/Library/Developer/Xcode/DerivedData/AudiobookPlayer-aqutoaiklelvyvayxmjgbonardxy/Build/Intermediates.noindex/AudiobookPlayer.build/Debug-iphonesimulator/AudiobookPlayer.build/HappyBear-DebugDylibPath-normal-arm64.txt -Xlinker -sectcreate -Xlinker __TEXT -Xlinker __debug_instlnm -Xlinker /Users/senaca/Library/Developer/Xcode/DerivedData/AudiobookPlayer-aqutoaiklelvyvayxmjgbonardxy/Build/Intermediates.noindex/AudiobookPlayer.build/Debug-iphonesimulator/AudiobookPlayer.build/HappyBear-DebugDylibInstallName-normal-arm64.txt -Xlinker -filelist -Xlinker /Users/senaca/Library/Developer/Xcode/DerivedData/AudiobookPlayer-aqutoaiklelvyvayxmjgbonardxy/Build/Intermediates.noindex/AudiobookPlayer.build/Debug-iphonesimulator/AudiobookPlayer.build/HappyBear-ExecutorLinkFileList-normal-arm64.txt -Xlinker -sectcreate -Xlinker __TEXT -Xlinker __entitlements -Xlinker /Users/senaca/Library/Developer/Xcode/DerivedData/AudiobookPlayer-aqutoaiklelvyvayxmjgbonardxy/Build/Intermediates.noindex/AudiobookPlayer.build/Debug-iphonesimulator/AudiobookPlayer.build/HappyBear.app-Simulated.xcent -Xlinker -sectcreate -Xlinker __TEXT -Xlinker __ents_der -Xlinker /Users/senaca/Library/Developer/Xcode/DerivedData/AudiobookPlayer-aqutoaiklelvyvayxmjgbonardxy/Build/Intermediates.noindex/AudiobookPlayer.build/Debug-iphonesimulator/AudiobookPlayer.build/HappyBear.app-Simulated.xcent.der /Users/senaca/Library/Developer/Xcode/DerivedData/AudiobookPlayer-aqutoaiklelvyvayxmjgbonardxy/Build/Products/Debug-iphonesimulator/HappyBear.app/HappyBear.debug.dylib -Xlinker -no_adhoc_codesign -o /Users/senaca/Library/Developer/Xcode/DerivedData/AudiobookPlayer-aqutoaiklelvyvayxmjgbonardxy/Build/Products/Debug-iphonesimulator/HappyBear.app/HappyBear

CopySwiftLibs /Users/senaca/Library/Developer/Xcode/DerivedData/AudiobookPlayer-aqutoaiklelvyvayxmjgbonardxy/Build/Products/Debug-iphonesimulator/HappyBear.app (in target 'AudiobookPlayer' from project 'AudiobookPlayer')
    cd /Users/senaca/projects/audiobook-player
    builtin-swiftStdLibTool --copy --verbose --sign - --scan-executable /Users/senaca/Library/Developer/Xcode/DerivedData/AudiobookPlayer-aqutoaiklelvyvayxmjgbonardxy/Build/Products/Debug-iphonesimulator/HappyBear.app/HappyBear.debug.dylib --scan-folder /Users/senaca/Library/Developer/Xcode/DerivedData/AudiobookPlayer-aqutoaiklelvyvayxmjgbonardxy/Build/Products/Debug-iphonesimulator/HappyBear.app/Frameworks --scan-folder /Users/senaca/Library/Developer/Xcode/DerivedData/AudiobookPlayer-aqutoaiklelvyvayxmjgbonardxy/Build/Products/Debug-iphonesimulator/HappyBear.app/PlugIns --scan-folder /Users/senaca/Library/Developer/Xcode/DerivedData/AudiobookPlayer-aqutoaiklelvyvayxmjgbonardxy/Build/Products/Debug-iphonesimulator/HappyBear.app/SystemExtensions --scan-folder /Users/senaca/Library/Developer/Xcode/DerivedData/AudiobookPlayer-aqutoaiklelvyvayxmjgbonardxy/Build/Products/Debug-iphonesimulator/HappyBear.app/Extensions --scan-folder /Applications/Xcode.app/Contents/Developer/Platforms/iPhoneSimulator.platform/Developer/SDKs/iPhoneSimulator26.0.sdk/System/Library/Frameworks/AVFoundation.framework --platform iphonesimulator --toolchain /Applications/Xcode.app/Contents/Developer/Toolchains/XcodeDefault.xctoolchain --destination /Users/senaca/Library/Developer/Xcode/DerivedData/AudiobookPlayer-aqutoaiklelvyvayxmjgbonardxy/Build/Products/Debug-iphonesimulator/HappyBear.app/Frameworks --strip-bitcode --strip-bitcode-tool /Applications/Xcode.app/Contents/Developer/Toolchains/XcodeDefault.xctoolchain/usr/bin/bitcode_strip --emit-dependency-info /Users/senaca/Library/Developer/Xcode/DerivedData/AudiobookPlayer-aqutoaiklelvyvayxmjgbonardxy/Build/Intermediates.noindex/AudiobookPlayer.build/Debug-iphonesimulator/AudiobookPlayer.build/SwiftStdLibToolInputDependencies.dep --filter-for-swift-os

ExtractAppIntentsMetadata (in target 'AudiobookPlayer' from project 'AudiobookPlayer')
    cd /Users/senaca/projects/audiobook-player
    /Applications/Xcode.app/Contents/Developer/Toolchains/XcodeDefault.xctoolchain/usr/bin/appintentsmetadataprocessor --toolchain-dir /Applications/Xcode.app/Contents/Developer/Toolchains/XcodeDefault.xctoolchain --module-name HappyBear --sdk-root /Applications/Xcode.app/Contents/Developer/Platforms/iPhoneSimulator.platform/Developer/SDKs/iPhoneSimulator26.0.sdk --xcode-version 17A400 --platform-family iOS --deployment-target 17.6 --bundle-identifier com.wdh.happyBear --output /Users/senaca/Library/Developer/Xcode/DerivedData/AudiobookPlayer-aqutoaiklelvyvayxmjgbonardxy/Build/Products/Debug-iphonesimulator/HappyBear.app --target-triple arm64-apple-ios17.6-simulator --binary-file /Users/senaca/Library/Developer/Xcode/DerivedData/AudiobookPlayer-aqutoaiklelvyvayxmjgbonardxy/Build/Products/Debug-iphonesimulator/HappyBear.app/HappyBear --dependency-file /Users/senaca/Library/Developer/Xcode/DerivedData/AudiobookPlayer-aqutoaiklelvyvayxmjgbonardxy/Build/Intermediates.noindex/AudiobookPlayer.build/Debug-iphonesimulator/AudiobookPlayer.build/Objects-normal/arm64/HappyBear_dependency_info.dat --stringsdata-file /Users/senaca/Library/Developer/Xcode/DerivedData/AudiobookPlayer-aqutoaiklelvyvayxmjgbonardxy/Build/Intermediates.noindex/AudiobookPlayer.build/Debug-iphonesimulator/AudiobookPlayer.build/Objects-normal/arm64/ExtractedAppShortcutsMetadata.stringsdata --source-file-list /Users/senaca/Library/Developer/Xcode/DerivedData/AudiobookPlayer-aqutoaiklelvyvayxmjgbonardxy/Build/Intermediates.noindex/AudiobookPlayer.build/Debug-iphonesimulator/AudiobookPlayer.build/Objects-normal/arm64/HappyBear.SwiftFileList --metadata-file-list /Users/senaca/Library/Developer/Xcode/DerivedData/AudiobookPlayer-aqutoaiklelvyvayxmjgbonardxy/Build/Intermediates.noindex/AudiobookPlayer.build/Debug-iphonesimulator/AudiobookPlayer.build/HappyBear.DependencyMetadataFileList --static-metadata-file-list /Users/senaca/Library/Developer/Xcode/DerivedData/AudiobookPlayer-aqutoaiklelvyvayxmjgbonardxy/Build/Intermediates.noindex/AudiobookPlayer.build/Debug-iphonesimulator/AudiobookPlayer.build/HappyBear.DependencyStaticMetadataFileList --swift-const-vals-list /Users/senaca/Library/Developer/Xcode/DerivedData/AudiobookPlayer-aqutoaiklelvyvayxmjgbonardxy/Build/Intermediates.noindex/AudiobookPlayer.build/Debug-iphonesimulator/AudiobookPlayer.build/Objects-normal/arm64/HappyBear.SwiftConstValuesFileList --compile-time-extraction --deployment-aware-processing --validate-assistant-intents --no-app-shortcuts-localization
2025-11-27 00:36:22.777 appintentsmetadataprocessor[51072:8478659] Starting appintentsmetadataprocessor export
2025-11-27 00:36:22.780 appintentsmetadataprocessor[51072:8478659] warning: Metadata extraction skipped. No AppIntents.framework dependency found.

AppIntentsSSUTraining (in target 'AudiobookPlayer' from project 'AudiobookPlayer')
    cd /Users/senaca/projects/audiobook-player
    /Applications/Xcode.app/Contents/Developer/Toolchains/XcodeDefault.xctoolchain/usr/bin/appintentsnltrainingprocessor --infoplist-path /Users/senaca/Library/Developer/Xcode/DerivedData/AudiobookPlayer-aqutoaiklelvyvayxmjgbonardxy/Build/Products/Debug-iphonesimulator/HappyBear.app/Info.plist --temp-dir-path /Users/senaca/Library/Developer/Xcode/DerivedData/AudiobookPlayer-aqutoaiklelvyvayxmjgbonardxy/Build/Intermediates.noindex/AudiobookPlayer.build/Debug-iphonesimulator/AudiobookPlayer.build/ssu --bundle-id com.wdh.happyBear --product-path /Users/senaca/Library/Developer/Xcode/DerivedData/AudiobookPlayer-aqutoaiklelvyvayxmjgbonardxy/Build/Products/Debug-iphonesimulator/HappyBear.app --extracted-metadata-path /Users/senaca/Library/Developer/Xcode/DerivedData/AudiobookPlayer-aqutoaiklelvyvayxmjgbonardxy/Build/Products/Debug-iphonesimulator/HappyBear.app/Metadata.appintents --metadata-file-list /Users/senaca/Library/Developer/Xcode/DerivedData/AudiobookPlayer-aqutoaiklelvyvayxmjgbonardxy/Build/Intermediates.noindex/AudiobookPlayer.build/Debug-iphonesimulator/AudiobookPlayer.build/HappyBear.DependencyMetadataFileList --archive-ssu-assets
2025-11-27 00:36:22.801 appintentsnltrainingprocessor[51073:8478660] Parsing options for appintentsnltrainingprocessor
2025-11-27 00:36:22.801 appintentsnltrainingprocessor[51073:8478660] No AppShortcuts found - Skipping.

CodeSign /Users/senaca/Library/Developer/Xcode/DerivedData/AudiobookPlayer-aqutoaiklelvyvayxmjgbonardxy/Build/Products/Debug-iphonesimulator/HappyBear.app/HappyBear.debug.dylib (in target 'AudiobookPlayer' from project 'AudiobookPlayer')
    cd /Users/senaca/projects/audiobook-player
    
    Signing Identity:     "Sign to Run Locally"
    
    /usr/bin/codesign --force --sign - --timestamp\=none --generate-entitlement-der /Users/senaca/Library/Developer/Xcode/DerivedData/AudiobookPlayer-aqutoaiklelvyvayxmjgbonardxy/Build/Products/Debug-iphonesimulator/HappyBear.app/HappyBear.debug.dylib

CodeSign /Users/senaca/Library/Developer/Xcode/DerivedData/AudiobookPlayer-aqutoaiklelvyvayxmjgbonardxy/Build/Products/Debug-iphonesimulator/HappyBear.app/__preview.dylib (in target 'AudiobookPlayer' from project 'AudiobookPlayer')
    cd /Users/senaca/projects/audiobook-player
    
    Signing Identity:     "Sign to Run Locally"
    
    /usr/bin/codesign --force --sign - --timestamp\=none --generate-entitlement-der /Users/senaca/Library/Developer/Xcode/DerivedData/AudiobookPlayer-aqutoaiklelvyvayxmjgbonardxy/Build/Products/Debug-iphonesimulator/HappyBear.app/__preview.dylib

CodeSign /Users/senaca/Library/Developer/Xcode/DerivedData/AudiobookPlayer-aqutoaiklelvyvayxmjgbonardxy/Build/Products/Debug-iphonesimulator/HappyBear.app (in target 'AudiobookPlayer' from project 'AudiobookPlayer')
    cd /Users/senaca/projects/audiobook-player
    
    Signing Identity:     "Sign to Run Locally"
    
    /usr/bin/codesign --force --sign - --entitlements /Users/senaca/Library/Developer/Xcode/DerivedData/AudiobookPlayer-aqutoaiklelvyvayxmjgbonardxy/Build/Intermediates.noindex/AudiobookPlayer.build/Debug-iphonesimulator/AudiobookPlayer.build/HappyBear.app.xcent --timestamp\=none --generate-entitlement-der /Users/senaca/Library/Developer/Xcode/DerivedData/AudiobookPlayer-aqutoaiklelvyvayxmjgbonardxy/Build/Products/Debug-iphonesimulator/HappyBear.app

RegisterExecutionPolicyException /Users/senaca/Library/Developer/Xcode/DerivedData/AudiobookPlayer-aqutoaiklelvyvayxmjgbonardxy/Build/Products/Debug-iphonesimulator/HappyBear.app (in target 'AudiobookPlayer' from project 'AudiobookPlayer')
    cd /Users/senaca/projects/audiobook-player
    builtin-RegisterExecutionPolicyException /Users/senaca/Library/Developer/Xcode/DerivedData/AudiobookPlayer-aqutoaiklelvyvayxmjgbonardxy/Build/Products/Debug-iphonesimulator/HappyBear.app

Validate /Users/senaca/Library/Developer/Xcode/DerivedData/AudiobookPlayer-aqutoaiklelvyvayxmjgbonardxy/Build/Products/Debug-iphonesimulator/HappyBear.app (in target 'AudiobookPlayer' from project 'AudiobookPlayer')
    cd /Users/senaca/projects/audiobook-player
    builtin-validationUtility /Users/senaca/Library/Developer/Xcode/DerivedData/AudiobookPlayer-aqutoaiklelvyvayxmjgbonardxy/Build/Products/Debug-iphonesimulator/HappyBear.app -shallow-bundle -infoplist-subpath Info.plist

Touch /Users/senaca/Library/Developer/Xcode/DerivedData/AudiobookPlayer-aqutoaiklelvyvayxmjgbonardxy/Build/Products/Debug-iphonesimulator/HappyBear.app (in target 'AudiobookPlayer' from project 'AudiobookPlayer')
    cd /Users/senaca/projects/audiobook-player
    /usr/bin/touch -c /Users/senaca/Library/Developer/Xcode/DerivedData/AudiobookPlayer-aqutoaiklelvyvayxmjgbonardxy/Build/Products/Debug-iphonesimulator/HappyBear.app

** BUILD SUCCEEDED **

